standard_item_id,canonical_name,observation_date,year_month,merchant_cnpj,uom_com,qty_com,unit_price_com,comparable_price,is_comparable
6f3089235e5468e7,GOMA DE MANDIOCA DATERRA 1KG,2025-04-23 20:43:42,2025-04,08.189.400/0001-07,UN,1.0,5.99,5.99,True
ed9bbfa5e0d94fe4,BISCOITO MARILAN CREAM CRACKER 350G MANTEIGA,2025-04-23 20:43:42,2025-04,08.189.400/0001-07,UN,1.0,7.29,20.82857142857143,True
e3e2f477c2714306,BISCOITO MARILAN LEITE 350G,2025-04-23 20:43:42,2025-04,08.189.400/0001-07,UN,1.0,5.39,15.4,True
458225dc7ab3e4f0,PAO BAUDUCO 390G FORMA INTEGRAL,2025-04-23 20:43:42,2025-04,08.189.400/0001-07,UN,1.0,11.99,30.743589743589745,True
458225dc7ab3e4f0,PAO BAUDUCO 390G FORMA INTEGRAL,2025-04-23 20:43:42,2025-04,08.189.400/0001-07,UN,1.0,11.99,30.743589743589745,True
6a3413ddf213582a,BOLO LITORAL MACAXEIRA KG,2025-04-23 20:43:42,2025-04,08.189.400/0001-07,UN,0.566,29.9,29.9,True
126a809046c59bdd,MAGIC TOAST MARILAN 110G INTEGRAL,2025-04-23 20:43:42,2025-04,08.189.400/0001-07,UN,1.0,6.69,60.81818181818182,True
6e1822f859a56a34,GRAO DE BICO HIKARI 500G,2025-04-23 20:43:42,2025-04,08.189.400/0001-07,UN,1.0,13.99,27.98,True
6e1822f859a56a34,GRAO DE BICO HIKARI 500G,2025-04-23 20:43:42,2025-04,08.189.400/0001-07,UN,1.0,13.99,27.98,True
3b3297a599544b0a,FARINHA DE MAND.KIFARINHA QUEB.1KG,2025-04-23 20:43:42,2025-04,08.189.400/0001-07,UN,1.0,7.49,7.49,True
ed9bbfa5e0d94fe4,BISCOITO MARILAN CREAM CRACKER 350G MANTEIGA,2025-04-23 20:43:42,2025-04,08.189.400/0001-07,UN,1.0,7.29,20.82857142857143,True
9b0c1a5859e3ae9d,ARROZ TIO JOAO 1KG POLIDO,2025-04-23 20:43:42,2025-04,08.189.400/0001-07,UN,1.0,8.29,8.29,True
9b0c1a5859e3ae9d,ARROZ TIO JOAO 1KG POLIDO,2025-04-23 20:43:42,2025-04,08.189.400/0001-07,UN,1.0,8.29,8.29,True
9b0c1a5859e3ae9d,ARROZ TIO JOAO 1KG POLIDO,2025-04-23 20:43:42,2025-04,08.189.400/0001-07,UN,1.0,8.29,8.29,True
cd340d8fc9f14ba8,BANANA PRATA KG,2025-04-23 20:43:42,2025-04,08.189.400/0001-07,KG,0.43,5.99,5.99,True
492aab44e000822d,BANANA PACOVAN KG,2025-04-23 20:43:42,2025-04,08.189.400/0001-07,KG,0.805,5.99,5.99,True
4f49127eba2affe0,ALFACE AMERICANA 2MFC EM BOLA UNIDADE,2025-04-23 20:43:42,2025-04,08.189.400/0001-07,UN,1.0,6.99,6.99,True
fadc1a233c829d8d,RUCULA 2MFC UNIDADE,2025-04-23 20:43:42,2025-04,08.189.400/0001-07,UN,1.0,3.99,3.99,True
384b96264cf98dec,CARA SAO TOME KG,2025-04-23 20:43:42,2025-04,08.189.400/0001-07,UN,1.035,6.99,6.99,True
2089164b9c0e3347,INHAME KG,2025-04-23 20:43:42,2025-04,08.189.400/0001-07,UN,1.71,13.99,13.99,True
cd340d8fc9f14ba8,BANANA PRATA KG,2025-04-23 20:43:42,2025-04,08.189.400/0001-07,KG,0.455,5.99,5.99,True
436e946ba577482b,CEBOLINHA 2MFC UNIDADE,2025-04-23 20:43:42,2025-04,08.189.400/0001-07,UN,1.0,3.99,3.99,True
82d9853d695c0886,CHEIRO VERDE 2MFC UNIDADE,2025-04-23 20:43:42,2025-04,08.189.400/0001-07,UN,1.0,3.99,3.99,True
6f596bf49b51e058,PEPINO JAPONES KG,2025-04-23 20:43:42,2025-04,08.189.400/0001-07,UN,0.338,6.99,6.99,True
b79086211ca72044,COENTRO 2MFC UNIDADE,2025-04-23 20:43:42,2025-04,08.189.400/0001-07,UN,1.0,3.99,3.99,True
db70865cebd0d838,MAGIC TOAST MARILAN 110G ORIGINAL,2025-04-23 20:43:42,2025-04,08.189.400/0001-07,UN,1.0,6.69,60.81818181818182,True
2ea3214b916cbcbd,BATATA DOCE ROSADA KG,2025-04-23 20:43:42,2025-04,08.189.400/0001-07,KG,1.06,4.99,4.99,True
f269d6468dbb1f4f,REPOLHO ROXO KG,2025-04-23 20:43:42,2025-04,08.189.400/0001-07,UN,0.387,9.99,9.99,True
bf70a933b97e4bcc,PERA ROCHA PICK E NICKY 1KG,2025-04-23 20:43:42,2025-04,08.189.400/0001-07,UN,1.0,24.99,24.99,True
8237a826996fac9c,REPOLHO LISO KG,2025-04-23 20:43:42,2025-04,08.189.400/0001-07,KG,0.89,5.99,5.99,True
801629231c8ed70d,VAGEM KG,2025-04-23 20:43:42,2025-04,08.189.400/0001-07,UN,0.38,23.39,23.39,True
a2f39b14ff4c0b01,CEBOLA BRANCA KG,2025-04-23 20:43:42,2025-04,08.189.400/0001-07,KG,1.165,4.99,4.99,True
cad1bfb332ca89e8,CENOURA KG,2025-04-23 20:43:42,2025-04,08.189.400/0001-07,KG,1.27,3.99,3.99,True
c57e5582e12046dc,MANTEIGA NATVILLE 500G CSAL POTE,2025-04-23 20:43:42,2025-04,08.189.400/0001-07,UN,1.0,23.49,46.98,True
8316820c4c0d7333,ALHO ESTRELA 200G,2025-04-23 20:43:42,2025-04,08.189.400/0001-07,UN,1.0,8.99,44.95,True
3258375c368ebb11,LEITE FERMENTADO BETANIA DESN.850G ADOCADO,2025-04-23 20:43:42,2025-04,08.189.400/0001-07,UN,1.0,13.79,16.223529411764705,True
6b16f2da275f989c,RABO BOVINO KG,2025-04-23 20:43:42,2025-04,08.189.400/0001-07,KG,0.368,33.99,33.99,True
869fc43694cae018,IOG.NESTLE NINHO 540G POLPA 3 SABORES,2025-04-23 20:43:42,2025-04,08.189.400/0001-07,UN,1.0,9.39,17.38888888888889,True
c2cbe7463cfdefde,FLOCAO DE MILHO VITAMILHO 500G,2025-04-23 20:43:42,2025-04,08.189.400/0001-07,UN,3.0,1.43,2.86,True
4a534f5772043636,CONFEITOS MMS 45G CHOC.AO LEITE,2025-04-23 20:43:42,2025-04,08.189.400/0001-07,UN,1.0,5.39,119.77777777777776,True
4a534f5772043636,CONFEITOS MMS 45G CHOC.AO LEITE,2025-04-23 20:43:42,2025-04,08.189.400/0001-07,UN,1.0,5.39,119.77777777777776,True
4a534f5772043636,CONFEITOS MMS 45G CHOC.AO LEITE,2025-04-23 20:43:42,2025-04,08.189.400/0001-07,UN,1.0,5.39,119.77777777777776,True
bb4b7ff31b3d11d5,SALGADO CROCANTISSIMO 40G SALAMINHO CLIMAO,2025-04-23 20:43:42,2025-04,08.189.400/0001-07,UN,1.0,3.39,84.75,True
6becb982056ea169,SALGADO CROCANTISSIMO 40G QUEIJO E CEBOLA,2025-04-23 20:43:42,2025-04,08.189.400/0001-07,UN,1.0,3.39,84.75,True
bb4b7ff31b3d11d5,SALGADO CROCANTISSIMO 40G SALAMINHO CLIMAO,2025-04-23 20:43:42,2025-04,08.189.400/0001-07,UN,1.0,3.39,84.75,True
c6005b299dbe9942,VINAGRE MINHOTO 750ML MACA.,2025-04-23 20:43:42,2025-04,08.189.400/0001-07,UN,1.0,7.89,10.52,True
317a86d2ceb9311b,LEITE BETANIA 1L INTEGRAL TAMPA ROSCA,2025-04-23 20:43:42,2025-04,08.189.400/0001-07,UN,1.0,6.49,6.49,True
317a86d2ceb9311b,LEITE BETANIA 1L INTEGRAL TAMPA ROSCA,2025-04-23 20:43:42,2025-04,08.189.400/0001-07,UN,1.0,6.49,6.49,True
885e80d8e2e4120a,VINAGRE MINHOTO 500ML TINTO,2025-04-23 20:43:42,2025-04,08.189.400/0001-07,UN,1.0,6.79,13.58,True
934b350bb01c0ae5,MOLHO DE PIMENTA ARUAK 100ML TRINIDAD SCORPION,2025-04-23 20:43:42,2025-04,08.189.400/0001-07,UN,1.0,19.99,199.9,True
0718cbba95677f8a,CASTANHA DE CAJU TORRADO CSAL KG,2025-04-23 20:43:42,2025-04,08.189.400/0001-07,KG,0.156,129.99,129.99,True
5ab9d76ec6429e25,UVA PASSA DOCE MEL RES.GOURMET 150G ESCURA,2025-04-23 20:43:42,2025-04,08.189.400/0001-07,UN,1.0,7.99,53.26666666666667,True
e708c94a9b144f9d,REFRIGERANTE COCA-COLA 220ML LATA,2025-04-23 20:43:42,2025-04,08.189.400/0001-07,UN,1.0,2.49,11.318181818181818,True
81d507f6a6d0a6cf,LARANJA PERA KG,2025-04-23 20:43:42,2025-04,08.189.400/0001-07,KG,4.655,5.39,5.39,True
20b89c1712418e95,"DET.LIQ.INVICTO 1,8L NEUTRO",2025-04-23 20:43:42,2025-04,08.189.400/0001-07,UN,1.0,9.29,5.161111111111111,True
9d600279dfe887ec,AGUA SANITARIA BRILUX 5L,2025-04-23 20:43:42,2025-04,08.189.400/0001-07,UN,1.0,15.39,3.0780000000000003,True
959f62c2c6edb8f3,LAVA ROUPAS BRILUX 3L MULTIACAO COCO,2025-04-23 20:43:42,2025-04,08.189.400/0001-07,UN,1.0,36.99,12.33,True
27b02bbc2cf9562e,DESINFETANTE YPE 5L BAK EUCALIPTO,2025-04-23 20:43:42,2025-04,08.189.400/0001-07,UN,1.0,26.99,5.398,True
1015055ec868efd0,SABAO YPE BARRA MULTIATIVO 10 DESC. 900G 5X180G,2025-04-23 20:43:42,2025-04,08.189.400/0001-07,UN,1.0,15.49,17.211111111111112,True
dff1c4cce00be602,APERITIVO CAMPARI 748ML MILANO,2025-04-23 20:43:42,2025-04,08.189.400/0001-07,UN,1.0,59.99,80.20053475935829,True
5f7beee1f518fe1a,MORT.PERDIGAO BOLOGNA OURO DEF.KG,2025-04-23 20:43:42,2025-04,08.189.400/0001-07,KG,0.518,32.69,32.69,True
ba9f6b845d506374,QUEIJO CATOLE MUSSARELA KG,2025-04-23 20:43:42,2025-04,08.189.400/0001-07,UN,0.51,39.99,39.99,True
cf0bd7b40593eb6c,NEOSALDINA DRG/20 NV,2025-04-22 12:19:34,2025-04,06.626.253/0260-37,UN,1.0,35.8,35.8,True
b59bd25bce3e2e47,COTONETE JJ POTE C/1,2025-04-22 12:19:34,2025-04,06.626.253/0260-37,UN,1.0,14.99,14.99,True
8847ae3e434b1602,CHOC MMS MARROM 45G,2025-04-22 12:19:34,2025-04,06.626.253/0260-37,UN,1.0,5.99,133.11111111111111,True
25a5a67e58d57b91,Ind Peixe no Envelope,2025-04-20 13:12:47,2025-04,06.979.313/0001-10,UN,1.0,53.9,53.9,True
00a12b69ceb01e91,Pizza Grande (2 sabores) - 8 Fatias,2025-04-19 22:25:45,2025-04,38.824.415/0001-52,UN,1.0,88.9,88.9,True
00a12b69ceb01e91,Pizza Grande (2 sabores) - 8 Fatias,2025-04-19 22:25:45,2025-04,38.824.415/0001-52,UN,1.0,100.9,100.9,True
00a12b69ceb01e91,Pizza Grande (2 sabores) - 8 Fatias,2025-04-19 22:25:45,2025-04,38.824.415/0001-52,UN,1.0,96.9,96.9,True
978b7b2548bff29b,D1 PIZZA GRANDE,2025-04-19 20:13:02,2025-04,36.417.867/0001-94,und,1.0,64.0,64.0,True
978b7b2548bff29b,D1 PIZZA GRANDE,2025-04-19 20:13:02,2025-04,36.417.867/0001-94,und,1.0,76.0,76.0,True
978b7b2548bff29b,D1 PIZZA GRANDE,2025-04-19 20:13:02,2025-04,36.417.867/0001-94,und,1.0,76.0,76.0,True
4e7dd5979668750c,TAXA DE ENTREGA,2025-04-19 20:13:02,2025-04,36.417.867/0001-94,UND,1.0,22.0,22.0,True
d33d9bd47be0192e,PALMITO PUPUNHA MARIZA 300G INT COR,2025-04-19 13:24:22,2025-04,08.414.996/0002-74,UN,1.0,16.99,56.63333333333333,True
168e686a35924848,AZEITONA VERDE V FERT VD 200G C PI,2025-04-19 13:24:22,2025-04,08.414.996/0002-74,UN,1.0,16.99,84.94999999999999,True
4dddf8555f940cfe,PICLES TIO PACO VD 200G,2025-04-19 13:24:22,2025-04,08.414.996/0002-74,UN,1.0,8.59,42.95,True
75700ed225cdf3a6,AGUA MIN INDAIA PET 330ML C/GAS,2025-04-19 13:24:22,2025-04,08.414.996/0002-74,UN,1.0,1.99,6.03030303030303,True
840d6e535202ecd6,MILHO TORRADO COND. CAMPO 80G MOSTARDA E MEL,2025-04-19 13:24:22,2025-04,08.414.996/0002-74,UN,1.0,10.99,137.375,True
840d6e535202ecd6,MILHO TORRADO COND. CAMPO 80G MOSTARDA E MEL,2025-04-19 13:24:22,2025-04,08.414.996/0002-74,UN,1.0,10.99,137.375,True
a99d02fa7d0ff539,AMEIXA SECA S CAROCO kg,2025-04-19 13:24:22,2025-04,08.414.996/0002-74,KG,0.214,34.5,34.5,True
67c8df851785c2a5,AMENDOAS SEM CASCA kg,2025-04-19 13:24:22,2025-04,08.414.996/0002-74,KG,0.124,108.9,108.9,True
75700ed225cdf3a6,AGUA MIN INDAIA PET 330ML C/GAS,2025-04-19 13:24:22,2025-04,08.414.996/0002-74,UN,4.0,1.99,6.03030303030303,True
6a50ceac4ca02b40,MOCOTO BOV kg,2025-04-19 13:24:22,2025-04,08.414.996/0002-74,KG,0.752,9.99,9.99,True
b6721ca11da5fce0,QUEIJO MINAS ART CANASTRA M LUA kg,2025-04-19 13:24:22,2025-04,08.414.996/0002-74,KG,0.408,109.9,109.9,True
3cf25c140913ac36,QUEIJO PARMESAO QUATA kg CAPA PRETA,2025-04-19 13:24:22,2025-04,08.414.996/0002-74,KG,0.206,129.9,129.9,True
da48ea9d0049ff4e,QUEIJO AZUL CRUZILIA kg VERSOS DE MINAS,2025-04-19 13:24:22,2025-04,08.414.996/0002-74,KG,0.168,139.9,139.9,True
02ca27b92f5f78bf,COXINHA ASA FGO SADIA PCT 1kg,2025-04-19 13:24:22,2025-04,08.414.996/0002-74,UN,1.0,24.99,24.99,True
86be0375d1d3bc86,REFRI COCA COLA PET 250ML ZERO,2025-04-19 13:24:22,2025-04,08.414.996/0002-74,UN,1.0,2.39,9.56,True
86be0375d1d3bc86,REFRI COCA COLA PET 250ML ZERO,2025-04-19 13:24:22,2025-04,08.414.996/0002-74,UN,1.0,2.39,9.56,True
110590cad9becd59,REFRIGERANTE COCA COLA PET 250ML,2025-04-19 13:24:22,2025-04,08.414.996/0002-74,UN,1.0,2.49,9.96,True
86be0375d1d3bc86,REFRI COCA COLA PET 250ML ZERO,2025-04-19 13:24:22,2025-04,08.414.996/0002-74,UN,1.0,2.39,9.56,True
86be0375d1d3bc86,REFRI COCA COLA PET 250ML ZERO,2025-04-19 13:24:22,2025-04,08.414.996/0002-74,UN,1.0,2.39,9.56,True
110590cad9becd59,REFRIGERANTE COCA COLA PET 250ML,2025-04-19 13:24:22,2025-04,08.414.996/0002-74,UN,1.0,2.49,9.96,True
341f24824dc82a1a,REFRI COCA COLA PET 1L ZERO,2025-04-19 13:24:22,2025-04,08.414.996/0002-74,UN,1.0,6.49,6.49,True
b036a14ed9eed844,REFRI COCA COLA PET 1L,2025-04-19 13:24:22,2025-04,08.414.996/0002-74,UN,1.0,6.79,6.79,True
7a3b069ce81169dc,AGUA TONICA ANTARCTICA LT 350ML,2025-04-19 13:24:22,2025-04,08.414.996/0002-74,UN,1.0,2.99,8.542857142857144,True
9b4d479a89a8183b,BEBIDA ISOT GATORADE PT 500ML MORAN MARAC,2025-04-19 13:24:22,2025-04,08.414.996/0002-74,UN,1.0,5.99,11.98,True
da30059c76568a00,VINHO CHI STA RITA 750ML 120 RES ESP CARMENERE,2025-04-19 13:24:22,2025-04,08.414.996/0002-74,UN,1.0,39.9,53.2,True
44f2e5067d66f595,VINHO POR CASAL GARCIA 750ML BRANC,2025-04-19 13:24:22,2025-04,08.414.996/0002-74,UN,1.0,49.99,66.65333333333334,True
44f2e5067d66f595,VINHO POR CASAL GARCIA 750ML BRANC,2025-04-19 13:24:22,2025-04,08.414.996/0002-74,UN,1.0,49.99,66.65333333333334,True
da30059c76568a00,VINHO CHI STA RITA 750ML 120 RES ESP CARMENERE,2025-04-19 13:24:22,2025-04,08.414.996/0002-74,UN,1.0,39.9,53.2,True
229b7d692e059ea2,WHISKY J WALKER GF 750ML GREEN LABEL,2025-04-19 13:24:22,2025-04,08.414.996/0002-74,UN,1.0,529.9,706.5333333333333,True
62d72f7638688fc9,LIMAO TAHITI kg,2025-04-19 13:24:22,2025-04,08.414.996/0002-74,KG,0.52,3.59,3.59,True
a15b54d5297c5567,COCO SECO UND,2025-04-19 13:24:22,2025-04,08.414.996/0002-74,UN,1.0,5.99,5.99,True
25a5a67e58d57b91,Ind Peixe no Envelope,2025-04-13 13:44:55,2025-04,06.979.313/0001-10,UN,1.0,53.9,53.9,True
086376d616d40140,Coca Cola 1L,2025-04-13 13:44:55,2025-04,06.979.313/0001-10,UN,1.0,13.0,13.0,True
9250c2201813ee89,PEIXE SARDINHA CONG.LAJE 1KG,2025-04-08 20:13:39,2025-04,08.189.400/0001-07,UN,8.0,16.89,16.89,True
0effab0c38fa296d,PEIXE MANJUBA INTEIRO CONG 800G,2025-04-08 20:13:39,2025-04,08.189.400/0001-07,UN,1.0,20.99,26.2375,True
4a534f5772043636,CONFEITOS MMS 45G CHOC.AO LEITE,2025-04-08 20:13:39,2025-04,08.189.400/0001-07,UN,1.0,5.39,119.77777777777776,True
82d9853d695c0886,CHEIRO VERDE 2MFC UNIDADE,2025-04-08 20:13:39,2025-04,08.189.400/0001-07,UN,1.0,3.99,3.99,True
7e87a542568272ea,COUVE FOLHA 2MFC UNIDADE,2025-04-08 20:13:39,2025-04,08.189.400/0001-07,UN,1.0,3.99,3.99,True
5ab9d76ec6429e25,UVA PASSA DOCE MEL RES.GOURMET 150G ESCURA,2025-04-08 20:13:39,2025-04,08.189.400/0001-07,UN,1.0,7.99,53.26666666666667,True
cd340d8fc9f14ba8,BANANA PRATA KG,2025-04-08 20:13:39,2025-04,08.189.400/0001-07,KG,0.84,7.49,7.49,True
7e87a542568272ea,COUVE FOLHA 2MFC UNIDADE,2025-04-08 20:13:39,2025-04,08.189.400/0001-07,UN,1.0,3.99,3.99,True
4ab70865611936ad,BETERRABA KG,2025-04-08 20:13:39,2025-04,08.189.400/0001-07,KG,1.355,6.39,6.39,True
cad1bfb332ca89e8,CENOURA KG,2025-04-08 20:13:39,2025-04,08.189.400/0001-07,KG,1.5,6.99,6.99,True
20eb6437edb6ed19,COENTRO HSV ORGANICO UN,2025-04-08 20:13:39,2025-04,08.189.400/0001-07,UN,1.0,5.59,5.59,True
984ba1cfd39c0dde,TOMATE BOMBOM BANDEJA,2025-04-08 20:13:39,2025-04,08.189.400/0001-07,UN,1.0,6.99,6.99,True
4f49127eba2affe0,ALFACE AMERICANA 2MFC EM BOLA UNIDADE,2025-04-08 20:13:39,2025-04,08.189.400/0001-07,UN,1.0,6.99,6.99,True
c9ab8fd6a5ad42f1,UVA DOCE MEL LEVISSA 500G THOMPSON,2025-04-08 20:13:39,2025-04,08.189.400/0001-07,UN,1.0,11.49,22.98,True
6eb9ef2100a46234,MELAO ESPANHOL KG,2025-04-08 20:13:39,2025-04,08.189.400/0001-07,KG,1.281,5.99,5.99,True
1467036c46c2acee,BEBIDA LACTEA ISIS 900G MORANGO,2025-04-08 20:13:39,2025-04,08.189.400/0001-07,UN,1.0,6.29,6.988888888888889,True
0d5b8935a0253d3e,BEBIDA LACTEA ISIS 900G BANANA COM MACA,2025-04-08 20:13:39,2025-04,08.189.400/0001-07,UN,1.0,6.29,6.988888888888889,True
e365511e609bf0d5,REQUEIJAO CATUPIRY COPOCREAM LIGHT 200G,2025-04-08 20:13:39,2025-04,08.189.400/0001-07,UN,1.0,8.89,44.45,True
09405243568c08db,REQUEIJAO CATUPIRY 180G AZEITONAS PRETAS,2025-04-08 20:13:39,2025-04,08.189.400/0001-07,UN,1.0,8.99,49.94444444444445,True
6ce51e6aed60bf9b,BISCOITO MARILAN CRACKER INTEGRAL 365GR,2025-04-08 20:13:39,2025-04,08.189.400/0001-07,UN,1.0,7.29,7.29,True
ed9bbfa5e0d94fe4,BISCOITO MARILAN CREAM CRACKER 350G MANTEIGA,2025-04-08 20:13:39,2025-04,08.189.400/0001-07,UN,1.0,7.29,20.82857142857143,True
de1ddecbf2d19197,PAO BAUDUCO 390G FORMA TRADICIONAL,2025-04-08 20:13:39,2025-04,08.189.400/0001-07,UN,1.0,10.69,27.41025641025641,True
de1ddecbf2d19197,PAO BAUDUCO 390G FORMA TRADICIONAL,2025-04-08 20:13:39,2025-04,08.189.400/0001-07,UN,1.0,10.69,27.41025641025641,True
5eb245bf605082d0,AVEIA NATUQUALY 250G EM FLOCOS FINOS SACHE,2025-04-08 20:13:39,2025-04,08.189.400/0001-07,UN,5.0,1.99,7.96,True
6fcce2b7c61c23ab,AVEIA NATUQUALY 250G EM FLOCOS GROSSOS SACHE,2025-04-08 20:13:39,2025-04,08.189.400/0001-07,UN,1.0,3.19,12.76,True
226a6ae7bda6c06b,AMIDO DE MILHO MAIZENA 200G,2025-04-08 20:13:39,2025-04,08.189.400/0001-07,UN,1.0,4.99,24.95,True
5eb245bf605082d0,AVEIA NATUQUALY 250G EM FLOCOS FINOS SACHE,2025-04-08 20:13:39,2025-04,08.189.400/0001-07,UN,2.0,1.99,7.96,True
6c31ce625dc4ccf0,CAFE SANTA CLARA 250G CLASSICO ALMOFADA,2025-04-08 20:13:39,2025-04,08.189.400/0001-07,UN,1.0,14.99,59.96,True
6c31ce625dc4ccf0,CAFE SANTA CLARA 250G CLASSICO ALMOFADA,2025-04-08 20:13:39,2025-04,08.189.400/0001-07,UN,1.0,14.99,59.96,True
063a19e63de2d765,GRAO DE BICO YOKI 400G,2025-04-08 20:13:39,2025-04,08.189.400/0001-07,UN,1.0,9.39,23.475,True
a026bdd40cb0157f,BICARBONATO DE SODIO HIKARI 500G,2025-04-08 20:13:39,2025-04,08.189.400/0001-07,UN,1.0,16.99,33.98,True
73155f502a773304,MACARRAO FORTALEZA 400G CSEMOLA ESPAGUETE  MAIS,2025-04-08 20:13:39,2025-04,08.189.400/0001-07,UN,1.0,4.99,12.475,True
9b0c1a5859e3ae9d,ARROZ TIO JOAO 1KG POLIDO,2025-04-08 20:13:39,2025-04,08.189.400/0001-07,UN,1.0,7.29,7.29,True
9b0c1a5859e3ae9d,ARROZ TIO JOAO 1KG POLIDO,2025-04-08 20:13:39,2025-04,08.189.400/0001-07,UN,1.0,7.29,7.29,True
063a19e63de2d765,GRAO DE BICO YOKI 400G,2025-04-08 20:13:39,2025-04,08.189.400/0001-07,UN,1.0,9.39,23.475,True
6fcce2b7c61c23ab,AVEIA NATUQUALY 250G EM FLOCOS GROSSOS SACHE,2025-04-08 20:13:39,2025-04,08.189.400/0001-07,UN,1.0,3.19,12.76,True
895e43a3bf0ef3d5,FEIJAO KICALDO 1KG CARIOCA,2025-04-08 20:13:39,2025-04,08.189.400/0001-07,UN,1.0,8.79,8.79,True
6ffc2875b13518a9,FARINHA DE MAND.FOLHA VERDE 1KG AMARELA,2025-04-08 20:13:39,2025-04,08.189.400/0001-07,UN,1.0,6.29,6.29,True
4159695b67ea3e8d,ACUCAR UNIAO 1KG REFINADO,2025-04-08 20:13:39,2025-04,08.189.400/0001-07,UN,1.0,7.19,7.19,True
6fcce2b7c61c23ab,AVEIA NATUQUALY 250G EM FLOCOS GROSSOS SACHE,2025-04-08 20:13:39,2025-04,08.189.400/0001-07,UN,1.0,3.19,12.76,True
7a29d99023803d37,FLOCAO DE MILHO NOVOMILHO 500G,2025-04-08 20:13:39,2025-04,08.189.400/0001-07,UN,1.0,1.79,3.58,True
7a29d99023803d37,FLOCAO DE MILHO NOVOMILHO 500G,2025-04-08 20:13:39,2025-04,08.189.400/0001-07,UN,1.0,1.79,3.58,True
32d2661c0edfae94,CONFEITOS MMS 148G CHOCOLATE AO LEITE,2025-04-08 20:13:39,2025-04,08.189.400/0001-07,UN,1.0,14.99,101.2837837837838,True
75dd3891ef3fa427,PACOQUITA STA.HELENA 150G ROLHA,2025-04-08 20:13:39,2025-04,08.189.400/0001-07,UN,1.0,10.49,69.93333333333334,True
c48308496cbe7cdb,LEITE FERM.DANONE ACTIVIA 450G,2025-04-08 20:13:39,2025-04,08.189.400/0001-07,UN,1.0,9.99,22.2,True
47ae8d94a7d567ff,SAL LEBRE PCHURRASCO 1KG,2025-04-08 20:13:39,2025-04,08.189.400/0001-07,UN,2.0,2.19,2.19,True
79c5e503193af765,QUEIJO ILPLA COALHO NATURAL KG,2025-04-08 20:13:39,2025-04,08.189.400/0001-07,UN,0.302,50.99,50.99,True
79c5e503193af765,QUEIJO ILPLA COALHO NATURAL KG,2025-04-08 20:13:39,2025-04,08.189.400/0001-07,UN,0.396,50.99,50.99,True
317a86d2ceb9311b,LEITE BETANIA 1L INTEGRAL TAMPA ROSCA,2025-04-08 20:13:39,2025-04,08.189.400/0001-07,UN,1.0,6.49,6.49,True
317a86d2ceb9311b,LEITE BETANIA 1L INTEGRAL TAMPA ROSCA,2025-04-08 20:13:39,2025-04,08.189.400/0001-07,UN,1.0,6.49,6.49,True
08442cdd0372a88a,QUEENSBERRY CLASSIC 320G MORANGO,2025-04-08 20:13:39,2025-04,08.189.400/0001-07,UN,1.0,25.99,81.21875,True
b91a8b127dfac9c0,AZEITE DE OLIVA GALLO 500ML VD EXT.VIRGEM,2025-04-08 20:13:39,2025-04,08.189.400/0001-07,UN,1.0,45.99,91.98,True
d77ae20c2f284d05,LICOR JAGERMEISTER 700ML,2025-04-08 20:13:39,2025-04,08.189.400/0001-07,UN,1.0,127.99,182.8428571428572,True
a5c8a2d1643e939c,MOLHO AJI-NO-SHOYO 150ML,2025-04-08 20:13:39,2025-04,08.189.400/0001-07,UN,1.0,4.39,29.266666666666666,True
a952cc9136dc73d2,TALCO PPES BARLA 80G,2025-04-08 20:13:39,2025-04,08.189.400/0001-07,UN,1.0,5.29,66.125,True
d5fe02e1a7b25ded,DESODORANTE AEROSOL REXONA MEN TUNING V8 89G150ML,2025-04-08 20:13:39,2025-04,08.189.400/0001-07,UN,1.0,16.99,113.26666666666668,True
e8c0ebdff8320ef4,DESODORANTE AEROSOL AXE MARINE 152ML90G,2025-04-08 20:13:39,2025-04,08.189.400/0001-07,UN,1.0,12.99,144.33333333333334,True
160665e0c2b9a09b,LIMPA VIDROS BRILUX CRISTALINO REFIL 500ML,2025-04-08 20:13:39,2025-04,08.189.400/0001-07,UN,1.0,9.99,19.98,True
bc4ff31fba20a5c6,COPO DESC.COPOBRAS CFT-250 250ML,2025-04-08 20:13:39,2025-04,08.189.400/0001-07,UN,1.0,8.99,35.96,True
0b3498d39a4cc444,INSETICIDA SBP AERO LV MAIS PG MENOS 450ML EUCALIP,2025-04-08 20:13:39,2025-04,08.189.400/0001-07,UN,1.0,17.39,38.644444444444446,True
0b3498d39a4cc444,INSETICIDA SBP AERO LV MAIS PG MENOS 450ML EUCALIP,2025-04-08 20:13:39,2025-04,08.189.400/0001-07,UN,1.0,17.39,38.644444444444446,True
9c52dd71c1b569dc,ALCOOL EM GEL SANTA CRUZ 430G 70INPM,2025-04-08 20:13:39,2025-04,08.189.400/0001-07,UN,1.0,7.89,18.348837209302324,True
41dcee0c970ccb9c,PAPEL HIG.NEVE NEUTRO C12 30MT LV12 PG11 NEUTRO,2025-04-08 20:13:39,2025-04,08.189.400/0001-07,UN,1.0,18.99,18.99,True
5a44c097a6e02e1d,TOALHA DE PAPEL SCALA BRANCO F.DUPLA C2,2025-04-08 20:13:39,2025-04,08.189.400/0001-07,UN,1.0,5.79,5.79,True
d6390cdf782a0f55,PRENDEDOR DE ROUPA PARANA EMBORRACHADO C12,2025-04-08 20:13:39,2025-04,08.189.400/0001-07,UN,1.0,11.59,11.59,True
04042a5aa7c6484a,OVOS AVINE EXTRA C30 BRANCO,2025-04-08 20:13:39,2025-04,08.189.400/0001-07,UN,2.0,26.99,26.99,True
f79cc5546cb67b48,VASSOURA PLANETA LEQUE EXPORT N.04,2025-04-08 20:13:39,2025-04,08.189.400/0001-07,UN,1.0,25.99,25.99,True
bfbe82025f7b8735,CANJICA DE MILHO OKOSHI CSAL 40G,2025-04-08 20:13:39,2025-04,08.189.400/0001-07,UN,1.0,4.99,124.75,True
e5358b8e010eb2fc,MORTADELA SEARA GOURMET DEFUMADA KG,2025-04-08 20:13:39,2025-04,08.189.400/0001-07,UN,0.562,25.9,25.9,True
ba9f6b845d506374,QUEIJO CATOLE MUSSARELA KG,2025-04-08 20:13:39,2025-04,08.189.400/0001-07,UN,0.534,41.99,41.99,True
25a5a67e58d57b91,Ind Peixe no Envelope,2025-04-06 13:48:08,2025-04,06.979.313/0001-10,UN,1.0,53.9,53.9,True
25a5a67e58d57b91,Ind Peixe no Envelope,2025-03-30 12:49:39,2025-03,06.979.313/0001-10,UN,1.0,53.9,53.9,True
086376d616d40140,Coca Cola 1L,2025-03-30 12:49:39,2025-03,06.979.313/0001-10,UN,1.0,13.0,13.0,True
04042a5aa7c6484a,OVOS AVINE EXTRA C30 BRANCO,2025-03-25 20:32:09,2025-03,08.189.400/0001-07,UN,1.0,27.99,27.99,True
cad1bfb332ca89e8,CENOURA KG,2025-03-25 20:32:09,2025-03,08.189.400/0001-07,KG,1.425,7.99,7.99,True
ee68707e1099fc41,JERIMUM LEITE KG,2025-03-25 20:32:09,2025-03,08.189.400/0001-07,UN,1.108,3.99,3.99,True
b79086211ca72044,COENTRO 2MFC UNIDADE,2025-03-25 20:32:09,2025-03,08.189.400/0001-07,UN,1.0,3.99,3.99,True
a4fdb1d11b18acc3,HORTELA 2MFC UNIDADE,2025-03-25 20:32:09,2025-03,08.189.400/0001-07,UN,1.0,3.99,3.99,True
436e946ba577482b,CEBOLINHA 2MFC UNIDADE,2025-03-25 20:32:09,2025-03,08.189.400/0001-07,UN,1.0,3.99,3.99,True
7e87a542568272ea,COUVE FOLHA 2MFC UNIDADE,2025-03-25 20:32:09,2025-03,08.189.400/0001-07,UN,2.0,3.99,3.99,True
2089164b9c0e3347,INHAME KG,2025-03-25 20:32:09,2025-03,08.189.400/0001-07,UN,1.115,14.99,14.99,True
a2f39b14ff4c0b01,CEBOLA BRANCA KG,2025-03-25 20:32:09,2025-03,08.189.400/0001-07,KG,1.4,5.49,5.49,True
317a86d2ceb9311b,LEITE BETANIA 1L INTEGRAL TAMPA ROSCA,2025-03-25 20:32:09,2025-03,08.189.400/0001-07,UN,1.0,6.49,6.49,True
3db9f7c3880d8963,REQUEIJAO CATUPIRY COPOCREAM 200G,2025-03-25 20:32:09,2025-03,08.189.400/0001-07,UN,1.0,8.89,44.45,True
1467036c46c2acee,BEBIDA LACTEA ISIS 900G MORANGO,2025-03-25 20:32:09,2025-03,08.189.400/0001-07,UN,1.0,6.29,6.988888888888889,True
c48308496cbe7cdb,LEITE FERM.DANONE ACTIVIA 450G,2025-03-25 20:32:09,2025-03,08.189.400/0001-07,UN,1.0,8.99,19.977777777777774,True
c0509cdb916f1a8e,ABACATE KG,2025-03-25 20:32:09,2025-03,08.189.400/0001-07,KG,1.78,9.99,9.99,True
794e2c6b38e867d7,MAMAO FORMOSA KG,2025-03-25 20:32:09,2025-03,08.189.400/0001-07,KG,1.995,8.29,8.29,True
6a6a39671d571810,MANGA ROSA KG,2025-03-25 20:32:09,2025-03,08.189.400/0001-07,KG,0.77,6.59,6.59,True
fc1e3b4498a58d4c,LIMAO TAITI KG,2025-03-25 20:32:09,2025-03,08.189.400/0001-07,KG,0.825,3.99,3.99,True
317a86d2ceb9311b,LEITE BETANIA 1L INTEGRAL TAMPA ROSCA,2025-03-25 20:32:09,2025-03,08.189.400/0001-07,UN,1.0,6.49,6.49,True
ad95d1fa8ddb7e5d,PEPINOS HEMMER EM CONSERVA EM RODELA 800G 440G DR,2025-03-25 20:32:09,2025-03,08.189.400/0001-07,UN,1.0,22.99,28.7375,True
d1dc86e39aa05878,BEBIDA LACTEA ISIS 900G GRAVIOLA,2025-03-25 20:32:09,2025-03,08.189.400/0001-07,UN,1.0,6.29,6.988888888888889,True
b7d422054b04838c,REQUEIJAO CATUPIRY 250G,2025-03-25 20:32:09,2025-03,08.189.400/0001-07,UN,1.0,16.89,67.56,True
79c5e503193af765,QUEIJO ILPLA COALHO NATURAL KG,2025-03-25 20:32:09,2025-03,08.189.400/0001-07,UN,0.37,50.99,50.99,True
09405243568c08db,REQUEIJAO CATUPIRY 180G AZEITONAS PRETAS,2025-03-25 20:32:09,2025-03,08.189.400/0001-07,UN,1.0,8.99,49.94444444444445,True
a5b77ef1db30241d,PEIXE SARDINHA ESPALMADA 1KG NATURAL FISH,2025-03-25 20:32:09,2025-03,08.189.400/0001-07,UN,1.0,13.59,13.59,True
a5b77ef1db30241d,PEIXE SARDINHA ESPALMADA 1KG NATURAL FISH,2025-03-25 20:32:09,2025-03,08.189.400/0001-07,UN,1.0,13.59,13.59,True
79c5e503193af765,QUEIJO ILPLA COALHO NATURAL KG,2025-03-25 20:32:09,2025-03,08.189.400/0001-07,UN,0.35,50.99,50.99,True
18f97b7c4b699131,BISCOITO VITARELLA AGUA E SAL 350G TRADICIONAL,2025-03-25 20:32:09,2025-03,08.189.400/0001-07,UN,1.0,5.29,15.114285714285716,True
d93beced8f83a350,BISCOITO VITARELLA C.CRACKER 350G TRAD.FERM.NATURA,2025-03-25 20:32:09,2025-03,08.189.400/0001-07,UN,1.0,5.89,16.82857142857143,True
458225dc7ab3e4f0,PAO BAUDUCO 390G FORMA INTEGRAL,2025-03-25 20:32:09,2025-03,08.189.400/0001-07,UN,1.0,11.99,30.743589743589745,True
458225dc7ab3e4f0,PAO BAUDUCO 390G FORMA INTEGRAL,2025-03-25 20:32:09,2025-03,08.189.400/0001-07,UN,1.0,11.99,30.743589743589745,True
a34270ce28679179,MAC.VITARELLA 400G ESPAGUETE FINO,2025-03-25 20:32:09,2025-03,08.189.400/0001-07,UN,2.0,3.35,8.375,True
044da6c44b7f39af,AZEITE DE OLIVA ANDORINHA 500ML EXT.VIRGEM VIDRO,2025-03-25 20:32:09,2025-03,08.189.400/0001-07,UN,1.0,48.99,97.98,True
59e168ab8f45f8d8,MOLHO INGLES CEPERA 150ML,2025-03-25 20:32:09,2025-03,08.189.400/0001-07,UN,1.0,4.29,28.6,True
a9d64b0e17c25e0c,AZEITONA LA VIOLETERA 130G VDE CANCHOVA,2025-03-25 20:32:09,2025-03,08.189.400/0001-07,UN,1.0,17.99,138.38461538461536,True
1c82727cd95aba90,SABAO MINUANO COCO 5X200GR,2025-03-25 20:32:09,2025-03,08.189.400/0001-07,UN,1.0,19.99,19.99,True
4dc1679fb7d005a4,ESPONJA SANTA MARIA ESFRELUX MULTIUSO LEVE4 PAGUE,2025-03-25 20:32:09,2025-03,08.189.400/0001-07,UN,1.0,3.99,3.99,True
cda417c76cafaf05,ALCOOL SANTA CRUZ 70INPM 1L,2025-03-25 20:32:09,2025-03,08.189.400/0001-07,UN,1.0,9.49,9.49,True
3725f0a320d4204e,TOALHA DE PAPEL MILI C2.,2025-03-25 20:32:09,2025-03,08.189.400/0001-07,UN,1.0,5.49,5.49,True
298a2be3f9233c90,SILICONE PROAUTO 100ML SECAGEM RAPIDA,2025-03-25 20:32:09,2025-03,08.189.400/0001-07,UN,1.0,9.38,93.8,True
db457e787ec58bf0,LAVA ROUPAS INVICTO PO 4KG  SACHE,2025-03-25 20:32:09,2025-03,08.189.400/0001-07,UN,1.0,36.99,9.2475,True
7a78422c88e0ffc1,DESODORANTE AEROSOL AXE BLACK 150ML96G.,2025-03-25 20:32:09,2025-03,08.189.400/0001-07,UN,1.0,12.99,135.3125,True
91a4cf811c312f52,VERMOUTH MARTINI 750ML ROSSO,2025-03-25 20:32:09,2025-03,08.189.400/0001-07,UN,1.0,55.99,74.65333333333334,True
870d6478e3fd0f56,CASTANHA DE CAJU NATURAL CASEIRA KG,2025-03-25 20:32:09,2025-03,08.189.400/0001-07,kg,0.172,117.99,117.99,True
5ab9d76ec6429e25,UVA PASSA DOCE MEL RES.GOURMET 150G ESCURA,2025-03-25 20:32:09,2025-03,08.189.400/0001-07,UN,1.0,7.99,53.26666666666667,True
5f0e7426c4ef5d66,REPELENTE SENTINELA ESPIRAL C10UN,2025-03-25 20:32:09,2025-03,08.189.400/0001-07,UN,1.0,6.99,6.99,True
2c087d4694ab6157,LIMPA E HIDRATA COURO PROAUTO 150G,2025-03-25 20:32:09,2025-03,08.189.400/0001-07,UN,1.0,18.99,126.6,True
9135e9d1a82497a5,AMACIANTE DOWNY CONCENTRADO 900ML MISTICO,2025-03-25 20:32:09,2025-03,08.189.400/0001-07,UN,1.0,22.69,25.211111111111112,True
ae659126f33925ae,"TOALHA PPRAIA LEPPER HOME 70X1,40 MARAGOGI REF06",2025-03-25 20:32:09,2025-03,08.189.400/0001-07,UN,1.0,43.99,43.99,True
69e95afabebae112,AGUA SANITARIA TUBARAO 5L,2025-03-25 20:32:09,2025-03,08.189.400/0001-07,UN,1.0,11.99,2.398,True
20b89c1712418e95,"DET.LIQ.INVICTO 1,8L NEUTRO",2025-03-25 20:32:09,2025-03,08.189.400/0001-07,UN,1.0,9.29,5.161111111111111,True
414ec5ba6d113461,"DESINFETANTE PINHO BRIL 1,75L CAMPOS DE LAVANDA",2025-03-25 20:32:09,2025-03,08.189.400/0001-07,UN,1.0,13.59,7.765714285714286,True
25a5a67e58d57b91,Ind Peixe no Envelope,2025-03-23 14:14:05,2025-03,06.979.313/0001-10,UN,1.0,53.9,53.9,True
f5b6c6194641cbc1,Ind Peixe Flor de Maracuja,2025-03-23 14:14:05,2025-03,06.979.313/0001-10,UN,1.0,53.9,53.9,True
086376d616d40140,Coca Cola 1L,2025-03-23 14:14:05,2025-03,06.979.313/0001-10,UN,1.0,13.0,13.0,True
230f34982af890cd,ARGAMASSA AC-III 15KG,2025-03-18 11:10:48,2025-03,41.116.757/0001-22,SC,20.0,33.0,2.2,True
44029eaa93590d9d,REJUNTE CINZA SILICONADO,2025-03-18 11:10:48,2025-03,41.116.757/0001-22,UN,20.0,7.0,7.0,True
31f6498b2dfa5c15,"RESISTENCIA CHUV. PMR ADJET 7,5W 220V",2025-03-18 11:10:48,2025-03,41.116.757/0001-22,UN,1.0,38.9,38.9,True
e54de9d5b9d85fdc,PLUG 12 PVC ROSC TODAS,2025-03-18 11:10:48,2025-03,41.116.757/0001-22,UN,2.0,1.5,1.5,True
d0b0f05724876de4,DEXILANT 60MG CAPS/3,2025-03-16 20:41:01,2025-03,06.626.253/0260-37,UN,1.0,129.58,129.58,True
6680ff89315b7cee,NEOSALDINA DGR/10,2025-03-16 20:41:01,2025-03,06.626.253/0260-37,UN,1.0,19.52,19.52,True
15d2161ee9269e55,"CL NARATRIPTANA 2,5M",2025-03-16 20:41:01,2025-03,06.626.253/0260-37,UN,1.0,41.47,41.47,True
83e59a807acf228e,CHOC MMS VERMELHO 80,2025-03-16 20:41:01,2025-03,06.626.253/0260-37,UN,1.0,9.49,9.49,True
5ee5462708b1ae48,Ind F de Frango a Parmegiana c Arroz,2025-03-16 13:52:19,2025-03,06.979.313/0001-10,UN,1.0,53.9,53.9,True
086376d616d40140,Coca Cola 1L,2025-03-16 13:52:19,2025-03,06.979.313/0001-10,UN,1.0,13.0,13.0,True
48bc93fb997ec965,POLPETINI DE ORIGEM,2025-03-15 19:03:39,2025-03,06.289.452/0001-11,und,1.0,51.0,51.0,True
33689979c5e31791,POLPETAS NO MOLHO ALFREDO,2025-03-15 19:03:39,2025-03,06.289.452/0001-11,und,1.0,54.0,54.0,True
0dfbe6d49f2fe5a3,TAXA DE ENTREGA,2025-03-15 19:03:39,2025-03,06.289.452/0001-11,UND,1.0,16.0,16.0,True
fb093864d6e89dcc,AREIA GR0SSA 1M,2025-03-12 16:43:04,2025-03,41.116.757/0001-22,MT,1.0,160.0,160.0,True
230f34982af890cd,ARGAMASSA AC-III 15KG,2025-03-12 16:43:04,2025-03,41.116.757/0001-22,SC,20.0,33.0,2.2,True
25a5a67e58d57b91,Ind Peixe no Envelope,2025-03-09 13:40:32,2025-03,06.979.313/0001-10,UN,1.0,53.9,53.9,True
086376d616d40140,Coca Cola 1L,2025-03-09 13:40:32,2025-03,06.979.313/0001-10,UN,1.0,13.0,13.0,True
99464282a22a43d0,VODKA SMIRNOFF 600ML,2025-03-06 21:10:13,2025-03,08.189.400/0001-07,UN,1.0,36.99,61.650000000000006,True
dff1c4cce00be602,APERITIVO CAMPARI 748ML MILANO,2025-03-06 21:10:13,2025-03,08.189.400/0001-07,UN,1.0,59.99,80.20053475935829,True
91a4cf811c312f52,VERMOUTH MARTINI 750ML ROSSO,2025-03-06 21:10:13,2025-03,08.189.400/0001-07,UN,1.0,55.99,74.65333333333334,True
74492162f11c4cba,REFRIGERANTE COCA-COLA 250ML PET,2025-03-06 21:10:13,2025-03,08.189.400/0001-07,UN,1.0,2.59,10.36,True
e1a6ef70fdcee6ab,QUEIJO TIROLEZ REINO CRY FATPED KG,2025-03-06 21:10:13,2025-03,08.189.400/0001-07,UN,0.102,96.49,96.49,True
eaeeb8882e4ba7e1,SALGADOS FRITOS LITORAL KG,2025-03-06 21:10:13,2025-03,08.189.400/0001-07,KG,0.098,54.9,54.9,True
04042a5aa7c6484a,OVOS AVINE EXTRA C30 BRANCO,2025-03-06 21:10:13,2025-03,08.189.400/0001-07,UN,2.0,26.99,26.99,True
6f3089235e5468e7,GOMA DE MANDIOCA DATERRA 1KG,2025-03-06 21:10:13,2025-03,08.189.400/0001-07,UN,1.0,7.75,7.75,True
a2f39b14ff4c0b01,CEBOLA BRANCA KG,2025-03-06 21:10:13,2025-03,08.189.400/0001-07,KG,1.205,4.49,4.49,True
5ab9d76ec6429e25,UVA PASSA DOCE MEL RES.GOURMET 150G ESCURA,2025-03-06 21:10:13,2025-03,08.189.400/0001-07,UN,1.0,7.99,53.26666666666667,True
458225dc7ab3e4f0,PAO BAUDUCO 390G FORMA INTEGRAL,2025-03-06 21:10:13,2025-03,08.189.400/0001-07,UN,1.0,11.99,30.743589743589745,True
a34270ce28679179,MAC.VITARELLA 400G ESPAGUETE FINO,2025-03-06 21:10:13,2025-03,08.189.400/0001-07,UN,1.0,3.35,8.375,True
3b5de912559db523,MAGIC TOAST MARILAN 110G LIGHT,2025-03-06 21:10:13,2025-03,08.189.400/0001-07,UN,1.0,6.69,60.81818181818182,True
db70865cebd0d838,MAGIC TOAST MARILAN 110G ORIGINAL,2025-03-06 21:10:13,2025-03,08.189.400/0001-07,UN,1.0,6.69,60.81818181818182,True
db70865cebd0d838,MAGIC TOAST MARILAN 110G ORIGINAL,2025-03-06 21:10:13,2025-03,08.189.400/0001-07,UN,1.0,6.69,60.81818181818182,True
cba7cb9bf08eb28d,MAGIC TOAST MARILAN 110G MULTICEREAIS,2025-03-06 21:10:13,2025-03,08.189.400/0001-07,UN,1.0,6.69,60.81818181818182,True
d9c16b4a09c8c847,MILHO PPIPOCA HIKARI 500G PREMIUM,2025-03-06 21:10:13,2025-03,08.189.400/0001-07,UN,1.0,6.79,13.58,True
063a19e63de2d765,GRAO DE BICO YOKI 400G,2025-03-06 21:10:13,2025-03,08.189.400/0001-07,UN,2.0,8.39,20.975,True
c2cbe7463cfdefde,FLOCAO DE MILHO VITAMILHO 500G,2025-03-06 21:10:13,2025-03,08.189.400/0001-07,UN,2.0,1.43,2.86,True
8e35893db249e90c,ALHO A GRANEL KG,2025-03-06 21:10:13,2025-03,08.189.400/0001-07,UN,0.295,47.99,47.99,True
79c5e503193af765,QUEIJO ILPLA COALHO NATURAL KG,2025-03-06 21:10:13,2025-03,08.189.400/0001-07,UN,1.032,50.99,50.99,True
a9d64b0e17c25e0c,AZEITONA LA VIOLETERA 130G VDE CANCHOVA,2025-03-06 21:10:13,2025-03,08.189.400/0001-07,UN,1.0,17.99,138.38461538461536,True
5ed0989fc367979b,COXA SADIA CONG.FRAGO 1KG IQF,2025-03-06 21:10:13,2025-03,08.189.400/0001-07,UN,1.0,15.49,15.49,True
d1dc86e39aa05878,BEBIDA LACTEA ISIS 900G GRAVIOLA,2025-03-06 21:10:13,2025-03,08.189.400/0001-07,UN,1.0,6.29,6.988888888888889,True
cf756ac4eda43896,REQUEIJAO CATUPIRY 420G TRADICIONAL,2025-03-06 21:10:13,2025-03,08.189.400/0001-07,UN,1.0,17.99,42.83333333333333,True
0d5b8935a0253d3e,BEBIDA LACTEA ISIS 900G BANANA COM MACA,2025-03-06 21:10:13,2025-03,08.189.400/0001-07,UN,1.0,6.29,6.988888888888889,True
650ab6379df5f542,MORTADELA SEARA GOURMET DEFUMADA 180G,2025-03-06 21:10:13,2025-03,08.189.400/0001-07,UN,1.0,8.99,49.94444444444445,True
0116814291fbfd17,BACON DALIA EXTRA LONBO FAT KG,2025-03-06 21:10:13,2025-03,08.189.400/0001-07,UN,0.364,45.99,45.99,True
c48308496cbe7cdb,LEITE FERM.DANONE ACTIVIA 450G,2025-03-06 21:10:13,2025-03,08.189.400/0001-07,UN,1.0,10.69,23.755555555555556,True
b7d422054b04838c,REQUEIJAO CATUPIRY 250G,2025-03-06 21:10:13,2025-03,08.189.400/0001-07,UN,1.0,16.89,67.56,True
75242192cced0d32,LTE.CONDENSADO NESTLE MOCA 395G TP,2025-03-06 21:10:13,2025-03,08.189.400/0001-07,UN,1.0,8.29,20.987341772151897,True
317a86d2ceb9311b,LEITE BETANIA 1L INTEGRAL TAMPA ROSCA,2025-03-06 21:10:13,2025-03,08.189.400/0001-07,UN,1.0,6.49,6.49,True
317a86d2ceb9311b,LEITE BETANIA 1L INTEGRAL TAMPA ROSCA,2025-03-06 21:10:13,2025-03,08.189.400/0001-07,UN,1.0,6.49,6.49,True
2089164b9c0e3347,INHAME KG,2025-03-06 21:10:13,2025-03,08.189.400/0001-07,UN,1.84,18.99,18.99,True
6fcce2b7c61c23ab,AVEIA NATUQUALY 250G EM FLOCOS GROSSOS SACHE,2025-03-06 21:10:13,2025-03,08.189.400/0001-07,UN,1.0,3.19,12.76,True
6fcce2b7c61c23ab,AVEIA NATUQUALY 250G EM FLOCOS GROSSOS SACHE,2025-03-06 21:10:13,2025-03,08.189.400/0001-07,UN,1.0,3.19,12.76,True
d93beced8f83a350,BISCOITO VITARELLA C.CRACKER 350G TRAD.FERM.NATURA,2025-03-06 21:10:13,2025-03,08.189.400/0001-07,UN,1.0,5.89,16.82857142857143,True
9b0c1a5859e3ae9d,ARROZ TIO JOAO 1KG POLIDO,2025-03-06 21:10:13,2025-03,08.189.400/0001-07,UN,1.0,8.59,8.59,True
7fe10b154608fd47,BROA LITORAL KG,2025-03-06 21:10:13,2025-03,08.189.400/0001-07,KG,0.148,29.99,29.99,True
cba7cb9bf08eb28d,MAGIC TOAST MARILAN 110G MULTICEREAIS,2025-03-06 21:10:13,2025-03,08.189.400/0001-07,UN,1.0,6.69,60.81818181818182,True
9b0c1a5859e3ae9d,ARROZ TIO JOAO 1KG POLIDO,2025-03-06 21:10:13,2025-03,08.189.400/0001-07,UN,1.0,8.59,8.59,True
a9d64b0e17c25e0c,AZEITONA LA VIOLETERA 130G VDE CANCHOVA,2025-03-06 21:10:13,2025-03,08.189.400/0001-07,UN,1.0,17.99,138.38461538461536,True
a8f5a94463c30618,PEPINO LA VIOLETERA 180G CORNICHON CPIMENTA,2025-03-06 21:10:13,2025-03,08.189.400/0001-07,UN,1.0,20.99,116.6111111111111,True
47ae8d94a7d567ff,SAL LEBRE PCHURRASCO 1KG,2025-03-06 21:10:13,2025-03,08.189.400/0001-07,UN,1.0,2.19,2.19,True
10e8be50e0548345,BISCOITO MARILAN 350G CREAM CRACKER ESPECIAL,2025-03-06 21:10:13,2025-03,08.189.400/0001-07,UN,1.0,4.59,13.114285714285714,True
6d3fe6d23e49cfd8,ACUCAR ESTRELA 1KG REF.ESPECIAL,2025-03-06 21:10:13,2025-03,08.189.400/0001-07,UN,1.0,5.29,5.29,True
7e87a542568272ea,COUVE FOLHA 2MFC UNIDADE,2025-03-06 21:10:13,2025-03,08.189.400/0001-07,UN,2.0,3.99,3.99,True
044da6c44b7f39af,AZEITE DE OLIVA ANDORINHA 500ML EXT.VIRGEM VIDRO,2025-03-06 21:10:13,2025-03,08.189.400/0001-07,UN,1.0,48.99,97.98,True
c11609de604e5755,PEPINO LA VIOLETERA 360G AGRIDOCE FATIADO,2025-03-06 21:10:13,2025-03,08.189.400/0001-07,UN,1.0,19.99,55.52777777777778,True
a5268d2da7c6b2ef,DUREPOXI 50GR,2025-03-06 21:10:13,2025-03,08.189.400/0001-07,UN,1.0,5.99,5.99,True
bde5f37d015e148c,FITA ADESIVA NORTON SILVER TAPE 5M X 48MM,2025-03-06 21:10:13,2025-03,08.189.400/0001-07,UN,1.0,11.99,11.99,True
83efa2ad27ecdf24,ESPONJA BOMBRIL MULTIUSO LV4 PG3,2025-03-06 21:10:13,2025-03,08.189.400/0001-07,UN,1.0,4.69,4.69,True
83efa2ad27ecdf24,ESPONJA BOMBRIL MULTIUSO LV4 PG3,2025-03-06 21:10:13,2025-03,08.189.400/0001-07,UN,1.0,4.69,4.69,True
5a44c097a6e02e1d,TOALHA DE PAPEL SCALA BRANCO F.DUPLA C2,2025-03-06 21:10:13,2025-03,08.189.400/0001-07,UN,1.0,5.79,5.79,True
4d0f655b3826bb5a,PAPEL HIG.NEVE NEUTRO LV16 PG15 COMPACTO,2025-03-06 21:10:13,2025-03,08.189.400/0001-07,UN,1.0,33.99,33.99,True
95de0ab2305245d7,SABONETE PHEBO FRESC.DA MANHA AZ. 90G,2025-03-06 21:10:13,2025-03,08.189.400/0001-07,UN,1.0,4.66,51.77777777777778,True
af4527db7c235d57,SABONETE PHEBO RAIZ DO ORIENTE 90G,2025-03-06 21:10:13,2025-03,08.189.400/0001-07,UN,1.0,4.66,51.77777777777778,True
e8c0ebdff8320ef4,DESODORANTE AEROSOL AXE MARINE 152ML90G,2025-03-06 21:10:13,2025-03,08.189.400/0001-07,UN,1.0,12.99,144.33333333333334,True
af4527db7c235d57,SABONETE PHEBO RAIZ DO ORIENTE 90G,2025-03-06 21:10:13,2025-03,08.189.400/0001-07,UN,1.0,4.66,51.77777777777778,True
6b470633dab1ab38,TALCO PPES BARUEL TENYS PE 100G ORIGINAL,2025-03-06 21:10:13,2025-03,08.189.400/0001-07,UN,1.0,9.99,99.9,True
c71eb90c6a9cc80f,CREME DENTAL COLGATE 180G TRIPLA ACAO,2025-03-06 21:10:13,2025-03,08.189.400/0001-07,UN,1.0,9.99,55.5,True
c71eb90c6a9cc80f,CREME DENTAL COLGATE 180G TRIPLA ACAO,2025-03-06 21:10:13,2025-03,08.189.400/0001-07,UN,1.0,9.99,55.5,True
829b0815eb52d760,POMADA MASSAGEADORA BELL CORPUS 150G CANELA DE VEL,2025-03-06 21:10:13,2025-03,08.189.400/0001-07,UN,1.0,11.99,79.93333333333334,True
af4527db7c235d57,SABONETE PHEBO RAIZ DO ORIENTE 90G,2025-03-06 21:10:13,2025-03,08.189.400/0001-07,UN,1.0,4.66,51.77777777777778,True
e8c0ebdff8320ef4,DESODORANTE AEROSOL AXE MARINE 152ML90G,2025-03-06 21:10:13,2025-03,08.189.400/0001-07,UN,1.0,12.99,144.33333333333334,True
95de0ab2305245d7,SABONETE PHEBO FRESC.DA MANHA AZ. 90G,2025-03-06 21:10:13,2025-03,08.189.400/0001-07,UN,1.0,4.66,51.77777777777778,True
414ec5ba6d113461,"DESINFETANTE PINHO BRIL 1,75L CAMPOS DE LAVANDA",2025-03-06 21:10:13,2025-03,08.189.400/0001-07,UN,1.0,13.59,7.765714285714286,True
1d7592aaa5ca56f6,DESINFETANTE KALIPTO 5L EUCALIPTO,2025-03-06 21:10:13,2025-03,08.189.400/0001-07,UN,1.0,21.59,4.318,True
60f7fdfeb8b2b458,DESODORANTE PPES CHEVEUX KERO PE 70G,2025-03-06 21:10:13,2025-03,08.189.400/0001-07,UN,1.0,11.89,169.85714285714286,True
acacebef545e228a,PEIXE SARDINHA CONG.LAJE 800G DUMAR,2025-03-06 21:10:13,2025-03,08.189.400/0001-07,UN,6.0,10.99,13.7375,True
25a5a67e58d57b91,Ind Peixe no Envelope,2025-03-02 13:12:50,2025-03,06.979.313/0001-10,UN,1.0,53.9,53.9,True
086376d616d40140,Coca Cola 1L,2025-03-02 13:12:50,2025-03,06.979.313/0001-10,UN,1.0,13.0,13.0,True
3ecba50aecf46c1b,REFRI 1 LT IFOOD,2025-03-01 20:12:22,2025-03,35.128.392/0001-53,und,1.0,9.5,9.5,True
72f2701982519ac6,PIZZA GRANDE (8 FATIAS),2025-03-01 20:12:22,2025-03,35.128.392/0001-53,und,1.0,62.0,62.0,True
136b0089b22f955b,TAXA DE ENTREGA,2025-03-01 20:12:22,2025-03,35.128.392/0001-53,UND,1.0,8.5,8.5,True
acacebef545e228a,PEIXE SARDINHA CONG.LAJE 800G DUMAR,2025-02-25 20:07:18,2025-02,08.189.400/0001-07,UN,1.0,10.99,13.7375,True
0a3d4a7e2682ffb1,PEIXE SARDINHA CONG.ESPALMADA 800G DUMAR,2025-02-25 20:07:18,2025-02,08.189.400/0001-07,UN,1.0,15.59,19.4875,True
f87a720bbc36ed23,PEIXE SARDINHA INT. DUMAR CONG.800G,2025-02-25 20:07:18,2025-02,08.189.400/0001-07,UN,1.0,12.99,16.2375,True
acacebef545e228a,PEIXE SARDINHA CONG.LAJE 800G DUMAR,2025-02-25 20:07:18,2025-02,08.189.400/0001-07,UN,1.0,10.99,13.7375,True
f87a720bbc36ed23,PEIXE SARDINHA INT. DUMAR CONG.800G,2025-02-25 20:07:18,2025-02,08.189.400/0001-07,UN,1.0,12.99,16.2375,True
8e1c2733cb6cf3e8,PEIXE SARDINHA INT. DUMAR CONG.800G,2025-02-25 20:07:18,2025-02,08.189.400/0001-07,UN,1.0,12.99,16.2375,True
533fcf8dded4f20f,FIGADO FRANGO PERDIGAO CONG. 1KG,2025-02-25 20:07:18,2025-02,08.189.400/0001-07,UN,2.0,6.39,6.39,True
2b1c41dca941be22,BEBIDA LACTEA ISIS 900G AMEIXA,2025-02-25 20:07:18,2025-02,08.189.400/0001-07,UN,1.0,6.29,6.988888888888889,True
07fdf0f587ddcfe6,COPA FAT. VITO BALDUCCI 80G SUINA,2025-02-25 20:07:18,2025-02,08.189.400/0001-07,UN,1.0,21.59,269.875,True
07fdf0f587ddcfe6,COPA FAT. VITO BALDUCCI 80G SUINA,2025-02-25 20:07:18,2025-02,08.189.400/0001-07,UN,1.0,21.59,269.875,True
acb0ef7818aba206,QUEIJO ILPLA COALHO KG,2025-02-25 20:07:18,2025-02,08.189.400/0001-07,UN,0.264,38.99,38.99,True
acb0ef7818aba206,QUEIJO ILPLA COALHO KG,2025-02-25 20:07:18,2025-02,08.189.400/0001-07,UN,0.376,38.99,38.99,True
0d5b8935a0253d3e,BEBIDA LACTEA ISIS 900G BANANA COM MACA,2025-02-25 20:07:18,2025-02,08.189.400/0001-07,UN,1.0,6.29,6.988888888888889,True
62e496f3ee7f8f25,REQUEIJAO CATUPIRY 180G ERVAS FINAS,2025-02-25 20:07:18,2025-02,08.189.400/0001-07,UN,1.0,8.99,49.94444444444445,True
c48308496cbe7cdb,LEITE FERM.DANONE ACTIVIA 450G,2025-02-25 20:07:18,2025-02,08.189.400/0001-07,UN,1.0,8.49,18.866666666666667,True
09405243568c08db,REQUEIJAO CATUPIRY 180G AZEITONAS PRETAS,2025-02-25 20:07:18,2025-02,08.189.400/0001-07,UN,1.0,8.99,49.94444444444445,True
492aab44e000822d,BANANA PACOVAN KG,2025-02-25 20:07:18,2025-02,08.189.400/0001-07,KG,1.255,5.49,5.49,True
b0e739f5ef196b59,COUVE FOLHA HSV ORGANICA UN,2025-02-25 20:07:18,2025-02,08.189.400/0001-07,UN,1.0,2.59,2.59,True
794e2c6b38e867d7,MAMAO FORMOSA KG,2025-02-25 20:07:18,2025-02,08.189.400/0001-07,KG,1.165,8.29,8.29,True
436e946ba577482b,CEBOLINHA 2MFC UNIDADE,2025-02-25 20:07:18,2025-02,08.189.400/0001-07,UN,1.0,3.99,3.99,True
b79086211ca72044,COENTRO 2MFC UNIDADE,2025-02-25 20:07:18,2025-02,08.189.400/0001-07,UN,1.0,3.99,3.99,True
b0e739f5ef196b59,COUVE FOLHA HSV ORGANICA UN,2025-02-25 20:07:18,2025-02,08.189.400/0001-07,UN,1.0,2.59,2.59,True
81d507f6a6d0a6cf,LARANJA PERA KG,2025-02-25 20:07:18,2025-02,08.189.400/0001-07,KG,4.905,5.99,5.99,True
2089164b9c0e3347,INHAME KG,2025-02-25 20:07:18,2025-02,08.189.400/0001-07,UN,2.295,18.99,18.99,True
794e2c6b38e867d7,MAMAO FORMOSA KG,2025-02-25 20:07:18,2025-02,08.189.400/0001-07,KG,0.995,8.29,8.29,True
fc1e3b4498a58d4c,LIMAO TAITI KG,2025-02-25 20:07:18,2025-02,08.189.400/0001-07,KG,1.04,3.99,3.99,True
4ab70865611936ad,BETERRABA KG,2025-02-25 20:07:18,2025-02,08.189.400/0001-07,KG,2.18,6.99,6.99,True
27c139ca3e154cd8,ABOBORA MORANGA KG,2025-02-25 20:07:18,2025-02,08.189.400/0001-07,UN,1.565,4.99,4.99,True
794e2c6b38e867d7,MAMAO FORMOSA KG,2025-02-25 20:07:18,2025-02,08.189.400/0001-07,KG,1.08,8.29,8.29,True
fb3879fcaa7a3f2a,MACA NACIONAL KG,2025-02-25 20:07:18,2025-02,08.189.400/0001-07,KG,0.73,13.99,13.99,True
870d6478e3fd0f56,CASTANHA DE CAJU NATURAL CASEIRA KG,2025-02-25 20:07:18,2025-02,08.189.400/0001-07,kg,0.174,117.99,117.99,True
6a6a39671d571810,MANGA ROSA KG,2025-02-25 20:07:18,2025-02,08.189.400/0001-07,KG,1.37,5.99,5.99,True
35e60818e1bf9e5b,AMEIXA SECA DOCE MEL RES.GOURMET 150G SCAROCO,2025-02-25 20:07:18,2025-02,08.189.400/0001-07,UN,1.0,10.99,73.26666666666667,True
cad1bfb332ca89e8,CENOURA KG,2025-02-25 20:07:18,2025-02,08.189.400/0001-07,KG,2.145,8.99,8.99,True
458225dc7ab3e4f0,PAO BAUDUCO 390G FORMA INTEGRAL,2025-02-25 20:07:18,2025-02,08.189.400/0001-07,UN,1.0,11.99,30.743589743589745,True
c2cbe7463cfdefde,FLOCAO DE MILHO VITAMILHO 500G,2025-02-25 20:07:18,2025-02,08.189.400/0001-07,UN,1.0,1.43,2.86,True
93f3056c97abd961,PA PLIXO BETTANIN COLETORA REF.BT141,2025-02-25 20:07:18,2025-02,08.189.400/0001-07,UN,1.0,37.99,37.99,True
f79cc5546cb67b48,VASSOURA PLANETA LEQUE EXPORT N.04,2025-02-25 20:07:18,2025-02,08.189.400/0001-07,UN,1.0,25.99,25.99,True
790ad984b115250e,BISCOITO VITARELLA C.CRACKER TOSTADINHA 350G,2025-02-25 20:07:18,2025-02,08.189.400/0001-07,UN,1.0,4.69,13.400000000000002,True
456a78fb7dc07685,WAFER REC NUTELLA B-READY 22G,2025-02-25 20:07:18,2025-02,08.189.400/0001-07,UN,1.0,4.68,212.72727272727272,True
c2cbe7463cfdefde,FLOCAO DE MILHO VITAMILHO 500G,2025-02-25 20:07:18,2025-02,08.189.400/0001-07,UN,1.0,1.43,2.86,True
9b0c1a5859e3ae9d,ARROZ TIO JOAO 1KG POLIDO,2025-02-25 20:07:18,2025-02,08.189.400/0001-07,UN,1.0,8.99,8.99,True
9b0c1a5859e3ae9d,ARROZ TIO JOAO 1KG POLIDO,2025-02-25 20:07:18,2025-02,08.189.400/0001-07,UN,1.0,8.99,8.99,True
5eb245bf605082d0,AVEIA NATUQUALY 250G EM FLOCOS FINOS SACHE,2025-02-25 20:07:18,2025-02,08.189.400/0001-07,UN,1.0,3.19,12.76,True
5eb245bf605082d0,AVEIA NATUQUALY 250G EM FLOCOS FINOS SACHE,2025-02-25 20:07:18,2025-02,08.189.400/0001-07,UN,5.0,3.19,12.76,True
8476b8553b2915b8,VINAGRE MINHOTO 500ML MACA,2025-02-25 20:07:18,2025-02,08.189.400/0001-07,UN,1.0,6.49,12.98,True
74492162f11c4cba,REFRIGERANTE COCA-COLA 250ML PET,2025-02-25 20:07:18,2025-02,08.189.400/0001-07,UN,1.0,2.59,10.36,True
790ad984b115250e,BISCOITO VITARELLA C.CRACKER TOSTADINHA 350G,2025-02-25 20:07:18,2025-02,08.189.400/0001-07,UN,1.0,4.69,13.400000000000002,True
4d0f655b3826bb5a,PAPEL HIG.NEVE NEUTRO LV16 PG15 COMPACTO,2025-02-25 20:07:18,2025-02,08.189.400/0001-07,UN,1.0,33.99,33.99,True
6258a2aa3da72566,KIT SAMARA CORDA PVARAL TORCIDA C2,2025-02-25 20:07:18,2025-02,08.189.400/0001-07,UN,1.0,10.59,10.59,True
ead155f825451f07,CORDA PVARAL VITORIA DE ACO 10MTS,2025-02-25 20:07:18,2025-02,08.189.400/0001-07,UN,1.0,6.39,6.39,True
ead155f825451f07,CORDA PVARAL VITORIA DE ACO 10MTS,2025-02-25 20:07:18,2025-02,08.189.400/0001-07,UN,1.0,6.39,6.39,True
9fd854ca0b359813,SABONETE LIQUIDO HARROP 1L PITANGA REFIL,2025-02-25 20:07:18,2025-02,08.189.400/0001-07,UN,1.0,15.49,15.49,True
16edd20fdf451d9b,GATORADE 500ML MORANGOMARACUJA,2025-02-25 20:07:18,2025-02,08.189.400/0001-07,UN,1.0,5.99,11.98,True
04042a5aa7c6484a,OVOS AVINE EXTRA C30 BRANCO,2025-02-25 20:07:18,2025-02,08.189.400/0001-07,UN,2.0,26.99,26.99,True
3725f0a320d4204e,TOALHA DE PAPEL MILI C2.,2025-02-25 20:07:18,2025-02,08.189.400/0001-07,UN,1.0,5.49,5.49,True
40ce1902d720eeec,"SUCO DE UVA ALIANCA 1,5L TINTO",2025-02-25 20:07:18,2025-02,08.189.400/0001-07,UN,1.0,19.99,13.326666666666666,True
6ce908e1989aa8a5,CARGA GILLETTE MACH 3 C2,2025-02-25 20:07:18,2025-02,08.189.400/0001-07,UN,1.0,35.99,35.99,True
25a5a67e58d57b91,Ind Peixe no Envelope,2025-02-23 13:13:27,2025-02,06.979.313/0001-10,UN,1.0,53.9,53.9,True
f5b6c6194641cbc1,Ind Peixe Flor de Maracuja,2025-02-23 13:13:27,2025-02,06.979.313/0001-10,UN,1.0,53.9,53.9,True
086376d616d40140,Coca Cola 1L,2025-02-23 13:13:27,2025-02,06.979.313/0001-10,UN,1.0,13.0,13.0,True
25a5a67e58d57b91,Ind Peixe no Envelope,2025-02-16 14:00:23,2025-02,06.979.313/0001-10,UN,1.0,53.9,53.9,True
f5b6c6194641cbc1,Ind Peixe Flor de Maracuja,2025-02-16 14:00:23,2025-02,06.979.313/0001-10,UN,1.0,53.9,53.9,True
086376d616d40140,Coca Cola 1L,2025-02-16 14:00:23,2025-02,06.979.313/0001-10,UN,1.0,13.0,13.0,True
c5f5762bd3678b5a,Monte Seu Poke P (350ml),2025-02-15 19:05:44,2025-02,51.554.161/0001-68,UN,1.0,44.0,125.71428571428572,True
c5f5762bd3678b5a,Monte Seu Poke P (350ml),2025-02-15 19:05:44,2025-02,51.554.161/0001-68,UN,1.0,40.0,114.28571428571428,True
1f42b37ab6b62219,AMENDOIM ELMA CHIPS 45G JAPONES,2025-02-11 20:32:05,2025-02,08.189.400/0001-07,UN,1.0,3.64,80.8888888888889,True
74492162f11c4cba,REFRIGERANTE COCA-COLA 250ML PET,2025-02-11 20:32:05,2025-02,08.189.400/0001-07,UN,1.0,2.49,9.96,True
562ac17ad82b34d7,AMENDOAS SCASCA DOCEMEL RES.GOURMET 150G,2025-02-11 20:32:05,2025-02,08.189.400/0001-07,UN,1.0,21.99,146.6,True
8e1c2733cb6cf3e8,PEIXE SARDINHA INT. DUMAR CONG.800G,2025-02-11 20:32:05,2025-02,08.189.400/0001-07,UN,6.0,12.99,16.2375,True
7e87a542568272ea,COUVE FOLHA 2MFC UNIDADE,2025-02-11 20:32:05,2025-02,08.189.400/0001-07,UN,1.0,3.99,3.99,True
8e35893db249e90c,ALHO A GRANEL KG,2025-02-11 20:32:05,2025-02,08.189.400/0001-07,UN,0.175,47.99,47.99,True
a4fdb1d11b18acc3,HORTELA 2MFC UNIDADE,2025-02-11 20:32:05,2025-02,08.189.400/0001-07,UN,1.0,3.99,3.99,True
59a6232e27e0746d,SALSA 2MFC UNIDADE,2025-02-11 20:32:05,2025-02,08.189.400/0001-07,UN,1.0,3.99,3.99,True
4f49127eba2affe0,ALFACE AMERICANA 2MFC EM BOLA UNIDADE,2025-02-11 20:32:05,2025-02,08.189.400/0001-07,UN,1.0,6.99,6.99,True
2089164b9c0e3347,INHAME KG,2025-02-11 20:32:05,2025-02,08.189.400/0001-07,UN,1.88,18.99,18.99,True
a2f39b14ff4c0b01,CEBOLA BRANCA KG,2025-02-11 20:32:05,2025-02,08.189.400/0001-07,KG,1.125,4.49,4.49,True
bc4e88d6a49cc15c,CANJICA DE MILHO OKOSHI 40G AZEITE DE OLIVA,2025-02-11 20:32:05,2025-02,08.189.400/0001-07,UN,1.0,4.99,124.75,True
bfbe82025f7b8735,CANJICA DE MILHO OKOSHI CSAL 40G,2025-02-11 20:32:05,2025-02,08.189.400/0001-07,UN,1.0,4.99,124.75,True
6becb982056ea169,SALGADO CROCANTISSIMO 40G QUEIJO E CEBOLA,2025-02-11 20:32:05,2025-02,08.189.400/0001-07,UN,1.0,3.39,84.75,True
bcb940f2c4c4e390,TORRADA PANVEIGA 120G CEBOLA,2025-02-11 20:32:05,2025-02,08.189.400/0001-07,UN,1.0,4.99,41.583333333333336,True
9a96d857bf02c1ca,TORRADA PANVEIGA 120G ALHO,2025-02-11 20:32:05,2025-02,08.189.400/0001-07,UN,1.0,4.99,41.583333333333336,True
bb4b7ff31b3d11d5,SALGADO CROCANTISSIMO 40G SALAMINHO CLIMAO,2025-02-11 20:32:05,2025-02,08.189.400/0001-07,UN,1.0,3.39,84.75,True
5eb245bf605082d0,AVEIA NATUQUALY 250G EM FLOCOS FINOS SACHE,2025-02-11 20:32:05,2025-02,08.189.400/0001-07,UN,3.0,3.19,12.76,True
6fcce2b7c61c23ab,AVEIA NATUQUALY 250G EM FLOCOS GROSSOS SACHE,2025-02-11 20:32:05,2025-02,08.189.400/0001-07,UN,3.0,3.19,12.76,True
c2cbe7463cfdefde,FLOCAO DE MILHO VITAMILHO 500G,2025-02-11 20:32:05,2025-02,08.189.400/0001-07,UN,1.0,1.43,2.86,True
6000a48547289527,MACARRAO GALO 500G CSEMOLA ESPAGUETE 8,2025-02-11 20:32:05,2025-02,08.189.400/0001-07,UN,1.0,5.29,10.58,True
4a534f5772043636,CONFEITOS MMS 45G CHOC.AO LEITE,2025-02-11 20:32:05,2025-02,08.189.400/0001-07,UN,2.0,5.39,119.77777777777776,True
23b6010ad1d0a4c8,GOMA DE TAPIOCA 1KG DOCE MEL,2025-02-11 20:32:05,2025-02,08.189.400/0001-07,UN,1.0,7.99,7.99,True
c2cbe7463cfdefde,FLOCAO DE MILHO VITAMILHO 500G,2025-02-11 20:32:05,2025-02,08.189.400/0001-07,UN,1.0,1.43,2.86,True
9b0c1a5859e3ae9d,ARROZ TIO JOAO 1KG POLIDO,2025-02-11 20:32:05,2025-02,08.189.400/0001-07,UN,2.0,8.99,8.99,True
02db9e52efd4bbc7,QUEIJO RALADO VIGOR 50G,2025-02-11 20:32:05,2025-02,08.189.400/0001-07,UN,2.0,5.99,119.8,True
eee52c80209b8f6c,BISCOITO MARILAN CREAM CRACKER 350G GERGELIM,2025-02-11 20:32:05,2025-02,08.189.400/0001-07,UN,1.0,8.49,24.25714285714286,True
a46498e080fff8bc,BISCOITO MARILAN C.CRACKER F.NATURAL 335G INTEGRAL,2025-02-11 20:32:05,2025-02,08.189.400/0001-07,UN,1.0,8.49,25.34328358208955,True
458225dc7ab3e4f0,PAO BAUDUCO 390G FORMA INTEGRAL,2025-02-11 20:32:05,2025-02,08.189.400/0001-07,UN,1.0,12.59,32.28205128205128,True
ad95d1fa8ddb7e5d,PEPINOS HEMMER EM CONSERVA EM RODELA 800G 440G DR,2025-02-11 20:32:05,2025-02,08.189.400/0001-07,UN,1.0,21.98,27.475,True
fa2d6d33f06b896e,AZEITONA VERDE MARIZA 150G RECHEADA POUCHE,2025-02-11 20:32:05,2025-02,08.189.400/0001-07,UN,1.0,6.99,46.6,True
884de06b806f4910,LEITE CONDENSADO NESTLE MOCA 395G INTEGRAL LATA A,2025-02-11 20:32:05,2025-02,08.189.400/0001-07,UN,1.0,10.99,27.82278481012658,True
a9d64b0e17c25e0c,AZEITONA LA VIOLETERA 130G VDE CANCHOVA,2025-02-11 20:32:05,2025-02,08.189.400/0001-07,UN,2.0,17.99,138.38461538461536,True
09405243568c08db,REQUEIJAO CATUPIRY 180G AZEITONAS PRETAS,2025-02-11 20:32:05,2025-02,08.189.400/0001-07,UN,1.0,8.99,49.94444444444445,True
3db9f7c3880d8963,REQUEIJAO CATUPIRY COPOCREAM 200G,2025-02-11 20:32:05,2025-02,08.189.400/0001-07,UN,1.0,8.79,43.95,True
4fa2af39abdc7ca9,TAFF MAN-EX 110ML UND,2025-02-11 20:32:05,2025-02,08.189.400/0001-07,UN,1.0,5.69,51.727272727272734,True
1467036c46c2acee,BEBIDA LACTEA ISIS 900G MORANGO,2025-02-11 20:32:05,2025-02,08.189.400/0001-07,UN,2.0,6.29,6.988888888888889,True
79c5e503193af765,QUEIJO ILPLA COALHO NATURAL KG,2025-02-11 20:32:05,2025-02,08.189.400/0001-07,UN,0.3,50.99,50.99,True
ba9f6b845d506374,QUEIJO CATOLE MUSSARELA KG,2025-02-11 20:32:05,2025-02,08.189.400/0001-07,UN,0.436,44.99,44.99,True
e5358b8e010eb2fc,MORTADELA SEARA GOURMET DEFUMADA KG,2025-02-11 20:32:05,2025-02,08.189.400/0001-07,UN,0.422,28.99,28.99,True
94bf4c5b69c7ae81,BACON SADIA FATIADO BAF 250G,2025-02-11 20:32:05,2025-02,08.189.400/0001-07,UN,1.0,19.89,79.56,True
8476b8553b2915b8,VINAGRE MINHOTO 500ML MACA,2025-02-11 20:32:05,2025-02,08.189.400/0001-07,UN,1.0,6.49,12.98,True
b9122287a1b826e3,VINAGRE MINHOTO 500ML ALCOOL,2025-02-11 20:32:05,2025-02,08.189.400/0001-07,UN,1.0,3.59,7.18,True
dff1c4cce00be602,APERITIVO CAMPARI 748ML MILANO,2025-02-11 20:32:05,2025-02,08.189.400/0001-07,UN,1.0,59.99,80.20053475935829,True
b0fee98b92b1baa8,"SUCO DE UVA GARIBALDI 1,5L INTEGRAL TINTO",2025-02-11 20:32:05,2025-02,08.189.400/0001-07,UN,1.0,19.99,13.326666666666666,True
c8bea9036b291395,PAPEL  ALUMINIO TERMICA 4MX30CM,2025-02-11 20:32:05,2025-02,08.189.400/0001-07,UN,1.0,3.29,3.29,True
e8c0ebdff8320ef4,DESODORANTE AEROSOL AXE MARINE 152ML90G,2025-02-11 20:32:05,2025-02,08.189.400/0001-07,UN,1.0,12.99,144.33333333333334,True
7a78422c88e0ffc1,DESODORANTE AEROSOL AXE BLACK 150ML96G.,2025-02-11 20:32:05,2025-02,08.189.400/0001-07,UN,1.0,12.99,135.3125,True
e775deada66498d7,EXTENSAO DANEVA 3MTS PRETO,2025-02-11 20:32:05,2025-02,08.189.400/0001-07,UN,1.0,21.99,21.99,True
d157d4f442d4a93d,ALCOOL SANTA CRUZ 54L 1L,2025-02-11 20:32:05,2025-02,08.189.400/0001-07,UN,1.0,7.89,0.1461111111111111,True
d91ec7b2ebb7e247,AMACIANTE AMACITEL LUXO 2L ALEGRES ENCANTOS,2025-02-11 20:32:05,2025-02,08.189.400/0001-07,UN,1.0,12.99,6.495,True
317401d5436e88cd,AMACIANTE AMACITEL LUXO 2L TOQUE DE POESIA,2025-02-11 20:32:05,2025-02,08.189.400/0001-07,UN,1.0,12.99,6.495,True
69e95afabebae112,AGUA SANITARIA TUBARAO 5L,2025-02-11 20:32:05,2025-02,08.189.400/0001-07,UN,1.0,10.49,2.098,True
3725f0a320d4204e,TOALHA DE PAPEL MILI C2.,2025-02-11 20:32:05,2025-02,08.189.400/0001-07,UN,1.0,5.49,5.49,True
79fc60d6153e14ae,PANO DE CHAO ITATEX 45X75CM TIPO M FLANELADO,2025-02-11 20:32:05,2025-02,08.189.400/0001-07,UN,2.0,7.99,7.99,True
55a84e775bc73bee,PAPEL HIG.NEVE NEUTRO FD LV18 PG16 TOQUE DE SEDA,2025-02-11 20:32:05,2025-02,08.189.400/0001-07,UN,1.0,37.49,37.49,True
a237d07940ee4a15,LAVA ROUPAS INVICTO PO 4KG LAVANDA SACHE,2025-02-11 20:32:05,2025-02,08.189.400/0001-07,UN,1.0,36.99,9.2475,True
71387d6c353926de,OVOS DA GEMA C30 VERMELHOS,2025-02-11 20:32:05,2025-02,08.189.400/0001-07,UN,1.0,29.49,29.49,True
98170203e98740e9,CERVEJA HEINEKEN 250ML SHOT LONG NECK,2025-02-11 20:32:05,2025-02,08.189.400/0001-07,UN,3.0,4.79,19.16,True
25a5a67e58d57b91,Ind Peixe no Envelope,2025-02-09 12:08:12,2025-02,06.979.313/0001-10,UN,1.0,53.9,53.9,True
086376d616d40140,Coca Cola 1L,2025-02-09 12:08:12,2025-02,06.979.313/0001-10,UN,1.0,13.0,13.0,True
f1ce48bd5c83b01d,Ind Peixe Genovesa,2025-02-09 12:08:12,2025-02,06.979.313/0001-10,UN,1.0,53.9,53.9,True
8e1c2733cb6cf3e8,PEIXE SARDINHA INT. DUMAR CONG.800G,2025-01-27 20:25:31,2025-01,08.189.400/0001-07,UN,6.0,12.99,16.2375,True
7e87a542568272ea,COUVE FOLHA 2MFC UNIDADE,2025-01-27 20:25:31,2025-01,08.189.400/0001-07,UN,1.0,3.49,3.49,True
7e87a542568272ea,COUVE FOLHA 2MFC UNIDADE,2025-01-27 20:25:31,2025-01,08.189.400/0001-07,UN,1.0,3.49,3.49,True
20eb6437edb6ed19,COENTRO HSV ORGANICO UN,2025-01-27 20:25:31,2025-01,08.189.400/0001-07,UN,1.0,4.99,4.99,True
82d9853d695c0886,CHEIRO VERDE 2MFC UNIDADE,2025-01-27 20:25:31,2025-01,08.189.400/0001-07,UN,1.0,3.49,3.49,True
c48308496cbe7cdb,LEITE FERM.DANONE ACTIVIA 450G,2025-01-27 20:25:31,2025-01,08.189.400/0001-07,UN,1.0,10.69,23.755555555555556,True
acb0ef7818aba206,QUEIJO ILPLA COALHO KG,2025-01-27 20:25:31,2025-01,08.189.400/0001-07,UN,0.4,46.99,46.99,True
1467036c46c2acee,BEBIDA LACTEA ISIS 900G MORANGO,2025-01-27 20:25:31,2025-01,08.189.400/0001-07,UN,1.0,6.29,6.988888888888889,True
2b1c41dca941be22,BEBIDA LACTEA ISIS 900G AMEIXA,2025-01-27 20:25:31,2025-01,08.189.400/0001-07,UN,1.0,6.29,6.988888888888889,True
650ab6379df5f542,MORTADELA SEARA GOURMET DEFUMADA 180G,2025-01-27 20:25:31,2025-01,08.189.400/0001-07,UN,1.0,8.99,49.94444444444445,True
650ab6379df5f542,MORTADELA SEARA GOURMET DEFUMADA 180G,2025-01-27 20:25:31,2025-01,08.189.400/0001-07,UN,1.0,8.99,49.94444444444445,True
07fdf0f587ddcfe6,COPA FAT. VITO BALDUCCI 80G SUINA,2025-01-27 20:25:31,2025-01,08.189.400/0001-07,UN,1.0,23.99,299.875,True
3db9f7c3880d8963,REQUEIJAO CATUPIRY COPOCREAM 200G,2025-01-27 20:25:31,2025-01,08.189.400/0001-07,UN,1.0,8.79,43.95,True
19f4b3d16b9a85f3,REQUEIJAO NESTLE 200G CREMOSO,2025-01-27 20:25:31,2025-01,08.189.400/0001-07,UN,1.0,8.59,42.95,True
6a3413ddf213582a,BOLO LITORAL MACAXEIRA KG,2025-01-27 20:25:31,2025-01,08.189.400/0001-07,UN,0.496,29.9,29.9,True
f2070c151875c357,AZEITONA LA VIOLETERA 130G CPIM.JALAPENO VD,2025-01-27 20:25:31,2025-01,08.189.400/0001-07,UN,1.0,17.99,138.38461538461536,True
fb3879fcaa7a3f2a,MACA NACIONAL KG,2025-01-27 20:25:31,2025-01,08.189.400/0001-07,KG,0.735,15.99,15.99,True
a751aea3aa782c2f,AZEITONA LA VIOLETERA RECH.130G SALMAO,2025-01-27 20:25:31,2025-01,08.189.400/0001-07,UN,1.0,17.99,138.38461538461536,True
f099e92cb3a4964c,MANTEIGA ITACOLOMY 200G LATA,2025-01-27 20:25:31,2025-01,08.189.400/0001-07,UN,1.0,19.39,96.95,True
af64dab0b21c1c07,PALMITO GOLDEN 270G EXTRA MACIO,2025-01-27 20:25:31,2025-01,08.189.400/0001-07,UN,1.0,19.99,74.03703703703702,True
c9ab8fd6a5ad42f1,UVA DOCE MEL LEVISSA 500G THOMPSON,2025-01-27 20:25:31,2025-01,08.189.400/0001-07,UN,1.0,16.99,33.98,True
bb4b7ff31b3d11d5,SALGADO CROCANTISSIMO 40G SALAMINHO CLIMAO,2025-01-27 20:25:31,2025-01,08.189.400/0001-07,UN,1.0,3.39,84.75,True
b82a00c26fc32a67,SALGADO CROCANTISSIMO 40G PEITO PERU CREQUEIJAO,2025-01-27 20:25:31,2025-01,08.189.400/0001-07,UN,1.0,3.39,84.75,True
bb4b7ff31b3d11d5,SALGADO CROCANTISSIMO 40G SALAMINHO CLIMAO,2025-01-27 20:25:31,2025-01,08.189.400/0001-07,UN,1.0,3.39,84.75,True
6c31ce625dc4ccf0,CAFE SANTA CLARA 250G CLASSICO ALMOFADA,2025-01-27 20:25:31,2025-01,08.189.400/0001-07,UN,1.0,13.99,55.96,True
6c31ce625dc4ccf0,CAFE SANTA CLARA 250G CLASSICO ALMOFADA,2025-01-27 20:25:31,2025-01,08.189.400/0001-07,UN,1.0,13.99,55.96,True
6fcce2b7c61c23ab,AVEIA NATUQUALY 250G EM FLOCOS GROSSOS SACHE,2025-01-27 20:25:31,2025-01,08.189.400/0001-07,UN,3.0,3.19,12.76,True
5eb245bf605082d0,AVEIA NATUQUALY 250G EM FLOCOS FINOS SACHE,2025-01-27 20:25:31,2025-01,08.189.400/0001-07,UN,2.0,3.19,12.76,True
7e9dfdd83c7332b8,LEITE PIRACANJUBA 1L INTEGRAL TP,2025-01-27 20:25:31,2025-01,08.189.400/0001-07,UN,1.0,6.99,6.99,True
7e9dfdd83c7332b8,LEITE PIRACANJUBA 1L INTEGRAL TP,2025-01-27 20:25:31,2025-01,08.189.400/0001-07,UN,1.0,6.99,6.99,True
063a19e63de2d765,GRAO DE BICO YOKI 400G,2025-01-27 20:25:31,2025-01,08.189.400/0001-07,UN,2.0,8.39,20.975,True
895e43a3bf0ef3d5,FEIJAO KICALDO 1KG CARIOCA,2025-01-27 20:25:31,2025-01,08.189.400/0001-07,UN,1.0,7.99,7.99,True
9b0c1a5859e3ae9d,ARROZ TIO JOAO 1KG POLIDO,2025-01-27 20:25:31,2025-01,08.189.400/0001-07,UN,2.0,8.99,8.99,True
0bbe13b52f6a32bf,ARROZ URBANO 1KG PARBOILIZADO,2025-01-27 20:25:31,2025-01,08.189.400/0001-07,UN,1.0,6.99,6.99,True
ed9bbfa5e0d94fe4,BISCOITO MARILAN CREAM CRACKER 350G MANTEIGA,2025-01-27 20:25:31,2025-01,08.189.400/0001-07,UN,1.0,7.29,20.82857142857143,True
de1ddecbf2d19197,PAO BAUDUCO 390G FORMA TRADICIONAL,2025-01-27 20:25:31,2025-01,08.189.400/0001-07,UN,1.0,6.79,17.41025641025641,True
cd340d8fc9f14ba8,BANANA PRATA KG,2025-01-27 20:25:31,2025-01,08.189.400/0001-07,KG,0.945,7.49,7.49,True
a0f662821c5ceb8e,AZEITE DE OLIVA BORGES 500ML EXT.VIRGEM VIDRO,2025-01-27 20:25:31,2025-01,08.189.400/0001-07,UN,1.0,46.5,93.0,True
59e168ab8f45f8d8,MOLHO INGLES CEPERA 150ML,2025-01-27 20:25:31,2025-01,08.189.400/0001-07,UN,1.0,4.29,28.6,True
884de06b806f4910,LEITE CONDENSADO NESTLE MOCA 395G INTEGRAL LATA A,2025-01-27 20:25:31,2025-01,08.189.400/0001-07,UN,1.0,10.99,27.82278481012658,True
e9def54a07db49cc,NUTREN SENIOR NESTLE 370G SEM SABOR,2025-01-27 20:25:31,2025-01,08.189.400/0001-07,UN,1.0,92.89,251.0540540540541,True
26c8758ca9c19f3c,MOLHO DE PIMENTA TABASCO 60ML GREEN PEPPER SAUCE,2025-01-27 20:25:31,2025-01,08.189.400/0001-07,UN,1.0,21.99,366.5,True
c0509cdb916f1a8e,ABACATE KG,2025-01-27 20:25:31,2025-01,08.189.400/0001-07,KG,0.73,10.49,10.49,True
fc1e3b4498a58d4c,LIMAO TAITI KG,2025-01-27 20:25:31,2025-01,08.189.400/0001-07,KG,1.79,4.99,4.99,True
794e2c6b38e867d7,MAMAO FORMOSA KG,2025-01-27 20:25:31,2025-01,08.189.400/0001-07,KG,1.68,6.99,6.99,True
2089164b9c0e3347,INHAME KG,2025-01-27 20:25:31,2025-01,08.189.400/0001-07,UN,1.835,18.99,18.99,True
c0509cdb916f1a8e,ABACATE KG,2025-01-27 20:25:31,2025-01,08.189.400/0001-07,KG,0.685,10.49,10.49,True
4ab70865611936ad,BETERRABA KG,2025-01-27 20:25:31,2025-01,08.189.400/0001-07,KG,1.98,6.99,6.99,True
cad1bfb332ca89e8,CENOURA KG,2025-01-27 20:25:31,2025-01,08.189.400/0001-07,KG,2.01,7.99,7.99,True
74492162f11c4cba,REFRIGERANTE COCA-COLA 250ML PET,2025-01-27 20:25:31,2025-01,08.189.400/0001-07,UN,1.0,2.49,9.96,True
81d507f6a6d0a6cf,LARANJA PERA KG,2025-01-27 20:25:31,2025-01,08.189.400/0001-07,KG,5.155,5.99,5.99,True
530c7f4ee0e6b806,TOALHA B.CASA PBANHO YASMIM 70CM ROSEWOOD,2025-01-27 20:25:31,2025-01,08.189.400/0001-07,UN,1.0,49.99,49.99,True
c5048bec44e3bd6f,LAVA ROUPAS EM PO BRILHANTE LIMP.TOTAL.LV1.6 PG1.4,2025-01-27 20:25:31,2025-01,08.189.400/0001-07,UN,1.0,25.69,25.69,True
c4c78b67b31116e0,COTONETES TOPZ CX C75UN,2025-01-27 20:25:31,2025-01,08.189.400/0001-07,UN,1.0,2.29,2.29,True
a97081fe41999c88,TOALHA UMED.HUGGIES MAX CLEAN C48UN,2025-01-27 20:25:31,2025-01,08.189.400/0001-07,UN,1.0,17.99,17.99,True
7d8247d27adc0fd4,SABAO YPE BARRA CCOCO E TOQ.AVEIA 5X180G,2025-01-27 20:25:31,2025-01,08.189.400/0001-07,UN,1.0,19.99,111.05555555555556,True
dff1c4cce00be602,APERITIVO CAMPARI 748ML MILANO,2025-01-27 20:25:31,2025-01,08.189.400/0001-07,UN,1.0,59.99,80.20053475935829,True
20b89c1712418e95,"DET.LIQ.INVICTO 1,8L NEUTRO",2025-01-27 20:25:31,2025-01,08.189.400/0001-07,UN,1.0,8.39,4.661111111111111,True
1d7592aaa5ca56f6,DESINFETANTE KALIPTO 5L EUCALIPTO,2025-01-27 20:25:31,2025-01,08.189.400/0001-07,UN,1.0,21.59,4.318,True
1c9ce4f58900cbf8,Uva Cx200 DL,2025-01-21 18:36:45,2025-01,42.591.651/0960-78,UN,1.0,12.9,12.9,True
3ab0aa11f0e66dad,McL Feliz HB Pr,2025-01-21 18:36:45,2025-01,42.591.651/0960-78,UN,1.0,4.0,4.0,True
f91cb97848111450,Batata Kids Pr,2025-01-21 18:36:45,2025-01,42.591.651/0960-78,UN,1.0,3.75,3.75,True
3e222db4781bc445,PetitSuPr MLF,2025-01-21 18:36:45,2025-01,42.591.651/0960-78,UN,1.0,1.15,1.15,True
24d498b6133ea03f,BR Surp PrDLV,2025-01-21 18:36:45,2025-01,42.591.651/0960-78,UN,1.0,7.1,7.1,True
1c9ce4f58900cbf8,Uva Cx200 DL,2025-01-21 18:36:45,2025-01,42.591.651/0960-78,UN,1.0,12.9,12.9,True
f91cb97848111450,Batata Kids Pr,2025-01-21 18:36:45,2025-01,42.591.651/0960-78,UN,1.0,3.75,3.75,True
3e222db4781bc445,PetitSuPr MLF,2025-01-21 18:36:45,2025-01,42.591.651/0960-78,UN,1.0,1.15,1.15,True
24d498b6133ea03f,BR Surp PrDLV,2025-01-21 18:36:45,2025-01,42.591.651/0960-78,UN,1.0,7.1,7.1,True
7612dac50b7106b2,McL Feliz Nug 4 Pr,2025-01-21 18:36:45,2025-01,42.591.651/0960-78,UN,1.0,5.0,5.0,True
2d6f84214eb7d426,Cheesebur ALC,2025-01-21 18:36:45,2025-01,42.591.651/0960-78,UN,1.0,15.0,15.0,True
b2ed6270668efb93,Big Mac M Pr,2025-01-21 18:36:45,2025-01,42.591.651/0960-78,UN,1.0,15.5,15.5,True
e4361bf1a55a54cd,Batata M Pr,2025-01-21 18:36:45,2025-01,42.591.651/0960-78,UN,1.0,5.5,5.5,True
b2a68f54f3c2132b,Suc Lar M Pr,2025-01-21 18:36:45,2025-01,42.591.651/0960-78,UN,1.0,15.9,15.9,True
b2ed6270668efb93,Big Mac M Pr,2025-01-21 18:36:45,2025-01,42.591.651/0960-78,UN,1.0,15.5,15.5,True
e4361bf1a55a54cd,Batata M Pr,2025-01-21 18:36:45,2025-01,42.591.651/0960-78,UN,1.0,5.5,5.5,True
528cf6c357e02c42,Coca M DLV,2025-01-21 18:36:45,2025-01,42.591.651/0960-78,UN,1.0,14.9,14.9,True
b2ed6270668efb93,Big Mac M Pr,2025-01-21 18:36:45,2025-01,42.591.651/0960-78,UN,2.0,15.5,15.5,True
e4361bf1a55a54cd,Batata M Pr,2025-01-21 18:36:45,2025-01,42.591.651/0960-78,UN,2.0,5.5,5.5,True
934a66ec3f1e82fc,CocaS Ac M DL,2025-01-21 18:36:45,2025-01,42.591.651/0960-78,UN,2.0,14.9,14.9,True
48bc93fb997ec965,POLPETINI DE ORIGEM,2025-01-20 19:12:29,2025-01,06.289.452/0001-11,und,1.0,51.0,51.0,True
33689979c5e31791,POLPETAS NO MOLHO ALFREDO,2025-01-20 19:12:29,2025-01,06.289.452/0001-11,und,1.0,54.0,54.0,True
0dfbe6d49f2fe5a3,TAXA DE ENTREGA,2025-01-20 19:12:29,2025-01,06.289.452/0001-11,UND,1.0,16.0,16.0,True
1c2e9cd2d81fa5d6,REPOFLOR 200MG 6 CAP,2025-01-20 14:05:42,2025-01,61.585.865/0710-91,UN,1.0,51.28,51.28,True
48bc93fb997ec965,POLPETINI DE ORIGEM,2025-01-17 18:53:59,2025-01,06.289.452/0001-11,und,1.0,51.0,51.0,True
87853cff125338a9,TAGLIATELLE AL RAG DE LINGUICA,2025-01-17 18:53:59,2025-01,06.289.452/0001-11,und,1.0,61.0,61.0,True
0dfbe6d49f2fe5a3,TAXA DE ENTREGA,2025-01-17 18:53:59,2025-01,06.289.452/0001-11,UND,1.0,15.0,15.0,True
6819c870b0941fc8,"SUCO CAMPO LARGO 1,35L MACA",2025-01-15 20:56:44,2025-01,08.189.400/0001-07,UN,1.0,16.99,12.585185185185184,True
40ce1902d720eeec,"SUCO DE UVA ALIANCA 1,5L TINTO",2025-01-15 20:56:44,2025-01,08.189.400/0001-07,UN,1.0,19.99,13.326666666666666,True
eaeeb8882e4ba7e1,SALGADOS FRITOS LITORAL KG,2025-01-15 20:56:44,2025-01,08.189.400/0001-07,KG,0.096,54.9,54.9,True
74492162f11c4cba,REFRIGERANTE COCA-COLA 250ML PET,2025-01-15 20:56:44,2025-01,08.189.400/0001-07,UN,1.0,2.49,9.96,True
81d507f6a6d0a6cf,LARANJA PERA KG,2025-01-15 20:56:44,2025-01,08.189.400/0001-07,KG,2.165,5.99,5.99,True
cad1bfb332ca89e8,CENOURA KG,2025-01-15 20:56:44,2025-01,08.189.400/0001-07,KG,2.005,6.99,6.99,True
fc1e3b4498a58d4c,LIMAO TAITI KG,2025-01-15 20:56:44,2025-01,08.189.400/0001-07,KG,0.82,4.99,4.99,True
b3042a5144aebe13,BATATA INGLESA KG,2025-01-15 20:56:44,2025-01,08.189.400/0001-07,KG,1.775,3.99,3.99,True
acacebef545e228a,PEIXE SARDINHA CONG.LAJE 800G DUMAR,2025-01-15 20:56:44,2025-01,08.189.400/0001-07,UN,1.0,10.99,13.7375,True
4ab70865611936ad,BETERRABA KG,2025-01-15 20:56:44,2025-01,08.189.400/0001-07,KG,1.63,6.99,6.99,True
acacebef545e228a,PEIXE SARDINHA CONG.LAJE 800G DUMAR,2025-01-15 20:56:44,2025-01,08.189.400/0001-07,UN,1.0,10.99,13.7375,True
acacebef545e228a,PEIXE SARDINHA CONG.LAJE 800G DUMAR,2025-01-15 20:56:44,2025-01,08.189.400/0001-07,UN,1.0,10.99,13.7375,True
acacebef545e228a,PEIXE SARDINHA CONG.LAJE 800G DUMAR,2025-01-15 20:56:44,2025-01,08.189.400/0001-07,UN,1.0,10.99,13.7375,True
acacebef545e228a,PEIXE SARDINHA CONG.LAJE 800G DUMAR,2025-01-15 20:56:44,2025-01,08.189.400/0001-07,UN,1.0,10.99,13.7375,True
8e1c2733cb6cf3e8,PEIXE SARDINHA INT. DUMAR CONG.800G,2025-01-15 20:56:44,2025-01,08.189.400/0001-07,UN,1.0,12.99,16.2375,True
4e82780a5c98b0a4,ALGODAO DISCO MILI BEAUTY C100,2025-01-15 20:56:44,2025-01,08.189.400/0001-07,UN,1.0,10.99,10.99,True
6ef4dbaacfb29fd2,GEL ADESIVO PATO REFIL 38G CITRUS,2025-01-15 20:56:44,2025-01,08.189.400/0001-07,UN,1.0,17.99,473.4210526315789,True
4c056a40d7db88a3,PINCA MERHEJE BASIC C2 UN,2025-01-15 20:56:44,2025-01,08.189.400/0001-07,UN,1.0,4.69,4.69,True
8fe7f0ea0c4bfdda,AMPOLA PANTENE 15ML HIDROCAUT.C3UN,2025-01-15 20:56:44,2025-01,08.189.400/0001-07,UN,1.0,26.79,1786.0,True
431e6003a22d2d6c,MASCARA NUTRITIVA PANTENE 600ML BAMBU,2025-01-15 20:56:44,2025-01,08.189.400/0001-07,UN,1.0,38.99,64.98333333333333,True
94d9344c976a4a2c,DET.LIQ.YPE 500ML NEUTRO,2025-01-15 20:56:44,2025-01,08.189.400/0001-07,UN,1.0,3.19,6.38,True
94d9344c976a4a2c,DET.LIQ.YPE 500ML NEUTRO,2025-01-15 20:56:44,2025-01,08.189.400/0001-07,UN,1.0,3.19,6.38,True
1d7592aaa5ca56f6,DESINFETANTE KALIPTO 5L EUCALIPTO,2025-01-15 20:56:44,2025-01,08.189.400/0001-07,UN,1.0,21.59,4.318,True
4d0f655b3826bb5a,PAPEL HIG.NEVE NEUTRO LV16 PG15 COMPACTO,2025-01-15 20:56:44,2025-01,08.189.400/0001-07,UN,1.0,33.99,33.99,True
03893088285defa9,TOALHA DE PAPEL ABSOLUTO C2,2025-01-15 20:56:44,2025-01,08.189.400/0001-07,UN,1.0,5.29,5.29,True
6e16defab0b7c7f0,"LAVA ROUPAS EM PO ALA 1,6KG CUIDADO DO COCO",2025-01-15 20:56:44,2025-01,08.189.400/0001-07,UN,1.0,16.79,10.49375,True
108446a02ded435a,LIXA PPES LANDHS EVA REF89,2025-01-15 20:56:44,2025-01,08.189.400/0001-07,UN,1.0,8.99,8.99,True
42500d98fc203a48,MASCARA P DORMIR LU BELLE TAM - UNICO,2025-01-15 20:56:44,2025-01,08.189.400/0001-07,UN,1.0,12.69,12.69,True
94d9344c976a4a2c,DET.LIQ.YPE 500ML NEUTRO,2025-01-15 20:56:44,2025-01,08.189.400/0001-07,UN,1.0,3.19,6.38,True
c2cbe7463cfdefde,FLOCAO DE MILHO VITAMILHO 500G,2025-01-15 20:56:44,2025-01,08.189.400/0001-07,UN,1.0,1.43,2.86,True
c2cbe7463cfdefde,FLOCAO DE MILHO VITAMILHO 500G,2025-01-15 20:56:44,2025-01,08.189.400/0001-07,UN,1.0,1.43,2.86,True
895e43a3bf0ef3d5,FEIJAO KICALDO 1KG CARIOCA,2025-01-15 20:56:44,2025-01,08.189.400/0001-07,UN,1.0,7.99,7.99,True
d9c16b4a09c8c847,MILHO PPIPOCA HIKARI 500G PREMIUM,2025-01-15 20:56:44,2025-01,08.189.400/0001-07,UN,1.0,6.79,13.58,True
c3e3f383a0308a87,PULVERIZADOR IGUAL REF 5785,2025-01-15 20:56:44,2025-01,08.189.400/0001-07,UN,1.0,15.99,15.99,True
9930cbe234059104,REPELENTE NUTRIPLAN PPLANTAS FUMO 500ML,2025-01-15 20:56:44,2025-01,08.189.400/0001-07,UN,1.0,31.99,63.98,True
d1dc86e39aa05878,BEBIDA LACTEA ISIS 900G GRAVIOLA,2025-01-15 20:56:44,2025-01,08.189.400/0001-07,UN,1.0,6.29,6.988888888888889,True
2b1c41dca941be22,BEBIDA LACTEA ISIS 900G AMEIXA,2025-01-15 20:56:44,2025-01,08.189.400/0001-07,UN,1.0,6.29,6.988888888888889,True
79c5e503193af765,QUEIJO ILPLA COALHO NATURAL KG,2025-01-15 20:56:44,2025-01,08.189.400/0001-07,UN,0.412,50.99,50.99,True
09405243568c08db,REQUEIJAO CATUPIRY 180G AZEITONAS PRETAS,2025-01-15 20:56:44,2025-01,08.189.400/0001-07,UN,1.0,9.29,51.61111111111111,True
09405243568c08db,REQUEIJAO CATUPIRY 180G AZEITONAS PRETAS,2025-01-15 20:56:44,2025-01,08.189.400/0001-07,UN,1.0,9.29,51.61111111111111,True
c48308496cbe7cdb,LEITE FERM.DANONE ACTIVIA 450G,2025-01-15 20:56:44,2025-01,08.189.400/0001-07,UN,1.0,7.99,17.755555555555556,True
74492162f11c4cba,REFRIGERANTE COCA-COLA 250ML PET,2025-01-15 20:56:44,2025-01,08.189.400/0001-07,UN,1.0,2.49,9.96,True
79c5e503193af765,QUEIJO ILPLA COALHO NATURAL KG,2025-01-15 20:56:44,2025-01,08.189.400/0001-07,UN,0.406,50.99,50.99,True
884de06b806f4910,LEITE CONDENSADO NESTLE MOCA 395G INTEGRAL LATA A,2025-01-15 20:56:44,2025-01,08.189.400/0001-07,UN,1.0,10.99,27.82278481012658,True
47ae8d94a7d567ff,SAL LEBRE PCHURRASCO 1KG,2025-01-15 20:56:44,2025-01,08.189.400/0001-07,UN,1.0,2.19,2.19,True
7fe10b154608fd47,BROA LITORAL KG,2025-01-15 20:56:44,2025-01,08.189.400/0001-07,KG,0.2,29.99,29.99,True
6fcce2b7c61c23ab,AVEIA NATUQUALY 250G EM FLOCOS GROSSOS SACHE,2025-01-15 20:56:44,2025-01,08.189.400/0001-07,UN,1.0,3.19,12.76,True
6fcce2b7c61c23ab,AVEIA NATUQUALY 250G EM FLOCOS GROSSOS SACHE,2025-01-15 20:56:44,2025-01,08.189.400/0001-07,UN,1.0,3.19,12.76,True
317a86d2ceb9311b,LEITE BETANIA 1L INTEGRAL TAMPA ROSCA,2025-01-15 20:56:44,2025-01,08.189.400/0001-07,UN,1.0,6.49,6.49,True
317a86d2ceb9311b,LEITE BETANIA 1L INTEGRAL TAMPA ROSCA,2025-01-15 20:56:44,2025-01,08.189.400/0001-07,UN,1.0,6.49,6.49,True
317a86d2ceb9311b,LEITE BETANIA 1L INTEGRAL TAMPA ROSCA,2025-01-15 20:56:44,2025-01,08.189.400/0001-07,UN,1.0,6.49,6.49,True
6b8fdfd6c377ee1b,BOLO LITORAL AMEIXA KG,2025-01-15 20:56:44,2025-01,08.189.400/0001-07,UN,0.462,30.99,30.99,True
7d8c89b6bdd88282,PAO SERTANEJA 400G FORMA,2025-01-15 20:56:44,2025-01,08.189.400/0001-07,UN,1.0,7.29,18.225,True
0bbe13b52f6a32bf,ARROZ URBANO 1KG PARBOILIZADO,2025-01-15 20:56:44,2025-01,08.189.400/0001-07,UN,1.0,6.99,6.99,True
9b0c1a5859e3ae9d,ARROZ TIO JOAO 1KG POLIDO,2025-01-15 20:56:44,2025-01,08.189.400/0001-07,UN,1.0,8.99,8.99,True
23b6010ad1d0a4c8,GOMA DE TAPIOCA 1KG DOCE MEL,2025-01-15 20:56:44,2025-01,08.189.400/0001-07,UN,1.0,5.99,5.99,True
18f97b7c4b699131,BISCOITO VITARELLA AGUA E SAL 350G TRADICIONAL,2025-01-15 20:56:44,2025-01,08.189.400/0001-07,UN,1.0,5.29,15.114285714285716,True
a4af427f671af2c3,"BISCOITO CREAM CRACKER CAPRICHE CAPRISHOW 301,5G",2025-01-15 20:56:44,2025-01,08.189.400/0001-07,UN,1.0,2.99,9.917081260364844,True
5eb245bf605082d0,AVEIA NATUQUALY 250G EM FLOCOS FINOS SACHE,2025-01-15 20:56:44,2025-01,08.189.400/0001-07,UN,1.0,3.19,12.76,True
5eb245bf605082d0,AVEIA NATUQUALY 250G EM FLOCOS FINOS SACHE,2025-01-15 20:56:44,2025-01,08.189.400/0001-07,UN,1.0,3.19,12.76,True
bfbe82025f7b8735,CANJICA DE MILHO OKOSHI CSAL 40G,2025-01-15 20:56:44,2025-01,08.189.400/0001-07,UN,1.0,4.99,124.75,True
bfbe82025f7b8735,CANJICA DE MILHO OKOSHI CSAL 40G,2025-01-15 20:56:44,2025-01,08.189.400/0001-07,UN,1.0,4.99,124.75,True
91a4cf811c312f52,VERMOUTH MARTINI 750ML ROSSO,2025-01-15 20:56:44,2025-01,08.189.400/0001-07,UN,1.0,55.99,74.65333333333334,True
dff1c4cce00be602,APERITIVO CAMPARI 748ML MILANO,2025-01-15 20:56:44,2025-01,08.189.400/0001-07,UN,1.0,59.99,80.20053475935829,True
98170203e98740e9,CERVEJA HEINEKEN 250ML SHOT LONG NECK,2025-01-15 20:56:44,2025-01,08.189.400/0001-07,UN,3.0,5.12,20.48,True
48bc93fb997ec965,POLPETINI DE ORIGEM,2025-01-03 19:23:18,2025-01,06.289.452/0001-11,und,1.0,51.0,51.0,True
87853cff125338a9,TAGLIATELLE AL RAG DE LINGUICA,2025-01-03 19:23:18,2025-01,06.289.452/0001-11,und,1.0,61.0,61.0,True
0dfbe6d49f2fe5a3,TAXA DE ENTREGA,2025-01-03 19:23:18,2025-01,06.289.452/0001-11,UND,1.0,15.0,15.0,True
6a3413ddf213582a,BOLO LITORAL MACAXEIRA KG,2025-01-02 21:04:47,2025-01,08.189.400/0001-07,UN,0.498,29.9,29.9,True
cba7cb9bf08eb28d,MAGIC TOAST MARILAN 110G MULTICEREAIS,2025-01-02 21:04:47,2025-01,08.189.400/0001-07,UN,1.0,6.59,59.90909090909091,True
a2c2a4b7e6d0b23c,MAGIC TOAST MARILAN 110G CACAU,2025-01-02 21:04:47,2025-01,08.189.400/0001-07,UN,1.0,6.59,59.90909090909091,True
4fa2af39abdc7ca9,TAFF MAN-EX 110ML UND,2025-01-02 21:04:47,2025-01,08.189.400/0001-07,UN,1.0,5.69,51.727272727272734,True
a7caf566b949a184,AVEIA NATUQUALY 170G EM FLOCOS GROSSOS,2025-01-02 21:04:47,2025-01,08.189.400/0001-07,UN,2.0,3.39,19.94117647058824,True
23b6010ad1d0a4c8,GOMA DE TAPIOCA 1KG DOCE MEL,2025-01-02 21:04:47,2025-01,08.189.400/0001-07,UN,1.0,7.99,7.99,True
8b3e75c9aae319fd,PAO BAUDUCO 390G FORMA MULTIGRAOS,2025-01-02 21:04:47,2025-01,08.189.400/0001-07,UN,1.0,14.49,37.15384615384615,True
8116363f4fbfa849,QUEIJO TIROLEZ REINO KG LATA BOLA 4,2025-01-02 21:04:47,2025-01,08.189.400/0001-07,KG,0.87,109.99,109.99,True
35e60818e1bf9e5b,AMEIXA SECA DOCE MEL RES.GOURMET 150G SCAROCO,2025-01-02 21:04:47,2025-01,08.189.400/0001-07,UN,1.0,10.99,73.26666666666667,True
870d6478e3fd0f56,CASTANHA DE CAJU NATURAL CASEIRA KG,2025-01-02 21:04:47,2025-01,08.189.400/0001-07,kg,0.16,107.99,107.99,True
79c5e503193af765,QUEIJO ILPLA COALHO NATURAL KG,2025-01-02 21:04:47,2025-01,08.189.400/0001-07,UN,0.364,50.99,50.99,True
62e496f3ee7f8f25,REQUEIJAO CATUPIRY 180G ERVAS FINAS,2025-01-02 21:04:47,2025-01,08.189.400/0001-07,UN,1.0,8.99,49.94444444444445,True
b0b7df0ff2f5b29c,LEITE FERMENTADO ACTIVIA ZERO 800G AMEIXA,2025-01-02 21:04:47,2025-01,08.189.400/0001-07,UN,1.0,15.59,19.4875,True
09405243568c08db,REQUEIJAO CATUPIRY 180G AZEITONAS PRETAS,2025-01-02 21:04:47,2025-01,08.189.400/0001-07,UN,1.0,8.99,49.94444444444445,True
f9c87d202d6c4fb5,QUEENSBERRY DIET 280G FRAMBOESA,2025-01-02 21:04:47,2025-01,08.189.400/0001-07,UN,1.0,24.49,87.4642857142857,True
a7caf566b949a184,AVEIA NATUQUALY 170G EM FLOCOS GROSSOS,2025-01-02 21:04:47,2025-01,08.189.400/0001-07,UN,3.0,3.39,19.94117647058824,True
db70865cebd0d838,MAGIC TOAST MARILAN 110G ORIGINAL,2025-01-02 21:04:47,2025-01,08.189.400/0001-07,UN,2.0,6.59,59.90909090909091,True
10e8be50e0548345,BISCOITO MARILAN 350G CREAM CRACKER ESPECIAL,2025-01-02 21:04:47,2025-01,08.189.400/0001-07,UN,1.0,3.99,11.400000000000002,True
c24ed6d7a3c5119b,GRAO DE BICO KICALDO 500GR,2025-01-02 21:04:47,2025-01,08.189.400/0001-07,UN,1.0,10.69,10.69,True
6c31ce625dc4ccf0,CAFE SANTA CLARA 250G CLASSICO ALMOFADA,2025-01-02 21:04:47,2025-01,08.189.400/0001-07,UN,1.0,13.49,53.96,True
c2cbe7463cfdefde,FLOCAO DE MILHO VITAMILHO 500G,2025-01-02 21:04:47,2025-01,08.189.400/0001-07,UN,1.0,1.43,2.86,True
3cf0533e5613a9e0,ARROZ ARRETADO 1KG BRANCO POLIDO,2025-01-02 21:04:47,2025-01,08.189.400/0001-07,UN,2.0,6.49,6.49,True
895e43a3bf0ef3d5,FEIJAO KICALDO 1KG CARIOCA,2025-01-02 21:04:47,2025-01,08.189.400/0001-07,UN,1.0,7.99,7.99,True
17568338adf8c5c5,FUBA CORINGA 500G NATURAL,2025-01-02 21:04:47,2025-01,08.189.400/0001-07,UN,1.0,2.19,4.38,True
8476b8553b2915b8,VINAGRE MINHOTO 500ML MACA,2025-01-02 21:04:47,2025-01,08.189.400/0001-07,UN,1.0,6.49,12.98,True
8476b8553b2915b8,VINAGRE MINHOTO 500ML MACA,2025-01-02 21:04:47,2025-01,08.189.400/0001-07,UN,1.0,6.49,12.98,True
a0f662821c5ceb8e,AZEITE DE OLIVA BORGES 500ML EXT.VIRGEM VIDRO,2025-01-02 21:04:47,2025-01,08.189.400/0001-07,UN,1.0,46.5,93.0,True
7d5e81fcbb884723,VINHO CASAL GARCIA 750ML BRANCO VERDE,2025-01-02 21:04:47,2025-01,08.189.400/0001-07,UN,1.0,59.99,79.98666666666666,True
d1cfde49378013d8,GATORADE 500ML MORANGO E MELANCIA,2025-01-02 21:04:47,2025-01,08.189.400/0001-07,UN,1.0,5.79,11.58,True
317a86d2ceb9311b,LEITE BETANIA 1L INTEGRAL TAMPA ROSCA,2025-01-02 21:04:47,2025-01,08.189.400/0001-07,UN,2.0,6.49,6.49,True
83efa2ad27ecdf24,ESPONJA BOMBRIL MULTIUSO LV4 PG3,2025-01-02 21:04:47,2025-01,08.189.400/0001-07,UN,1.0,4.69,4.69,True
d7683688da86a474,TOALHA PBANHO BOUTON IMPERIA 3294 DUSTY ROSE REF,2025-01-02 21:04:47,2025-01,08.189.400/0001-07,UN,1.0,79.99,79.99,True
8dadbbb655d4f9e6,TOALHA B.CASA PBANHO YASMIM 70CM CARVALHO,2025-01-02 21:04:47,2025-01,08.189.400/0001-07,UN,1.0,49.99,49.99,True
295a41ef93b336b6,TOALHA DE PAPEL ABSOLUTO DECOR C2,2025-01-02 21:04:47,2025-01,08.189.400/0001-07,UN,1.0,5.29,5.29,True
41dcee0c970ccb9c,PAPEL HIG.NEVE NEUTRO C12 30MT LV12 PG11 NEUTRO,2025-01-02 21:04:47,2025-01,08.189.400/0001-07,UN,1.0,25.79,25.79,True
1345ae0fb381e245,ESPONJA DE ACO BOMBRIL ECO 60G C8UN,2025-01-02 21:04:47,2025-01,08.189.400/0001-07,UN,1.0,1.99,33.166666666666664,True
f5920c31a0cd5e3f,"LAVA ROUPAS INVICTO PO 1,6KG LAVANDA SACHE",2025-01-02 21:04:47,2025-01,08.189.400/0001-07,UN,1.0,14.89,9.30625,True
94d9344c976a4a2c,DET.LIQ.YPE 500ML NEUTRO,2025-01-02 21:04:47,2025-01,08.189.400/0001-07,UN,2.0,3.19,6.38,True
39dfbe6987a4c471,INSETICIDA SBP AERO LV MAIS PG MENOS 450ML CITRONE,2025-01-02 21:04:47,2025-01,08.189.400/0001-07,UN,1.0,14.99,33.31111111111111,True
47fd8d3589de6d63,GRAXA BRANCA 300ML ORBI GRAX,2025-01-02 21:04:47,2025-01,08.189.400/0001-07,UN,1.0,12.99,43.3,True
7a78422c88e0ffc1,DESODORANTE AEROSOL AXE BLACK 150ML96G.,2025-01-02 21:04:47,2025-01,08.189.400/0001-07,UN,1.0,12.99,135.3125,True
7c10874e0864b0cf,DESOD.AERO.AXE APOLLO 150ML96G,2025-01-02 21:04:47,2025-01,08.189.400/0001-07,UN,1.0,12.99,135.3125,True
d5fe02e1a7b25ded,DESODORANTE AEROSOL REXONA MEN TUNING V8 89G150ML,2025-01-02 21:04:47,2025-01,08.189.400/0001-07,UN,1.0,15.69,104.6,True
934942e554cf0b6b,INSET.SBP REF 45 NOITES 35ML,2025-01-02 21:04:47,2025-01,08.189.400/0001-07,UN,1.0,17.99,513.9999999999999,True
c60463256b175cd3,RATICIDA KELLMAT C4 BLOCOS,2025-01-02 21:04:47,2025-01,08.189.400/0001-07,UN,1.0,9.99,9.99,True
1d7592aaa5ca56f6,DESINFETANTE KALIPTO 5L EUCALIPTO,2025-01-02 21:04:47,2025-01,08.189.400/0001-07,UN,1.0,21.59,4.318,True
8475da0cd93c3905,CERVEJA HEINEKEN 330ML LONG NECK,2025-01-02 21:04:47,2025-01,08.189.400/0001-07,UN,2.0,6.59,19.96969696969697,True
6a6a39671d571810,MANGA ROSA KG,2025-01-02 21:04:47,2025-01,08.189.400/0001-07,KG,1.015,4.99,4.99,True
4a534f5772043636,CONFEITOS MMS 45G CHOC.AO LEITE,2025-01-02 21:04:47,2025-01,08.189.400/0001-07,UN,1.0,5.39,119.77777777777776,True
04042a5aa7c6484a,OVOS AVINE EXTRA C30 BRANCO,2025-01-02 21:04:47,2025-01,08.189.400/0001-07,UN,2.0,18.99,18.99,True
48bc93fb997ec965,POLPETINI DE ORIGEM,2024-12-28 20:03:11,2024-12,06.289.452/0001-11,und,1.0,51.0,51.0,True
33689979c5e31791,POLPETAS NO MOLHO ALFREDO,2024-12-28 20:03:11,2024-12,06.289.452/0001-11,und,1.0,54.0,54.0,True
0dfbe6d49f2fe5a3,TAXA DE ENTREGA,2024-12-28 20:03:11,2024-12,06.289.452/0001-11,UND,1.0,15.0,15.0,True
237fd4cac00fb60d,PIZZA GRANDE 8 FATIAS+REFRI 1,2024-12-27 20:11:01,2024-12,35.128.392/0001-53,und,1.0,61.0,61.0,True
136b0089b22f955b,TAXA DE ENTREGA,2024-12-27 20:11:01,2024-12,35.128.392/0001-53,UND,1.0,10.0,10.0,True
a496d9648c6a4253,CAMARAO A PARMEGIANA,2024-12-16 17:57:28,2024-12,04.939.826/0001-71,und,1.0,72.0,72.0,True
d45c823a445f6e53,TAXA DE ENTREGA,2024-12-16 17:57:28,2024-12,04.939.826/0001-71,UND,1.0,9.0,9.0,True
2394c8dcdc2a7b87,GALETO SIMPLES,2024-12-15 13:31:47,2024-12,04.939.826/0001-71,und,1.0,59.0,59.0,True
d45c823a445f6e53,TAXA DE ENTREGA,2024-12-15 13:31:47,2024-12,04.939.826/0001-71,UND,1.0,6.98,6.98,True
48bc93fb997ec965,POLPETINI DE ORIGEM,2024-12-14 18:55:41,2024-12,06.289.452/0001-11,und,1.0,51.0,51.0,True
33689979c5e31791,POLPETAS NO MOLHO ALFREDO,2024-12-14 18:55:41,2024-12,06.289.452/0001-11,und,1.0,54.0,54.0,True
0dfbe6d49f2fe5a3,TAXA DE ENTREGA,2024-12-14 18:55:41,2024-12,06.289.452/0001-11,UND,1.0,15.0,15.0,True
978b7b2548bff29b,D1 PIZZA GRANDE,2024-12-13 22:06:54,2024-12,36.417.867/0001-94,und,1.0,83.9,83.9,True
4e7dd5979668750c,TAXA DE ENTREGA,2024-12-13 22:06:54,2024-12,36.417.867/0001-94,UND,1.0,12.99,12.99,True
4fa2af39abdc7ca9,TAFF MAN-EX 110ML UND,2024-12-08 19:47:01,2024-12,08.189.400/0001-07,UN,1.0,5.69,51.727272727272734,True
aa68ddc158ebadb0,PEIXE SARDINHA CONG.LAJE 1KG,2024-12-08 19:47:01,2024-12,08.189.400/0001-07,UN,4.0,15.99,15.99,True
fd165a4446cb0aca,QUEIJO BRIE DOR SELECAO 125G FRAC.,2024-12-08 19:47:01,2024-12,08.189.400/0001-07,UN,1.0,16.79,134.32,True
79c5e503193af765,QUEIJO ILPLA COALHO NATURAL KG,2024-12-08 19:47:01,2024-12,08.189.400/0001-07,UN,0.992,50.99,50.99,True
115e2ccc76a6cace,REQUEIJAO ITACOLOMY CREMOSO PT 180G,2024-12-08 19:47:01,2024-12,08.189.400/0001-07,UN,1.0,8.59,47.72222222222222,True
c48308496cbe7cdb,LEITE FERM.DANONE ACTIVIA 450G,2024-12-08 19:47:01,2024-12,08.189.400/0001-07,UN,1.0,8.49,18.866666666666667,True
c3568b52a3774134,PASSATA DI POMOD.LA PASTINA 680G VD,2024-12-08 19:47:01,2024-12,08.189.400/0001-07,UN,1.0,23.39,34.39705882352941,True
e7cb3f1786722fb1,ESPUMANTE JAUME SERRA 750ML BRUT,2024-12-08 19:47:01,2024-12,08.189.400/0001-07,UN,1.0,59.99,79.98666666666666,True
2d6aa941cee79a88,QUEIJO PRESIDENT 160G MAASDAM,2024-12-08 19:47:01,2024-12,08.189.400/0001-07,UN,1.0,19.99,124.9375,True
4f49127eba2affe0,ALFACE AMERICANA 2MFC EM BOLA UNIDADE,2024-12-08 19:47:01,2024-12,08.189.400/0001-07,UN,1.0,6.29,6.29,True
8e35893db249e90c,ALHO A GRANEL KG,2024-12-08 19:47:01,2024-12,08.189.400/0001-07,UN,0.13,47.99,47.99,True
492aab44e000822d,BANANA PACOVAN KG,2024-12-08 19:47:01,2024-12,08.189.400/0001-07,KG,0.91,5.49,5.49,True
a265a35e75b6218a,CEBOLINHA HSV ORGANICA UN,2024-12-08 19:47:01,2024-12,08.189.400/0001-07,UN,1.0,3.99,3.99,True
801629231c8ed70d,VAGEM KG,2024-12-08 19:47:01,2024-12,08.189.400/0001-07,UN,0.412,23.39,23.39,True
b79086211ca72044,COENTRO 2MFC UNIDADE,2024-12-08 19:47:01,2024-12,08.189.400/0001-07,UN,1.0,3.69,3.69,True
ef2bc98097c32fc0,TOMATE GRAPE FRISON 180G BANDEJA,2024-12-08 19:47:01,2024-12,08.189.400/0001-07,UN,1.0,4.99,27.722222222222225,True
fadc1a233c829d8d,RUCULA 2MFC UNIDADE,2024-12-08 19:47:01,2024-12,08.189.400/0001-07,UN,1.0,3.99,3.99,True
7e87a542568272ea,COUVE FOLHA 2MFC UNIDADE,2024-12-08 19:47:01,2024-12,08.189.400/0001-07,UN,1.0,3.49,3.49,True
f269d6468dbb1f4f,REPOLHO ROXO KG,2024-12-08 19:47:01,2024-12,08.189.400/0001-07,UN,0.817,10.99,10.99,True
cad1bfb332ca89e8,CENOURA KG,2024-12-08 19:47:01,2024-12,08.189.400/0001-07,KG,1.335,5.49,5.49,True
c6eb92fcec908aa2,MACAXEIRA KG,2024-12-08 19:47:01,2024-12,08.189.400/0001-07,KG,1.145,4.79,4.79,True
a2f39b14ff4c0b01,CEBOLA BRANCA KG,2024-12-08 19:47:01,2024-12,08.189.400/0001-07,KG,1.175,3.49,3.49,True
bfbe82025f7b8735,CANJICA DE MILHO OKOSHI CSAL 40G,2024-12-08 19:47:01,2024-12,08.189.400/0001-07,UN,1.0,4.99,124.75,True
de1ddecbf2d19197,PAO BAUDUCO 390G FORMA TRADICIONAL,2024-12-08 19:47:01,2024-12,08.189.400/0001-07,UN,1.0,9.69,24.846153846153843,True
87fc6294ca2e7349,SALGADO PINGO D OURO 30G BACON,2024-12-08 19:47:01,2024-12,08.189.400/0001-07,UN,1.0,1.74,58.0,True
81afd65287b4ff7f,"BISCOITO VITARELLA C.CRACKER 367,5G INTEGRAL",2024-12-08 19:47:01,2024-12,08.189.400/0001-07,UN,1.0,5.79,15.755102040816327,True
2200fb73b41ef633,PAO LITORAL AUSTRALIANO KG,2024-12-08 19:47:01,2024-12,08.189.400/0001-07,UN,0.226,29.99,29.99,True
de1ddecbf2d19197,PAO BAUDUCO 390G FORMA TRADICIONAL,2024-12-08 19:47:01,2024-12,08.189.400/0001-07,UN,1.0,9.69,24.846153846153843,True
cba7cb9bf08eb28d,MAGIC TOAST MARILAN 110G MULTICEREAIS,2024-12-08 19:47:01,2024-12,08.189.400/0001-07,UN,1.0,6.59,59.90909090909091,True
cba7cb9bf08eb28d,MAGIC TOAST MARILAN 110G MULTICEREAIS,2024-12-08 19:47:01,2024-12,08.189.400/0001-07,UN,1.0,6.59,59.90909090909091,True
cba7cb9bf08eb28d,MAGIC TOAST MARILAN 110G MULTICEREAIS,2024-12-08 19:47:01,2024-12,08.189.400/0001-07,UN,1.0,6.59,59.90909090909091,True
384b96264cf98dec,CARA SAO TOME KG,2024-12-08 19:47:01,2024-12,08.189.400/0001-07,UN,1.785,9.45,9.45,True
dbe3dde28ea505c9,COCO SECO UN,2024-12-08 19:47:01,2024-12,08.189.400/0001-07,UN,1.0,3.99,3.99,True
dbe3dde28ea505c9,COCO SECO UN,2024-12-08 19:47:01,2024-12,08.189.400/0001-07,UN,1.0,3.99,3.99,True
60b79dc5a14c7225,BOLO LITORAL CHOCOLATE KG,2024-12-08 19:47:01,2024-12,08.189.400/0001-07,UN,0.33,34.99,34.99,True
3cd2b5524baa96cf,AZEITE DE OLIVA EA L.CARTUXA 500ML EXT.VIRGEM VID,2024-12-08 19:47:01,2024-12,08.189.400/0001-07,UN,1.0,54.9,109.8,True
0b3498d39a4cc444,INSETICIDA SBP AERO LV MAIS PG MENOS 450ML EUCALIP,2024-12-08 19:47:01,2024-12,08.189.400/0001-07,UN,1.0,12.99,28.866666666666667,True
8173b1c77327e886,REPELENTE OFF FAMILY SPRAY 170ML,2024-12-08 19:47:01,2024-12,08.189.400/0001-07,UN,1.0,31.59,185.8235294117647,True
af4527db7c235d57,SABONETE PHEBO RAIZ DO ORIENTE 90G,2024-12-08 19:47:01,2024-12,08.189.400/0001-07,UN,1.0,4.66,51.77777777777778,True
af4527db7c235d57,SABONETE PHEBO RAIZ DO ORIENTE 90G,2024-12-08 19:47:01,2024-12,08.189.400/0001-07,UN,1.0,4.66,51.77777777777778,True
95de0ab2305245d7,SABONETE PHEBO FRESC.DA MANHA AZ. 90G,2024-12-08 19:47:01,2024-12,08.189.400/0001-07,UN,1.0,4.66,51.77777777777778,True
94d9344c976a4a2c,DET.LIQ.YPE 500ML NEUTRO,2024-12-08 19:47:01,2024-12,08.189.400/0001-07,UN,1.0,3.19,6.38,True
94d9344c976a4a2c,DET.LIQ.YPE 500ML NEUTRO,2024-12-08 19:47:01,2024-12,08.189.400/0001-07,UN,1.0,3.19,6.38,True
bf6ac4237a87fbf8,DESINFETANTE INSPIRA 500ML MULTI ANTIMOFO,2024-12-08 19:47:01,2024-12,08.189.400/0001-07,UN,1.0,22.59,45.18,True
7a78422c88e0ffc1,DESODORANTE AEROSOL AXE BLACK 150ML96G.,2024-12-08 19:47:01,2024-12,08.189.400/0001-07,UN,1.0,12.99,135.3125,True
fcfc5d804e5d7d04,DESODORANTE AEROSOL AXE URBAN 152ML90G ANTI-MARKS,2024-12-08 19:47:01,2024-12,08.189.400/0001-07,UN,1.0,12.99,144.33333333333334,True
e83d755ccc6a28e3,TOALHA DE PAPEL SCALA BRANCO C3,2024-12-08 19:47:01,2024-12,08.189.400/0001-07,UN,1.0,16.79,16.79,True
41dcee0c970ccb9c,PAPEL HIG.NEVE NEUTRO C12 30MT LV12 PG11 NEUTRO,2024-12-08 19:47:01,2024-12,08.189.400/0001-07,UN,1.0,25.79,25.79,True
67319caf2e1bb1e7,D1 COCA LITRO,2024-12-07 19:57:56,2024-12,36.417.867/0001-94,und,1.0,13.9,13.9,True
978b7b2548bff29b,D1 PIZZA GRANDE,2024-12-07 19:57:56,2024-12,36.417.867/0001-94,und,1.0,87.9,87.9,True
4e7dd5979668750c,TAXA DE ENTREGA,2024-12-07 19:57:56,2024-12,36.417.867/0001-94,UND,1.0,12.99,12.99,True
3338091d25277cbc,VENT MAL COL CH 220,2024-12-02 12:47:37,2024-12,06.057.223/0432-29,Un,1.0,279.0,279.0,True
0a806ca0851a318e,COCA-COLA LT 350ML,2024-11-30 19:31:15,2024-11,06.289.452/0001-11,UND,1.0,7.0,20.0,True
48bc93fb997ec965,POLPETINI DE ORIGEM,2024-11-30 19:31:15,2024-11,06.289.452/0001-11,und,1.0,51.0,51.0,True
33689979c5e31791,POLPETAS NO MOLHO ALFREDO,2024-11-30 19:31:15,2024-11,06.289.452/0001-11,und,1.0,54.0,54.0,True
0dfbe6d49f2fe5a3,TAXA DE ENTREGA,2024-11-30 19:31:15,2024-11,06.289.452/0001-11,UND,1.0,15.0,15.0,True
67319caf2e1bb1e7,D1 COCA LITRO,2024-11-23 18:55:13,2024-11,36.417.867/0001-94,und,1.0,13.9,13.9,True
978b7b2548bff29b,D1 PIZZA GRANDE,2024-11-23 18:55:13,2024-11,36.417.867/0001-94,und,1.0,87.9,87.9,True
4e7dd5979668750c,TAXA DE ENTREGA,2024-11-23 18:55:13,2024-11,36.417.867/0001-94,UND,1.0,12.99,12.99,True
9cd9999acb22ab95,REG ESF VS 50MM TIGRE,2024-11-22 10:54:31,2024-11,03.656.804/0015-37,UN,4.0,64.9,64.9,True
5d1dee89a744aa7d,ADESIVO PLAST BISN PL 75G AMANCO,2024-11-22 10:54:31,2024-11,03.656.804/0015-37,UN,1.0,9.99,133.20000000000002,True
49ee7f48d54fc2f3,MASSA ACRILICA BD 25KG IQUINE,2024-11-22 10:54:31,2024-11,03.656.804/0015-37,UN,2.0,124.9,4.996,True
2574b6fccae87f58,NISTATINA+OXIDO ZINC,2024-11-21 12:02:05,2024-11,04.899.316/0417-36,UN,1.0,17.79,17.79,True
da2f04aec5afc02e,SALG PIRAQUE FILE AP,2024-11-21 12:02:05,2024-11,04.899.316/0417-36,UN,1.0,3.99,3.99,True
f38680d5416f9032,NUTREN SENIOR 740G,2024-11-21 12:02:05,2024-11,04.899.316/0417-36,UN,1.0,164.99,222.95945945945948,True
c6198d69052e92c5,CARGA MACH3 SENSITIV,2024-11-21 12:02:05,2024-11,04.899.316/0417-36,UN,1.0,87.99,87.99,True
e3c89db829d08d07,AP BARB MACH3 SENSIT,2024-11-21 12:02:05,2024-11,04.899.316/0417-36,UN,1.0,27.49,27.49,True
dd248c7af69b9e6c,COOKIES NUTRABIX CAC,2024-11-21 12:02:05,2024-11,04.899.316/0417-36,UN,1.0,9.99,9.99,True
aa68ddc158ebadb0,PEIXE SARDINHA CONG.LAJE 1KG,2024-11-17 19:33:52,2024-11,08.189.400/0001-07,UN,5.0,15.99,15.99,True
4fa2af39abdc7ca9,TAFF MAN-EX 110ML UND,2024-11-17 19:33:52,2024-11,08.189.400/0001-07,UN,1.0,5.44,49.45454545454546,True
492aab44e000822d,BANANA PACOVAN KG,2024-11-17 19:33:52,2024-11,08.189.400/0001-07,KG,0.81,5.99,5.99,True
fc1e3b4498a58d4c,LIMAO TAITI KG,2024-11-17 19:33:52,2024-11,08.189.400/0001-07,KG,0.575,9.49,9.49,True
580a57bd73e21c8d,MACA ARGENTINA RED IMP.KG,2024-11-17 19:33:52,2024-11,08.189.400/0001-07,KG,0.72,16.59,16.59,True
6152fc73202289cc,IOGURTE ISIS 900G BANANA CMACA,2024-11-17 19:33:52,2024-11,08.189.400/0001-07,UN,2.0,9.99,11.1,True
0ec221a39538717a,LEITE CONDENSADO CEMIL 395G INTEGRAL TP,2024-11-17 19:33:52,2024-11,08.189.400/0001-07,UN,2.0,7.49,18.96202531645569,True
1db78a69c222eacd,LEITE FERMENTADO CHAMYTO BIG 720G,2024-11-17 19:33:52,2024-11,08.189.400/0001-07,UN,1.0,14.69,20.40277777777778,True
317a86d2ceb9311b,LEITE BETANIA 1L INTEGRAL TAMPA ROSCA,2024-11-17 19:33:52,2024-11,08.189.400/0001-07,UN,1.0,6.49,6.49,True
acbe24639e489e16,AVEIA QUAKER 165G FLOCOS FINOS CAIXA,2024-11-17 19:33:52,2024-11,08.189.400/0001-07,UN,1.0,3.99,24.181818181818183,True
d667f1d970f6df02,BISCOITO PIRAQUE CREAM CRACKER 184G,2024-11-17 19:33:52,2024-11,08.189.400/0001-07,UN,1.0,5.39,29.293478260869563,True
acbe24639e489e16,AVEIA QUAKER 165G FLOCOS FINOS CAIXA,2024-11-17 19:33:52,2024-11,08.189.400/0001-07,UN,1.0,3.99,24.181818181818183,True
3db9f7c3880d8963,REQUEIJAO CATUPIRY COPOCREAM 200G,2024-11-17 19:33:52,2024-11,08.189.400/0001-07,UN,2.0,8.49,42.45,True
28a78375f4f599f6,SUCO NATURAL ONE 300ML LARANJA,2024-11-17 19:33:52,2024-11,08.189.400/0001-07,UN,1.0,8.39,27.96666666666667,True
10e8be50e0548345,BISCOITO MARILAN 350G CREAM CRACKER ESPECIAL,2024-11-17 19:33:52,2024-11,08.189.400/0001-07,UN,1.0,3.77,10.771428571428572,True
f0616747af98fe4b,MORT.PERDIGAO OURO 200G CERVAS FINAS,2024-11-17 19:33:52,2024-11,08.189.400/0001-07,UN,1.0,8.59,42.95,True
79c5e503193af765,QUEIJO ILPLA COALHO NATURAL KG,2024-11-17 19:33:52,2024-11,08.189.400/0001-07,UN,0.962,50.99,50.99,True
6f789c480d6f6dcb,ARROZ COMETA 1KG PARBOILIZADO  TIPO 1,2024-11-17 19:33:52,2024-11,08.189.400/0001-07,UN,1.0,6.99,6.99,True
317a86d2ceb9311b,LEITE BETANIA 1L INTEGRAL TAMPA ROSCA,2024-11-17 19:33:52,2024-11,08.189.400/0001-07,UN,1.0,6.49,6.49,True
458225dc7ab3e4f0,PAO BAUDUCO 390G FORMA INTEGRAL,2024-11-17 19:33:52,2024-11,08.189.400/0001-07,UN,1.0,11.89,30.48717948717949,True
6a3413ddf213582a,BOLO LITORAL MACAXEIRA KG,2024-11-17 19:33:52,2024-11,08.189.400/0001-07,UN,0.456,29.9,29.9,True
319f2c6764c9c20f,"SUCO DE UVA GARIBALDI 1,5L INTEGRAL BRANCO",2024-11-17 19:33:52,2024-11,08.189.400/0001-07,UN,1.0,18.59,12.393333333333333,True
d2132736fda2a0cd,MOLHO DE TOMATE HEMMER 680G PASSATA,2024-11-17 19:33:52,2024-11,08.189.400/0001-07,UN,1.0,19.39,28.51470588235294,True
8ea6832847cd3be0,AGUA MINERAL INDAIA 500ML CGAS,2024-11-17 19:33:52,2024-11,08.189.400/0001-07,UN,1.0,2.49,4.98,True
a97081fe41999c88,TOALHA UMED.HUGGIES MAX CLEAN C48UN,2024-11-17 19:33:52,2024-11,08.189.400/0001-07,UN,1.0,22.62,22.62,True
beefe286522cc753,PANO PERFEX ANTIBAC.AZUL LV5 PG4,2024-11-17 19:33:52,2024-11,08.189.400/0001-07,UN,1.0,6.89,6.89,True
97966ac41286bcc5,"DET.PO TIXAN YPE LV.1,6KG PG.1,52KG MACIEZ",2024-11-17 19:33:52,2024-11,08.189.400/0001-07,UN,1.0,23.99,14.99375,True
af4527db7c235d57,SABONETE PHEBO RAIZ DO ORIENTE 90G,2024-11-17 19:33:52,2024-11,08.189.400/0001-07,UN,2.0,4.66,51.77777777777778,True
a84a481638e83fcd,SABONETE PHEBO ODOR ROSAS AMAR. 90G,2024-11-17 19:33:52,2024-11,08.189.400/0001-07,UN,1.0,4.66,51.77777777777778,True
e8c0ebdff8320ef4,DESODORANTE AEROSOL AXE MARINE 152ML90G,2024-11-17 19:33:52,2024-11,08.189.400/0001-07,UN,1.0,12.99,144.33333333333334,True
af67832ec649a935,GLADE AERO.AURA FRESH 360ML EUCALIPTOMADEIRA TROP,2024-11-17 19:33:52,2024-11,08.189.400/0001-07,UN,1.0,13.99,38.86111111111112,True
54931aeef77be7e2,GLADE AERO. FRUTAS E FLORES VIBRANTES 360ML305G,2024-11-17 19:33:52,2024-11,08.189.400/0001-07,UN,1.0,14.99,49.14754098360656,True
d19aec14e0162d69,INSETICIDA SBP AERO LV MAIS PG MENOS 450ML MULTIIN,2024-11-17 19:33:52,2024-11,08.189.400/0001-07,UN,1.0,16.99,37.75555555555555,True
1a1db9bcea736ebb,SABONETE LIQUIDO REXONA ANTIBAC.1L ERVA DOCE,2024-11-17 19:33:52,2024-11,08.189.400/0001-07,UN,1.0,24.79,24.79,True
3b0e46950f0f9464,DESINFETANTE PINHO BRIL SILVESTRE LV1L PG900ML,2024-11-17 19:33:52,2024-11,08.189.400/0001-07,UN,1.0,8.99,8.99,True
94d9344c976a4a2c,DET.LIQ.YPE 500ML NEUTRO,2024-11-17 19:33:52,2024-11,08.189.400/0001-07,UN,2.0,3.19,6.38,True
bb52a384ca500da4,CR.DENTAL COLGATE 180G MAX.PROT.CARIES,2024-11-17 19:33:52,2024-11,08.189.400/0001-07,UN,2.0,8.79,48.83333333333333,True
808ebce5b8f4344a,DESINFETANTE VEJA POWER FUSION 500ML BICARBONATOL,2024-11-17 19:33:52,2024-11,08.189.400/0001-07,UN,1.0,12.89,25.78,True
4ee479b1f6ab7fdc,CREME DENTAL COLGATE 120G MAX.PROT.ANTICARIES,2024-11-17 19:33:52,2024-11,08.189.400/0001-07,UN,1.0,6.39,53.25,True
b7afc04d9dc6c0cb,ESC.GREEN INTERDENTAL 0.6MM,2024-11-17 19:33:52,2024-11,08.189.400/0001-07,UN,1.0,15.99,15.99,True
292c4209cc0d51dd,OLEO KING DE CEDRO 200ML,2024-11-17 19:33:52,2024-11,08.189.400/0001-07,UN,1.0,12.99,64.95,True
289803160eb924cf,LIMPADOR CASAPERFUME 500ML AMABLE,2024-11-17 19:33:52,2024-11,08.189.400/0001-07,UN,1.0,5.99,11.98,True
299e6c2408e2443d,LAVA ROUPAS LIQ.MON BIJOU 1L COCO,2024-11-17 19:33:52,2024-11,08.189.400/0001-07,UN,1.0,22.99,22.99,True
2ff08008c036b2e2,ENXAGUANTE BUCAL COLGATE      -12 500ML CARVAO,2024-11-17 19:33:52,2024-11,08.189.400/0001-07,UN,1.0,26.49,52.98,True
d157d4f442d4a93d,ALCOOL SANTA CRUZ 54L 1L,2024-11-17 19:33:52,2024-11,08.189.400/0001-07,UN,1.0,7.89,0.1461111111111111,True
f1d645a5fc8faa80,GEL ADESIVO PATO APARELHO GRATIS C6 DISCOS MARINE,2024-11-17 19:33:52,2024-11,08.189.400/0001-07,UN,1.0,18.39,18.39,True
f684b3f0ba2dc2b6,PATO PASTILHA ADESIVA FLORAL C3UNI OFERTA ESP.,2024-11-17 19:33:52,2024-11,08.189.400/0001-07,UN,1.0,7.99,7.99,True
f684b3f0ba2dc2b6,PATO PASTILHA ADESIVA FLORAL C3UNI OFERTA ESP.,2024-11-17 19:33:52,2024-11,08.189.400/0001-07,UN,1.0,7.99,7.99,True
6d81f38a4eee8d03,NAFTALINA IGUAL 40GR,2024-11-17 19:33:52,2024-11,08.189.400/0001-07,UN,2.0,3.99,3.99,True
3725f0a320d4204e,TOALHA DE PAPEL MILI C2.,2024-11-17 19:33:52,2024-11,08.189.400/0001-07,UN,1.0,5.49,5.49,True
f8daeb3df8df7964,SAND.RIDER R1 SPEED AD AZULVERMELHA REF20698,2024-11-17 19:33:52,2024-11,08.189.400/0001-07,UN,1.0,31.99,31.99,True
9d600279dfe887ec,AGUA SANITARIA BRILUX 5L,2024-11-17 19:33:52,2024-11,08.189.400/0001-07,UN,1.0,15.39,3.0780000000000003,True
3c6f7bba249e22d0,MOP STA.MARIA PVA ABSORVENTE REFIL,2024-11-17 19:33:52,2024-11,08.189.400/0001-07,UN,1.0,31.99,31.99,True
97883e98012e50e7,ESFREGAO STA.MARIA ABSORVENTE POP MOP,2024-11-17 19:33:52,2024-11,08.189.400/0001-07,UN,1.0,74.99,74.99,True
2f16fbbf332647a1,RODO STA.MARIA 60CM REF 353,2024-11-17 19:33:52,2024-11,08.189.400/0001-07,UN,1.0,33.59,33.59,True
0a806ca0851a318e,COCA-COLA LT 350ML,2024-11-16 19:33:46,2024-11,06.289.452/0001-11,UND,1.0,7.0,20.0,True
48bc93fb997ec965,POLPETINI DE ORIGEM,2024-11-16 19:33:46,2024-11,06.289.452/0001-11,und,1.0,51.0,51.0,True
33689979c5e31791,POLPETAS NO MOLHO ALFREDO,2024-11-16 19:33:46,2024-11,06.289.452/0001-11,und,1.0,54.0,54.0,True
0dfbe6d49f2fe5a3,TAXA DE ENTREGA,2024-11-16 19:33:46,2024-11,06.289.452/0001-11,UND,1.0,15.0,15.0,True
6a6a39671d571810,MANGA ROSA KG,2024-11-01 19:09:57,2024-11,08.189.400/0001-07,KG,1.745,4.49,4.49,True
cd340d8fc9f14ba8,BANANA PRATA KG,2024-11-01 19:09:57,2024-11,08.189.400/0001-07,KG,1.29,7.59,7.59,True
562ac17ad82b34d7,AMENDOAS SCASCA DOCEMEL RES.GOURMET 150G,2024-11-01 19:09:57,2024-11,08.189.400/0001-07,UN,1.0,19.99,133.26666666666665,True
eb525e64bfada88d,BANANA MACA KG,2024-11-01 19:09:57,2024-11,08.189.400/0001-07,KG,0.7,8.99,8.99,True
9832e88156482776,MAMAO PAPAYA GOLDEN KG,2024-11-01 19:09:57,2024-11,08.189.400/0001-07,KG,1.24,8.99,8.99,True
c0509cdb916f1a8e,ABACATE KG,2024-11-01 19:09:57,2024-11,08.189.400/0001-07,KG,1.25,18.99,18.99,True
fc1e3b4498a58d4c,LIMAO TAITI KG,2024-11-01 19:09:57,2024-11,08.189.400/0001-07,KG,0.88,9.99,9.99,True
c9ab8fd6a5ad42f1,UVA DOCE MEL LEVISSA 500G THOMPSON,2024-11-01 19:09:57,2024-11,08.189.400/0001-07,UN,1.0,13.99,27.98,True
1fc7efc7372be2b0,SALGADO EQLIBRI PANETINI 105G QUEIJO SUAVE,2024-11-01 19:09:57,2024-11,08.189.400/0001-07,UN,1.0,9.99,95.14285714285715,True
4f49127eba2affe0,ALFACE AMERICANA 2MFC EM BOLA UNIDADE,2024-11-01 19:09:57,2024-11,08.189.400/0001-07,UN,1.0,6.29,6.29,True
3cf0533e5613a9e0,ARROZ ARRETADO 1KG BRANCO POLIDO,2024-11-01 19:09:57,2024-11,08.189.400/0001-07,UN,1.0,6.99,6.99,True
dbe3dde28ea505c9,COCO SECO UN,2024-11-01 19:09:57,2024-11,08.189.400/0001-07,UN,2.0,3.99,3.99,True
81d507f6a6d0a6cf,LARANJA PERA KG,2024-11-01 19:09:57,2024-11,08.189.400/0001-07,KG,4.945,5.49,5.49,True
17276b9960b1a585,SNACK EQLIBRI PANETINI 40G PRESUNTO DEFUMADO,2024-11-01 19:09:57,2024-11,08.189.400/0001-07,UN,1.0,4.59,114.75,True
458225dc7ab3e4f0,PAO BAUDUCO 390G FORMA INTEGRAL,2024-11-01 19:09:57,2024-11,08.189.400/0001-07,UN,1.0,10.99,28.17948717948718,True
bfbe82025f7b8735,CANJICA DE MILHO OKOSHI CSAL 40G,2024-11-01 19:09:57,2024-11,08.189.400/0001-07,UN,1.0,4.99,124.75,True
9b0c1a5859e3ae9d,ARROZ TIO JOAO 1KG POLIDO,2024-11-01 19:09:57,2024-11,08.189.400/0001-07,UN,1.0,9.39,9.39,True
6f3089235e5468e7,GOMA DE MANDIOCA DATERRA 1KG,2024-11-01 19:09:57,2024-11,08.189.400/0001-07,UN,1.0,7.75,7.75,True
6c31ce625dc4ccf0,CAFE SANTA CLARA 250G CLASSICO ALMOFADA,2024-11-01 19:09:57,2024-11,08.189.400/0001-07,UN,2.0,9.99,39.96,True
ed9bbfa5e0d94fe4,BISCOITO MARILAN CREAM CRACKER 350G MANTEIGA,2024-11-01 19:09:57,2024-11,08.189.400/0001-07,UN,1.0,5.59,15.971428571428572,True
7e9dfdd83c7332b8,LEITE PIRACANJUBA 1L INTEGRAL TP,2024-11-01 19:09:57,2024-11,08.189.400/0001-07,UN,1.0,7.89,7.89,True
75242192cced0d32,LTE.CONDENSADO NESTLE MOCA 395G TP,2024-11-01 19:09:57,2024-11,08.189.400/0001-07,UN,1.0,6.99,17.696202531645568,True
b5e428a1fab7356b,"BISC.NESTLE KIT KAT 41,5G DARK",2024-11-01 19:09:57,2024-11,08.189.400/0001-07,UN,2.0,4.79,115.42168674698794,True
2d801f35a808f81b,"BISC.NESTLE KIT KAT 41,5G AO LEITE",2024-11-01 19:09:57,2024-11,08.189.400/0001-07,UN,3.0,3.79,91.32530120481928,True
774990c1d33dd0e7,CHOCOLATE MILKA 100G GANZE HASELNUSSE,2024-11-01 19:09:57,2024-11,08.189.400/0001-07,UN,1.0,15.69,156.89999999999998,True
d03f77ec5fd2945d,QUEIJO ITAIPI RICOTA KG,2024-11-01 19:09:57,2024-11,08.189.400/0001-07,UN,0.31,33.99,33.99,True
f94e6ba6e6fa2103,QUEIJO ITAIPI MINAS FRESCAL KG,2024-11-01 19:09:57,2024-11,08.189.400/0001-07,KG,0.314,65.99,65.99,True
b0328ad236684d31,SALAME PERDIGAO 100G DEFUMADO,2024-11-01 19:09:57,2024-11,08.189.400/0001-07,UN,1.0,11.99,119.9,True
cabbbb549dcccf4e,PRESUNTO CRU RAR 80G INTERFOLHADO,2024-11-01 19:09:57,2024-11,08.189.400/0001-07,UN,1.0,22.39,279.875,True
07fdf0f587ddcfe6,COPA FAT. VITO BALDUCCI 80G SUINA,2024-11-01 19:09:57,2024-11,08.189.400/0001-07,UN,1.0,26.99,337.375,True
c76a00dc24a37904,REQUEIJAO VIGOR CREMOSO 200GR,2024-11-01 19:09:57,2024-11,08.189.400/0001-07,UN,2.0,8.39,8.39,True
787462d6adaf33d8,"IOGURTE DANONE 1,25KG VITAMINA DE FRUTAS BANMACA",2024-11-01 19:09:57,2024-11,08.189.400/0001-07,UN,1.0,16.99,13.592,True
7e9dfdd83c7332b8,LEITE PIRACANJUBA 1L INTEGRAL TP,2024-11-01 19:09:57,2024-11,08.189.400/0001-07,UN,1.0,7.89,7.89,True
7e9dfdd83c7332b8,LEITE PIRACANJUBA 1L INTEGRAL TP,2024-11-01 19:09:57,2024-11,08.189.400/0001-07,UN,1.0,7.89,7.89,True
03893088285defa9,TOALHA DE PAPEL ABSOLUTO C2,2024-11-01 19:09:57,2024-11,08.189.400/0001-07,UN,1.0,5.29,5.29,True
1db78a69c222eacd,LEITE FERMENTADO CHAMYTO BIG 720G,2024-11-01 19:09:57,2024-11,08.189.400/0001-07,UN,1.0,14.69,20.40277777777778,True
aa68ddc158ebadb0,PEIXE SARDINHA CONG.LAJE 1KG,2024-11-01 19:09:57,2024-11,08.189.400/0001-07,UN,4.0,15.99,15.99,True
1d7592aaa5ca56f6,DESINFETANTE KALIPTO 5L EUCALIPTO,2024-11-01 19:09:57,2024-11,08.189.400/0001-07,UN,1.0,19.99,3.998,True
9c73a677d9ff228e,ESPONJA YPE MULTIUSO LV4 PG3,2024-11-01 19:09:57,2024-11,08.189.400/0001-07,UN,1.0,6.49,6.49,True
2415fd92a3bfdbf5,DET.PO BRILHANTE LIMPEZA TOTAL. 4K BAG,2024-11-01 19:09:57,2024-11,08.189.400/0001-07,UN,1.0,56.39,56.39,True
e7cb3f1786722fb1,ESPUMANTE JAUME SERRA 750ML BRUT,2024-11-01 19:09:57,2024-11,08.189.400/0001-07,UN,1.0,59.99,79.98666666666666,True
4d0f655b3826bb5a,PAPEL HIG.NEVE NEUTRO LV16 PG15 COMPACTO,2024-11-01 19:09:57,2024-11,08.189.400/0001-07,UN,1.0,33.99,33.99,True
978b7b2548bff29b,D1 PIZZA GRANDE,2024-10-26 19:17:45,2024-10,36.417.867/0001-94,und,1.0,75.9,75.9,True
4e7dd5979668750c,TAXA DE ENTREGA,2024-10-26 19:17:45,2024-10,36.417.867/0001-94,UND,1.0,12.99,12.99,True
0f7c3fcb6d19c6e0,"TECIDO CORTTEX - VOIL FLAME 3,00 M CINZA - 03 (COD: 2819)",2024-10-25 16:13:17,2024-10,19.036.245/0001-05,M,10.0,111.0,111.0,True
4fa2af39abdc7ca9,TAFF MAN-EX 110ML UND,2024-10-24 20:37:37,2024-10,08.189.400/0001-07,UN,1.0,5.44,49.45454545454546,True
8e35893db249e90c,ALHO A GRANEL KG,2024-10-24 20:37:37,2024-10,08.189.400/0001-07,UN,0.23,47.99,47.99,True
4ab70865611936ad,BETERRABA KG,2024-10-24 20:37:37,2024-10,08.189.400/0001-07,KG,0.97,6.99,6.99,True
3f500b60c1e429f6,QUEIJO FAIXA AZUL PARMESAO CILINDRO 195G,2024-10-24 20:37:37,2024-10,08.189.400/0001-07,UN,1.0,28.99,148.66666666666666,True
cd340d8fc9f14ba8,BANANA PRATA KG,2024-10-24 20:37:37,2024-10,08.189.400/0001-07,KG,1.535,5.99,5.99,True
c76a00dc24a37904,REQUEIJAO VIGOR CREMOSO 200GR,2024-10-24 20:37:37,2024-10,08.189.400/0001-07,UN,1.0,8.39,8.39,True
cd5e8c1922d9bfcd,QUEIJO TIROLEZ MUSSARELA KG,2024-10-24 20:37:37,2024-10,08.189.400/0001-07,UN,0.1,63.99,63.99,True
cd5e8c1922d9bfcd,QUEIJO TIROLEZ MUSSARELA KG,2024-10-24 20:37:37,2024-10,08.189.400/0001-07,UN,0.102,63.99,63.99,True
de5b2cb53dd5c4d5,"IOGURTE NESTLE 1,25KG VITAMINA DE FRUTAS",2024-10-24 20:37:37,2024-10,08.189.400/0001-07,UN,1.0,19.59,15.672,True
0718cbba95677f8a,CASTANHA DE CAJU TORRADO CSAL KG,2024-10-24 20:37:37,2024-10,08.189.400/0001-07,KG,0.214,112.99,112.99,True
26c8758ca9c19f3c,MOLHO DE PIMENTA TABASCO 60ML GREEN PEPPER SAUCE,2024-10-24 20:37:37,2024-10,08.189.400/0001-07,UN,1.0,21.99,366.5,True
59e168ab8f45f8d8,MOLHO INGLES CEPERA 150ML,2024-10-24 20:37:37,2024-10,08.189.400/0001-07,UN,1.0,4.29,28.6,True
6e53aa0ff0b9a917,PAO PLUS VITA 480G INTEGRAL,2024-10-24 20:37:37,2024-10,08.189.400/0001-07,UN,1.0,12.59,26.229166666666668,True
db70865cebd0d838,MAGIC TOAST MARILAN 110G ORIGINAL,2024-10-24 20:37:37,2024-10,08.189.400/0001-07,UN,2.0,5.49,49.909090909090914,True
ed9bbfa5e0d94fe4,BISCOITO MARILAN CREAM CRACKER 350G MANTEIGA,2024-10-24 20:37:37,2024-10,08.189.400/0001-07,UN,1.0,5.59,15.971428571428572,True
6e797bd05a07b6d9,CHOC.TOBLERONE100G MILK,2024-10-24 20:37:37,2024-10,08.189.400/0001-07,UN,1.0,18.69,186.9,True
0f1f83586ed5317a,CHOCOLATE CIA DO CACAU 85G 70 CACAU,2024-10-24 20:37:37,2024-10,08.189.400/0001-07,UN,1.0,15.29,179.88235294117644,True
7e9dfdd83c7332b8,LEITE PIRACANJUBA 1L INTEGRAL TP,2024-10-24 20:37:37,2024-10,08.189.400/0001-07,UN,1.0,7.89,7.89,True
126a809046c59bdd,MAGIC TOAST MARILAN 110G INTEGRAL,2024-10-24 20:37:37,2024-10,08.189.400/0001-07,UN,2.0,5.49,49.909090909090914,True
5859d1f3bb9b1489,SUCO PRATS INTEGRAL 900ML LARANJA PET,2024-10-24 20:37:37,2024-10,08.189.400/0001-07,UN,1.0,19.89,22.1,True
044da6c44b7f39af,AZEITE DE OLIVA ANDORINHA 500ML EXT.VIRGEM VIDRO,2024-10-24 20:37:37,2024-10,08.189.400/0001-07,UN,1.0,48.99,97.98,True
5859d1f3bb9b1489,SUCO PRATS INTEGRAL 900ML LARANJA PET,2024-10-24 20:37:37,2024-10,08.189.400/0001-07,UN,1.0,19.89,22.1,True
a5c946e7eb10b666,MANTEIGA DA TERRA CAICO 500G,2024-10-24 20:37:37,2024-10,08.189.400/0001-07,UN,1.0,15.99,31.98,True
aa68ddc158ebadb0,PEIXE SARDINHA CONG.LAJE 1KG,2024-10-24 20:37:37,2024-10,08.189.400/0001-07,UN,4.0,15.99,15.99,True
0960b3055c229487,INSETICIDA SBP AERO LV MAIS PG MENOS 450ML ANTI AE,2024-10-24 20:37:37,2024-10,08.189.400/0001-07,UN,1.0,16.99,37.75555555555555,True
3725f0a320d4204e,TOALHA DE PAPEL MILI C2.,2024-10-24 20:37:37,2024-10,08.189.400/0001-07,UN,1.0,5.29,5.29,True
3a1225d12486984a,DET.LIQ.BRILUX 500ML DUPLACAO CVINAGRE,2024-10-24 20:37:37,2024-10,08.189.400/0001-07,UN,1.0,2.49,4.98,True
94d9344c976a4a2c,DET.LIQ.YPE 500ML NEUTRO,2024-10-24 20:37:37,2024-10,08.189.400/0001-07,UN,1.0,3.19,6.38,True
29dcb05fc1419568,FIO DENTAL JOHNSONS REACH MENTA 100M,2024-10-24 20:37:37,2024-10,08.189.400/0001-07,UN,1.0,15.99,15.99,True
eb9de74b753c601b,FIO DENTAL COLGATE ENCERADO 50M,2024-10-24 20:37:37,2024-10,08.189.400/0001-07,UN,1.0,15.99,15.99,True
98170203e98740e9,CERVEJA HEINEKEN 250ML SHOT LONG NECK,2024-10-24 20:37:37,2024-10,08.189.400/0001-07,UN,1.0,5.12,20.48,True
7a78422c88e0ffc1,DESODORANTE AEROSOL AXE BLACK 150ML96G.,2024-10-24 20:37:37,2024-10,08.189.400/0001-07,UN,1.0,12.99,135.3125,True
e8c0ebdff8320ef4,DESODORANTE AEROSOL AXE MARINE 152ML90G,2024-10-24 20:37:37,2024-10,08.189.400/0001-07,UN,1.0,12.99,144.33333333333334,True
04365d0ac7f62e3d,ALCOOL TUBARAO 1L,2024-10-24 20:37:37,2024-10,08.189.400/0001-07,UN,1.0,12.99,12.99,True
0960b3055c229487,INSETICIDA SBP AERO LV MAIS PG MENOS 450ML ANTI AE,2024-10-24 20:37:37,2024-10,08.189.400/0001-07,UN,1.0,16.99,37.75555555555555,True
40c4e000c2c61538,QUEIJO PRATO LA PAULINA kg,2024-10-17 20:18:39,2024-10,08.414.996/0002-74,KG,0.182,53.9,53.9,True
de8f2bd14c6e6276,PRESUNTO CRU ITALIANO D OR 80G,2024-10-17 20:18:39,2024-10,08.414.996/0002-74,UN,1.0,21.99,274.875,True
ed0e0ab3e0520ff9,SALAME SERRANO CASA BASCA 100G,2024-10-17 20:18:39,2024-10,08.414.996/0002-74,UN,1.0,21.9,219.0,True
af1cfba1a77e4383,QUEIJO PARMESAO TIROLEZ kg RESERVA ESPECIAL,2024-10-17 20:18:39,2024-10,08.414.996/0002-74,KG,0.186,109.9,109.9,True
9bd73f239da5c36e,QUEIJO GOUDA REGINA kg,2024-10-17 20:18:39,2024-10,08.414.996/0002-74,KG,0.102,109.9,109.9,True
d2914bef6b6f9102,QUEIJO MINAS PADRAO DAVACA kg,2024-10-17 20:18:39,2024-10,08.414.996/0002-74,KG,0.522,74.9,74.9,True
0432c35bd583dcad,REQUEIJAO CREM VIGOR 200G TRAD,2024-10-17 20:18:39,2024-10,08.414.996/0002-74,UN,1.0,7.99,39.95,True
a5833de7d089bd3a,PATE DA CASA kg ERVAS FINAS,2024-10-17 20:18:39,2024-10,08.414.996/0002-74,KG,0.05,99.9,99.9,True
1f3763219d407282,PATE DA CASA kg CEBOLINHA VERDE,2024-10-17 20:18:39,2024-10,08.414.996/0002-74,KG,0.054,99.9,99.9,True
173a37543bc29844,AZEITONA PRETA V FERTIL SCH 120G S CAROCO,2024-10-17 20:18:39,2024-10,08.414.996/0002-74,UN,2.0,7.99,66.58333333333334,True
012e06487f180360,AZEITONA VERDE V FERT SCH 120G S C,2024-10-17 20:18:39,2024-10,08.414.996/0002-74,UN,1.0,5.49,45.75,True
fab8cb0945c7bc62,FIGADO BOV CONG kg,2024-10-17 20:18:39,2024-10,08.414.996/0002-74,KG,0.422,13.99,13.99,True
d67fab02a85c4d37,GELEIA F VERM TRAD CS MADEIRA 240G,2024-10-17 20:18:39,2024-10,08.414.996/0002-74,UN,1.0,21.99,91.625,True
b9541728b2aab2de,GELEIA CS MADEIRA 240G CAB SAUV,2024-10-17 20:18:39,2024-10,08.414.996/0002-74,UN,1.0,21.99,91.625,True
48e8c66df735281d,UVA PASSA S SEMENTE kg,2024-10-17 20:18:39,2024-10,08.414.996/0002-74,KG,0.204,47.28,47.28,True
855fcb9180a929c8,LEITE CONDENS CAMPONESA TP 395G INTEGRAL,2024-10-17 20:18:39,2024-10,08.414.996/0002-74,UN,1.0,7.29,18.455696202531644,True
39249624322a8ba5,FEIJAO CARIOCA KICALDO 1kg,2024-10-17 20:18:39,2024-10,08.414.996/0002-74,UN,1.0,9.59,9.59,True
cb168b32a4982ec6,DAMASCO SECO kg,2024-10-17 20:18:39,2024-10,08.414.996/0002-74,KG,0.152,87.3,87.3,True
251f173e5bc01ef7,IOGURTE LIQ DANONE 1250G VITAMINA FRUTAS,2024-10-17 20:18:39,2024-10,08.414.996/0002-74,UN,1.0,14.99,11.992,True
e2860958966ba7b7,ACUCAR UNIAO 1kg REFINADO,2024-10-17 20:18:39,2024-10,08.414.996/0002-74,UN,1.0,7.59,7.59,True
d935e9432ceba798,COXA FGO SADIA PCT 1kg,2024-10-17 20:18:39,2024-10,08.414.996/0002-74,UN,1.0,14.99,14.99,True
0e54c29cdb09f1ae,LEITE FERM CHAMYTO 450G,2024-10-17 20:18:39,2024-10,08.414.996/0002-74,UN,1.0,9.99,22.2,True
3b5679c10091e547,"SUCO INT TRADINE PET 1,35L UVA",2024-10-17 20:18:39,2024-10,08.414.996/0002-74,UN,1.0,12.99,9.622222222222222,True
6361d36cf04f35b9,MACAXEIRA C CASCA kg,2024-10-17 20:18:39,2024-10,08.414.996/0002-74,KG,1.405,2.69,2.69,True
d7e7fb75bedb8487,Arroz Tio Joao Branco  1Kg,2024-10-17 20:18:39,2024-10,08.414.996/0002-74,UN,2.0,9.99,9.99,True
585d1f6596a6608e,Palmito Golden Palm Extra Maci,2024-10-17 20:18:39,2024-10,08.414.996/0002-74,UN,1.0,21.99,21.99,True
abd5089d439fe035,BANANA PRATA kg,2024-10-17 20:18:39,2024-10,08.414.996/0002-74,KG,1.0,4.69,4.69,True
7ca9a5f9a7be0086,GRAO BICO HIKARI 500G,2024-10-17 20:18:39,2024-10,08.414.996/0002-74,UN,1.0,12.59,25.18,True
e9d7c5a103c7302e,FLOCAO MILHO NOVOMILHO 500G,2024-10-17 20:18:39,2024-10,08.414.996/0002-74,UN,1.0,1.67,3.34,True
4e05cb1fa8252e49,FLOCAO MILHO N TRAN DONA CLARA 500G,2024-10-17 20:18:39,2024-10,08.414.996/0002-74,UN,1.0,4.99,9.98,True
cc1ad82c39fa8c93,BISC C CRACKER VITARELLA 350G TRAD,2024-10-17 20:18:39,2024-10,08.414.996/0002-74,UN,1.0,4.99,14.257142857142858,True
14b9887ff2a467cc,PAO 12 GR 53P INTEG PLUS VITA 450G,2024-10-17 20:18:39,2024-10,08.414.996/0002-74,UN,1.0,14.99,33.31111111111111,True
bf15fb0cb17e2c9f,LEITE UHT ELEGE 1L INT,2024-10-17 20:18:39,2024-10,08.414.996/0002-74,UN,2.0,6.49,6.49,True
d452dd000566044c,Biscoito Piraque Roladinho De,2024-10-17 20:18:39,2024-10,08.414.996/0002-74,UN,3.0,4.59,4.59,True
da6caf7ec141867c,CS CHOC MMS 148G CHOC AO LEITE,2024-10-17 20:18:39,2024-10,08.414.996/0002-74,UN,1.0,13.99,94.52702702702705,True
7e9b08db304012b7,OVOS BRANCO AVINE EXT C 30,2024-10-17 20:18:39,2024-10,08.414.996/0002-74,UN,1.0,15.9,15.9,True
d54faec5470983b7,SABONETE BARRA PHEBO 90G RAIZ ORIENTE,2024-10-17 20:18:39,2024-10,08.414.996/0002-74,UN,3.0,4.99,55.44444444444445,True
099e1b42953ac42b,DESOD AER REXONA 150ML IMPACTO,2024-10-17 20:18:39,2024-10,08.414.996/0002-74,UN,1.0,14.99,99.93333333333334,True
1bae55e7f0759cbe,DESOD ROLL REXONA 50ML S PERFUME,2024-10-17 20:18:39,2024-10,08.414.996/0002-74,UN,1.0,11.99,239.8,True
04633fb563c0c4ab,LIMPADOR PERF COALA 120ML CITRONELA,2024-10-17 20:18:39,2024-10,08.414.996/0002-74,UN,1.0,12.99,108.25,True
63c950048023f2b7,SABAO BARRA YPE 5X180G ALOE VERA,2024-10-17 20:18:39,2024-10,08.414.996/0002-74,UN,1.0,12.99,72.16666666666667,True
7715029379af3b19,LAVA ROUP PO YPE 800G PRIMAV CART,2024-10-17 20:18:39,2024-10,08.414.996/0002-74,UN,1.0,15.9,19.875,True
3f30f29476799765,LAVA LOUCAS LIQ LIMPOL 500ML NEUTRO,2024-10-17 20:18:39,2024-10,08.414.996/0002-74,UN,1.0,1.89,3.78,True
e0e490b3d91f8cea,VERMOUTH MARTINI GF 750ML ROSSO,2024-10-17 20:18:39,2024-10,08.414.996/0002-74,UN,1.0,52.9,70.53333333333333,True
21b9ee396bebc4a4,ESPUMANTE ESP CODORNIU 750ML BRUT,2024-10-17 20:18:39,2024-10,08.414.996/0002-74,UN,1.0,74.9,99.86666666666667,True
1db5d07af8eb254e,ESPUMANTE NAC CHANDON 375ML BABY BRUT RES,2024-10-17 20:18:39,2024-10,08.414.996/0002-74,UN,1.0,59.9,159.73333333333332,True
34ab390625705d26,AGUA SANIT BRILUX 5L,2024-10-17 20:18:39,2024-10,08.414.996/0002-74,UN,1.0,16.49,3.298,True
f34d2df59d0ff477,PAPEL HIG NEVE FD LV12PG11 30M,2024-10-17 20:18:39,2024-10,08.414.996/0002-74,UN,1.0,24.99,24.99,True
8fc26ac4fbd74012,VASSOURA C CB MULT BRILHUS,2024-10-17 20:18:39,2024-10,08.414.996/0002-74,UN,1.0,14.69,14.69,True
1e110ccab37ddac7,MYRBETRIC TAB 50MG 3X10,2024-10-13 17:08:27,2024-10,00.958.548/0031-64,UN,1.0,336.63,336.63,True
8627ba68a43f2219,*ANSITEC 10MG 60'S-C1,2024-10-13 17:08:27,2024-10,00.958.548/0031-64,UN,1.0,210.09,210.09,True
0460332ab698d810,OPTIVE SOL OFT 15ML,2024-10-13 17:08:27,2024-10,00.958.548/0031-64,UN,1.0,81.58,5438.666666666667,True
00fa21b5cf81075c,COCA COLA MINI PET 250ML,2024-10-13 17:08:27,2024-10,00.958.548/0031-64,UN,2.0,2.75,11.0,True
25a5a67e58d57b91,Ind Peixe no Envelope,2024-10-13 12:25:59,2024-10,06.979.313/0001-10,UN,1.0,48.0,48.0,True
f5b6c6194641cbc1,Ind Peixe Flor de Maracuja,2024-10-13 12:25:59,2024-10,06.979.313/0001-10,UN,1.0,48.0,48.0,True
b331f79caec6fa27,HISTAMIN 2MG CPD/20,2024-10-01 22:02:42,2024-10,06.626.253/0429-03,UN,1.0,18.21,18.21,True
a4b8ec30aff7cc66,MAXIDRATE 6MG NASAL,2024-10-01 22:02:42,2024-10,06.626.253/0429-03,UN,1.0,54.03,54.03,True
df4bb2cc647c9ccb,"SORO FISIOL PMENOS 0,9/500ML",2024-10-01 22:02:42,2024-10,06.626.253/0429-03,UN,1.0,9.69,19.38,True
f38680d5416f9032,NUTREN SENIOR 740G,2024-10-01 22:02:42,2024-10,06.626.253/0429-03,UN,1.0,164.99,222.95945945945948,True
18d1480bfe065dbe,COXA C SOBREC FGO BOM TODO BD 1kg,2024-09-17 12:27:38,2024-09,08.414.996/0002-74,UN,1.0,12.99,12.99,True
80e7d220dd822934,AMENDOIM JAPONES ELMA CHIPS 45G,2024-09-17 12:27:38,2024-09,08.414.996/0002-74,UN,1.0,3.69,82.0,True
75700ed225cdf3a6,AGUA MIN INDAIA PET 330ML C/GAS,2024-09-17 12:27:38,2024-09,08.414.996/0002-74,UN,1.0,1.79,5.424242424242424,True
ab87b9af79a7ec0a,PEIXE CAVALIN NOBRES kg INT,2024-09-17 12:27:38,2024-09,08.414.996/0002-74,KG,0.462,11.9,11.9,True
ab87b9af79a7ec0a,PEIXE CAVALIN NOBRES kg INT,2024-09-17 12:27:38,2024-09,08.414.996/0002-74,KG,0.482,11.9,11.9,True
ab87b9af79a7ec0a,PEIXE CAVALIN NOBRES kg INT,2024-09-17 12:27:38,2024-09,08.414.996/0002-74,KG,0.532,11.9,11.9,True
ab87b9af79a7ec0a,PEIXE CAVALIN NOBRES kg INT,2024-09-17 12:27:38,2024-09,08.414.996/0002-74,KG,0.554,11.9,11.9,True
41ddd11bb72acb8b,QUEIJO COALHO Q.VALLE kg ARTESANAL,2024-09-17 12:27:38,2024-09,08.414.996/0002-74,KG,0.332,38.9,38.9,True
18d1480bfe065dbe,COXA C SOBREC FGO BOM TODO BD 1kg,2024-09-17 12:27:38,2024-09,08.414.996/0002-74,UN,1.0,12.99,12.99,True
f1734a86f525d05e,RUCULA HIDROP ISAB CHAV UND,2024-09-17 12:27:38,2024-09,08.414.996/0002-74,UN,1.0,3.49,3.49,True
f1734a86f525d05e,RUCULA HIDROP ISAB CHAV UND,2024-09-17 12:27:38,2024-09,08.414.996/0002-74,UN,1.0,3.49,3.49,True
b536886404d4e94a,COUVE MANTEIGA NV UND,2024-09-17 12:27:38,2024-09,08.414.996/0002-74,UN,1.0,2.49,2.49,True
b536886404d4e94a,COUVE MANTEIGA NV UND,2024-09-17 12:27:38,2024-09,08.414.996/0002-74,UN,1.0,2.49,2.49,True
5d67f385b423d829,BROCOLIS SOLAR PREMIUM 250G,2024-09-17 12:27:38,2024-09,08.414.996/0002-74,UN,1.0,9.89,39.56,True
72d581f65e336dc1,Kiwi Sungold Zespri  440G,2024-09-17 12:27:38,2024-09,08.414.996/0002-74,UN,1.0,24.9,56.590909090909086,True
e4958061bbca0acd,OSSO PATINHO kg,2024-09-17 12:27:38,2024-09,08.414.996/0002-74,KG,0.622,8.99,8.99,True
021331cecdece6ba,KIT GALETO ASSADO C BATATAS DA CASA,2024-09-17 12:27:38,2024-09,08.414.996/0002-74,UN,1.0,34.99,34.99,True
3f874e00c8caf1aa,QUEIJO MUSSARELA kg,2024-09-17 12:27:38,2024-09,08.414.996/0002-74,KG,0.228,41.9,41.9,True
3368ea02d45bddb8,CS CARGA GILLETTE 4UN MACH3,2024-09-17 12:27:38,2024-09,08.414.996/0002-74,UN,1.0,54.9,54.9,True
bdb91697720fbdd0,ALFACE AMER HORTI SOLAR 250G,2024-09-17 12:27:38,2024-09,08.414.996/0002-74,UN,1.0,10.99,43.96,True
7520174d153b9ab3,CENOURA kg,2024-09-17 12:27:38,2024-09,08.414.996/0002-74,KG,2.21,3.99,3.99,True
2d952e195c917d2d,BETERRABA kg,2024-09-17 12:27:38,2024-09,08.414.996/0002-74,KG,2.115,3.29,3.29,True
a15b54d5297c5567,COCO SECO UND,2024-09-17 12:27:38,2024-09,08.414.996/0002-74,UN,1.0,4.99,4.99,True
95dba673c743bb60,LEITE FERM CHAMYTO 720G,2024-09-17 12:27:38,2024-09,08.414.996/0002-74,UN,1.0,14.69,20.40277777777778,True
d5930e27ae28e8ed,IOGURTE BATAVO 1150G CEREAL CEREAL,2024-09-17 12:27:38,2024-09,08.414.996/0002-74,UN,1.0,13.49,11.730434782608697,True
13cbe91fc3507f60,FLOCAO MILHO VITAMILHO 500G,2024-09-17 12:27:38,2024-09,08.414.996/0002-74,UN,2.0,1.49,2.98,True
2f59c9e7620e7854,GOMA MANDIOCA DA TERRA PCT 1kg,2024-09-17 12:27:38,2024-09,08.414.996/0002-74,UN,1.0,7.49,7.49,True
8cbcaaac2488b2d0,ARROZ PARB RAMPINELLI 1kg,2024-09-17 12:27:38,2024-09,08.414.996/0002-74,UN,2.0,6.69,6.69,True
20bc1be3cfa418af,LENTILHA SECA KICALDO 500G,2024-09-17 12:27:38,2024-09,08.414.996/0002-74,UN,1.0,13.99,27.98,True
141863ab2377b7a1,GRAO BICO KICALDO 500G,2024-09-17 12:27:38,2024-09,08.414.996/0002-74,UN,1.0,9.99,19.98,True
b7598aaa772ed3c3,VASSOURA C CB ORIG NOVICA,2024-09-17 12:27:38,2024-09,08.414.996/0002-74,UN,1.0,19.99,19.99,True
36388fafcd27b46f,BISC C CRACKER VITARELLA 350G TOST,2024-09-17 12:27:38,2024-09,08.414.996/0002-74,UN,1.0,4.29,12.257142857142858,True
18596f67cad8bf2d,AVEIA FLOCOS TRADINE CX 170G,2024-09-17 12:27:38,2024-09,08.414.996/0002-74,UN,1.0,2.99,17.58823529411765,True
18596f67cad8bf2d,AVEIA FLOCOS TRADINE CX 170G,2024-09-17 12:27:38,2024-09,08.414.996/0002-74,UN,1.0,2.99,17.58823529411765,True
18596f67cad8bf2d,AVEIA FLOCOS TRADINE CX 170G,2024-09-17 12:27:38,2024-09,08.414.996/0002-74,UN,1.0,2.99,17.58823529411765,True
2a5237a75304c75d,TORRESMO SERTAO PRONT 60G,2024-09-17 12:27:38,2024-09,08.414.996/0002-74,UN,1.0,8.99,149.83333333333334,True
2a5237a75304c75d,TORRESMO SERTAO PRONT 60G,2024-09-17 12:27:38,2024-09,08.414.996/0002-74,UN,1.0,8.99,149.83333333333334,True
c899221e674a8822,GENGIBRE kg,2024-09-17 12:27:38,2024-09,08.414.996/0002-74,KG,0.04,14.99,14.99,True
b4b1ffec694dc3e2,LEITE UHT LEITISSIMO 1L T A INT,2024-09-17 12:27:38,2024-09,08.414.996/0002-74,UN,2.0,11.99,11.99,True
75700ed225cdf3a6,AGUA MIN INDAIA PET 330ML C/GAS,2024-09-17 12:27:38,2024-09,08.414.996/0002-74,UN,1.0,1.79,5.424242424242424,True
e0e490b3d91f8cea,VERMOUTH MARTINI GF 750ML ROSSO,2024-09-17 12:27:38,2024-09,08.414.996/0002-74,UN,1.0,52.9,70.53333333333333,True
8ec8830eeb12bc68,LEITE CONDENS SEMIDESNAT MOCA 395G,2024-09-17 12:27:38,2024-09,08.414.996/0002-74,UN,1.0,7.99,20.227848101265824,True
42c367352de190c4,AZEITE EXT VIRG BORGES VD 500ML,2024-09-17 12:27:38,2024-09,08.414.996/0002-74,UN,1.0,47.99,95.98,True
22fcc18dcfe46de0,PAO FORMA BAUDUCCO 390G INTEGRAL,2024-09-17 12:27:38,2024-09,08.414.996/0002-74,UN,1.0,10.99,28.17948717948718,True
0e4425cc5404dbc7,VINAGRE MACA MINHOTO 500ML,2024-09-17 12:27:38,2024-09,08.414.996/0002-74,UN,1.0,6.99,13.98,True
75700ed225cdf3a6,AGUA MIN INDAIA PET 330ML C/GAS,2024-09-17 12:27:38,2024-09,08.414.996/0002-74,UN,1.0,1.79,5.424242424242424,True
1477e27a00d1d88a,AGUA TONICA SCHWEPPES LT 350ML S/ACUCAR,2024-09-17 12:27:38,2024-09,08.414.996/0002-74,UN,1.0,2.99,8.542857142857144,True
1477e27a00d1d88a,AGUA TONICA SCHWEPPES LT 350ML S/ACUCAR,2024-09-17 12:27:38,2024-09,08.414.996/0002-74,UN,1.0,2.99,8.542857142857144,True
75700ed225cdf3a6,AGUA MIN INDAIA PET 330ML C/GAS,2024-09-17 12:27:38,2024-09,08.414.996/0002-74,UN,1.0,1.79,5.424242424242424,True
31edfb10b4d49a46,PEPINO RODELAS HEMMER 440G,2024-09-17 12:27:38,2024-09,08.414.996/0002-74,UN,1.0,24.9,56.590909090909086,True
284ba9db172a0ce2,AZEITONA VERDE V FERT SCH 150G LIGH,2024-09-17 12:27:38,2024-09,08.414.996/0002-74,UN,1.0,5.99,39.93333333333334,True
54323557f200ef0c,ALCAPARRAS V FERT SCH 100G,2024-09-17 12:27:38,2024-09,08.414.996/0002-74,UN,1.0,9.39,93.9,True
6e0476ac74f71ac6,CAFE 3CORACOES 250G ALMOF TRAD,2024-09-17 12:27:38,2024-09,08.414.996/0002-74,UN,1.0,11.99,47.96,True
6e0476ac74f71ac6,CAFE 3CORACOES 250G ALMOF TRAD,2024-09-17 12:27:38,2024-09,08.414.996/0002-74,UN,1.0,11.99,47.96,True
b80e6f5188f9c4b3,TALCO ANTISSEP BARLA 80G,2024-09-17 12:27:38,2024-09,08.414.996/0002-74,UN,1.0,5.49,68.625,True
78a9e0f979918e37,ALVEJ LIQ BRILUX 2L FLORAL,2024-09-17 12:27:38,2024-09,08.414.996/0002-74,UN,1.0,6.99,3.495,True
02015def7396fe87,DESENG COZ AJAX 500ML,2024-09-17 12:27:38,2024-09,08.414.996/0002-74,UN,1.0,12.99,25.98,True
5dfabd820f06be6a,LAVA LOUCAS INVICTO 500ML NEUTRO,2024-09-17 12:27:38,2024-09,08.414.996/0002-74,UN,1.0,1.99,3.98,True
0ab8f1ea42dbb50d,DESINFET PINHO SOL 500ML LIMAO,2024-09-17 12:27:38,2024-09,08.414.996/0002-74,UN,1.0,8.99,17.98,True
40d8c32a12dc699b,DESOD ROLL REXONA 50ML MEN ANTIB INVIS,2024-09-17 12:27:38,2024-09,08.414.996/0002-74,UN,1.0,11.99,239.8,True
c5e5558273a44067,PAPEL TOALHA SCALA C.2 UND 120 FOLHAS,2024-09-17 12:27:38,2024-09,08.414.996/0002-74,UN,1.0,6.49,6.49,True
6aca294c236353bf,"LAVA ROUP PO TIXAN SC 1,6kg MACIEZ",2024-09-17 12:27:38,2024-09,08.414.996/0002-74,UN,1.0,23.99,14.99375,True
978b7b2548bff29b,D1 PIZZA GRANDE,2024-09-13 19:50:56,2024-09,36.417.867/0001-94,und,1.0,89.8,89.8,True
4e7dd5979668750c,TAXA DE ENTREGA,2024-09-13 19:50:56,2024-09,36.417.867/0001-94,UND,1.0,12.99,12.99,True
4eb80b171cb4d8d5,"CARVAO VEGETAL NOVA CONSCIENCIA PCT 2,5KG",2024-09-11 17:51:57,2024-09,44.610.360/0001-80,UN,3.0,12.9,5.16,True
b9541728b2aab2de,GELEIA CS MADEIRA 240G CAB SAUV,2024-09-03 20:24:53,2024-09,08.414.996/0002-74,UN,1.0,21.99,91.625,True
4699e7879f36085f,GELEIA GOURM PIM CS MADEIRA 240G,2024-09-03 20:24:53,2024-09,08.414.996/0002-74,UN,1.0,21.99,91.625,True
53a3a4bffb9f4afe,LEITE UHT BETANIA 1L C TAMP INT,2024-09-03 20:24:53,2024-09,08.414.996/0002-74,UN,1.0,5.99,5.99,True
53a3a4bffb9f4afe,LEITE UHT BETANIA 1L C TAMP INT,2024-09-03 20:24:53,2024-09,08.414.996/0002-74,UN,1.0,5.99,5.99,True
95dba673c743bb60,LEITE FERM CHAMYTO 720G,2024-09-03 20:24:53,2024-09,08.414.996/0002-74,UN,1.0,10.99,15.26388888888889,True
6a50ceac4ca02b40,MOCOTO BOV kg,2024-09-03 20:24:53,2024-09,08.414.996/0002-74,KG,0.686,7.99,7.99,True
5f09b9c6e09badba,LARANJA PERA kg,2024-09-03 20:24:53,2024-09,08.414.996/0002-74,KG,2.0,4.99,4.99,True
