standard_item_id,canonical_name,observation_date,year_month,merchant_cnpj,uom_com,qty_com,unit_price_com,comparable_price,is_comparable
bd61a49116682d9b,QUEIJO MINAS FRESCAL CATOLE kg,2024-09-03 20:24:53,2024-09,08.414.996/0002-74,KG,0.448,38.9,38.9,True
b6b529725d616bda,QUEIJO MUSSARELA NATVILLE kg,2024-09-03 20:24:53,2024-09,08.414.996/0002-74,KG,0.17,44.9,44.9,True
641054b1e53d0408,LEITE CONDENS BETANIA TP 395G,2024-09-03 20:24:53,2024-09,08.414.996/0002-74,UN,1.0,5.99,15.164556962025316,True
b6b529725d616bda,QUEIJO MUSSARELA NATVILLE kg,2024-09-03 20:24:53,2024-09,08.414.996/0002-74,KG,0.194,44.9,44.9,True
7df864388afd2c6f,PRESUNTO SUINO SADIA kg,2024-09-03 20:24:53,2024-09,08.414.996/0002-74,KG,0.174,35.9,35.9,True
7e9b08db304012b7,OVOS BRANCO AVINE EXT C 30,2024-09-03 20:24:53,2024-09,08.414.996/0002-74,UN,1.0,14.99,14.99,True
abd5089d439fe035,BANANA PRATA kg,2024-09-03 20:24:53,2024-09,08.414.996/0002-74,KG,1.0,5.99,5.99,True
117516d49dad98a0,MANGA ROSA kg,2024-09-03 20:24:53,2024-09,08.414.996/0002-74,KG,1.33,9.99,9.99,True
7520174d153b9ab3,CENOURA kg,2024-09-03 20:24:53,2024-09,08.414.996/0002-74,KG,1.855,3.99,3.99,True
2d952e195c917d2d,BETERRABA kg,2024-09-03 20:24:53,2024-09,08.414.996/0002-74,KG,1.75,3.99,3.99,True
79dd2f59ec4d114e,CAFE BLEND 53 250G ALMOF TRAD,2024-09-03 20:24:53,2024-09,08.414.996/0002-74,UN,1.0,11.59,46.36,True
b56d055f2de410a4,CHA DR OETKER 10G CAMOMILA,2024-09-03 20:24:53,2024-09,08.414.996/0002-74,UN,1.0,4.99,499.0,True
e786248c6b218e1b,CHA DR OETKER 10G MACA E CANELA,2024-09-03 20:24:53,2024-09,08.414.996/0002-74,UN,1.0,9.99,999.0,True
cc1ad82c39fa8c93,BISC C CRACKER VITARELLA 350G TRAD,2024-09-03 20:24:53,2024-09,08.414.996/0002-74,UN,1.0,3.69,10.542857142857144,True
eb0b28d5cc89ace5,GOMA MANDIOCA AGRO MASSAS PCT 1kg,2024-09-03 20:24:53,2024-09,08.414.996/0002-74,UN,1.0,6.99,6.99,True
62e46da96375c66e,CAFE STA CLARA 250G EXT FORT ALMOF,2024-09-03 20:24:53,2024-09,08.414.996/0002-74,UN,1.0,11.99,47.96,True
c4a45f71b4afc7bc,PAO FORMA BAUDUCCO 390G TRAD,2024-09-03 20:24:53,2024-09,08.414.996/0002-74,UN,1.0,8.99,23.05128205128205,True
6208ece0ca94760b,VODKA SMIRNOFF GF 600ML,2024-09-03 20:24:53,2024-09,08.414.996/0002-74,UN,1.0,25.9,43.16666666666666,True
75700ed225cdf3a6,AGUA MIN INDAIA PET 330ML C/GAS,2024-09-03 20:24:53,2024-09,08.414.996/0002-74,UN,1.0,1.79,5.424242424242424,True
e0e490b3d91f8cea,VERMOUTH MARTINI GF 750ML ROSSO,2024-09-03 20:24:53,2024-09,08.414.996/0002-74,UN,1.0,52.9,70.53333333333333,True
75700ed225cdf3a6,AGUA MIN INDAIA PET 330ML C/GAS,2024-09-03 20:24:53,2024-09,08.414.996/0002-74,UN,1.0,1.79,5.424242424242424,True
75700ed225cdf3a6,AGUA MIN INDAIA PET 330ML C/GAS,2024-09-03 20:24:53,2024-09,08.414.996/0002-74,UN,1.0,1.79,5.424242424242424,True
cce7ae8fb051807c,"SUCO INT ALIANCA VD 1,5L TTO UVA",2024-09-03 20:24:53,2024-09,08.414.996/0002-74,UN,1.0,19.99,13.326666666666666,True
f38680d5416f9032,NUTREN SENIOR 740G,2024-09-03 20:24:53,2024-09,08.414.996/0002-74,UN,1.0,165.9,224.1891891891892,True
e1c37082aaed7d6a,INSET AER SBP 300 150ML EUCALIPTO,2024-09-03 20:24:53,2024-09,08.414.996/0002-74,UN,1.0,13.49,89.93333333333334,True
18d643a26100ecd5,LOCAO REPEL FMLY CAR REPELEX 200ML 25 DESC,2024-09-03 20:24:53,2024-09,08.414.996/0002-74,UN,1.0,19.9,99.5,True
f34d2df59d0ff477,PAPEL HIG NEVE FD LV12PG11 30M,2024-09-03 20:24:53,2024-09,08.414.996/0002-74,UN,1.0,24.99,24.99,True
ed1760e14b97d297,PAPEL TOALHA SCALA C2 200 FOLHAS,2024-09-03 20:24:53,2024-09,08.414.996/0002-74,UN,1.0,5.99,5.99,True
ed1760e14b97d297,PAPEL TOALHA SCALA C2 200 FOLHAS,2024-09-03 20:24:53,2024-09,08.414.996/0002-74,UN,1.0,5.99,5.99,True
aced31d439d45056,ROUP INC TENA PANTS,2024-08-30 09:51:11,2024-08,06.626.253/0429-03,UN,1.0,69.28,69.28,True
a5a1c751ca734b35,NEOSALDINA ENV DRG/4,2024-08-30 09:51:11,2024-08,06.626.253/0429-03,UN,2.0,8.61,8.61,True
a42ba025c9cced41,OXAL ESCITALOPRAM 20,2024-08-29 20:32:17,2024-08,06.626.253/0429-03,UN,1.0,153.4,153.4,True
a42ba025c9cced41,OXAL ESCITALOPRAM 20,2024-08-29 20:32:17,2024-08,06.626.253/0429-03,UN,1.0,153.4,153.4,True
3b74c0be61cc61c5,ENX BUCAL PERIOGARD,2024-08-29 20:32:17,2024-08,06.626.253/0429-03,UN,1.0,45.13,45.13,True
4c87bdbbfbeca2af,ABS INTIMUS GEL NOT,2024-08-29 20:32:17,2024-08,06.626.253/0429-03,UN,1.0,32.01,32.01,True
a3f7985b5811ae19,ROUPA INC TENA PANTS,2024-08-29 20:32:17,2024-08,06.626.253/0429-03,UN,1.0,38.83,38.83,True
eba83e47373d9f25,SAL FRUTA ENO GUARANA 100G,2024-08-29 20:32:17,2024-08,06.626.253/0429-03,UN,1.0,30.03,300.3,True
2c6d4fa4619b9776,"#1700900#18069000#TRU LC LEIT 13,5",2024-08-28 15:05:08,2024-08,39.270.815/0001-26,UN,4.0,2.99,2.99,True
3b2d1d95dd9ae427,"#1700900#18069000#TRU LC GIANDU 13,5",2024-08-28 15:05:08,2024-08,39.270.815/0001-26,UN,4.0,2.99,2.99,True
dd7fa7bed79da7f4,#1700300#18063210#TAB CS MENTA 5,2024-08-28 15:05:08,2024-08,39.270.815/0001-26,UN,4.0,0.99,0.99,True
d941cc7f69f4edef,TAFFMAN EX YAKULT 110ML,2024-08-28 11:23:33,2024-08,08.414.996/0002-74,UN,1.0,4.49,40.81818181818182,True
edda1bc1430fd3a8,BATATA PALHA SCRUSCH 80G TRAD,2024-08-28 11:23:33,2024-08,08.414.996/0002-74,UN,1.0,4.59,57.375,True
6e0476ac74f71ac6,CAFE 3CORACOES 250G ALMOF TRAD,2024-08-28 11:23:33,2024-08,08.414.996/0002-74,UN,1.0,11.99,47.96,True
b1a0f5cc8cafaf7c,CATUPIRI CASA PINGO DE OURO kg,2024-08-28 11:23:33,2024-08,08.414.996/0002-74,KG,0.182,32.99,32.99,True
b8e048212f195ed0,AGUA MIN S BENTO CRYSTAL C/G 500ML,2024-08-28 11:23:33,2024-08,08.414.996/0002-74,UN,1.0,2.09,4.18,True
b33072183eb85439,PAO FRANCES kg,2024-08-28 11:23:33,2024-08,08.414.996/0002-74,KG,0.255,13.99,13.99,True
01b1878c1230ec0a,QUEIJO GOUDA QUATA kg,2024-08-28 11:23:33,2024-08,08.414.996/0002-74,KG,0.15,109.9,109.9,True
a1e9a2be721a3e2d,QUEIJO AZUL TIROLEZ kg FRACAO,2024-08-28 11:23:33,2024-08,08.414.996/0002-74,KG,0.206,89.9,89.9,True
36f288b29946695f,REQUEIJAO CREM CATUPIRY 200G TRAD,2024-08-28 11:23:33,2024-08,08.414.996/0002-74,UN,1.0,7.49,37.45,True
6e7567d22747d53f,Salame Milano Vito Balducci Fa,2024-08-28 11:23:33,2024-08,08.414.996/0002-74,UN,1.0,23.9,23.9,True
de8f2bd14c6e6276,PRESUNTO CRU ITALIANO D OR 80G,2024-08-28 11:23:33,2024-08,08.414.996/0002-74,UN,1.0,20.9,261.25,True
17be797337d9edc7,PEITO PERU SADIA kg DEFUMADO,2024-08-28 11:23:33,2024-08,08.414.996/0002-74,KG,0.196,49.9,49.9,True
31edfb10b4d49a46,PEPINO RODELAS HEMMER 440G,2024-08-28 11:23:33,2024-08,08.414.996/0002-74,UN,1.0,24.9,56.590909090909086,True
012e06487f180360,AZEITONA VERDE V FERT SCH 120G S C,2024-08-28 11:23:33,2024-08,08.414.996/0002-74,UN,1.0,5.49,45.75,True
855fcb9180a929c8,LEITE CONDENS CAMPONESA TP 395G INTEGRAL,2024-08-28 11:23:33,2024-08,08.414.996/0002-74,UN,1.0,7.29,18.455696202531644,True
a5833de7d089bd3a,PATE DA CASA kg ERVAS FINAS,2024-08-28 11:23:33,2024-08,08.414.996/0002-74,KG,0.048,99.9,99.9,True
c568f34aecddf213,QUEIJO REINO REGINA kg,2024-08-28 11:23:33,2024-08,08.414.996/0002-74,KG,0.066,119.0,119.0,True
b6b529725d616bda,QUEIJO MUSSARELA NATVILLE kg,2024-08-28 11:23:33,2024-08,08.414.996/0002-74,KG,0.28,44.9,44.9,True
d67fab02a85c4d37,GELEIA F VERM TRAD CS MADEIRA 240G,2024-08-28 11:23:33,2024-08,08.414.996/0002-74,UN,1.0,21.99,91.625,True
03278cab1e68b894,QUEIJO GOUDA HOL SAO VICENTE kg C ERVAS,2024-08-28 11:23:33,2024-08,08.414.996/0002-74,KG,0.202,89.9,89.9,True
c3bf01cf3b648fb2,QUEIJO CAMEMBERT SAO VICENTE 125G,2024-08-28 11:23:33,2024-08,08.414.996/0002-74,UN,1.0,12.99,103.92,True
95dba673c743bb60,LEITE FERM CHAMYTO 720G,2024-08-28 11:23:33,2024-08,08.414.996/0002-74,UN,1.0,14.69,20.40277777777778,True
36f288b29946695f,REQUEIJAO CREM CATUPIRY 200G TRAD,2024-08-28 11:23:33,2024-08,08.414.996/0002-74,UN,1.0,7.49,37.45,True
861b82425ee34e7c,SALSA LISA HIDROP ISAB CHAV UND,2024-08-28 11:23:33,2024-08,08.414.996/0002-74,UN,2.0,3.59,3.59,True
8efbc342848f6fd1,CEBOLINHA NV UND,2024-08-28 11:23:33,2024-08,08.414.996/0002-74,UN,1.0,2.99,2.99,True
012e06487f180360,AZEITONA VERDE V FERT SCH 120G S C,2024-08-28 11:23:33,2024-08,08.414.996/0002-74,UN,1.0,5.49,45.75,True
b930b097c6183e78,CEBOLA ROXA kg,2024-08-28 11:23:33,2024-08,08.414.996/0002-74,KG,0.535,3.99,3.99,True
6a0c07fd0732a939,GALETO ASSADO CASA UND,2024-08-28 11:23:33,2024-08,08.414.996/0002-74,UN,1.0,32.99,32.99,True
7520174d153b9ab3,CENOURA kg,2024-08-28 11:23:33,2024-08,08.414.996/0002-74,KG,0.75,3.99,3.99,True
a15b54d5297c5567,COCO SECO UND,2024-08-28 11:23:33,2024-08,08.414.996/0002-74,UN,2.0,4.99,4.99,True
c899221e674a8822,GENGIBRE kg,2024-08-28 11:23:33,2024-08,08.414.996/0002-74,KG,0.095,14.99,14.99,True
c3bf01cf3b648fb2,QUEIJO CAMEMBERT SAO VICENTE 125G,2024-08-28 11:23:33,2024-08,08.414.996/0002-74,UN,1.0,12.99,103.92,True
1f3763219d407282,PATE DA CASA kg CEBOLINHA VERDE,2024-08-28 11:23:33,2024-08,08.414.996/0002-74,KG,0.056,99.9,99.9,True
13cbe91fc3507f60,FLOCAO MILHO VITAMILHO 500G,2024-08-28 11:23:33,2024-08,08.414.996/0002-74,UN,1.0,1.49,2.98,True
39249624322a8ba5,FEIJAO CARIOCA KICALDO 1kg,2024-08-28 11:23:33,2024-08,08.414.996/0002-74,UN,1.0,8.59,8.59,True
7ca9a5f9a7be0086,GRAO BICO HIKARI 500G,2024-08-28 11:23:33,2024-08,08.414.996/0002-74,UN,1.0,11.99,23.98,True
312a9c60214733cc,GRAO BICO YOKI 400G,2024-08-28 11:23:33,2024-08,08.414.996/0002-74,UN,1.0,9.99,24.975,True
24c8ffde17f19468,MILHO TORRADO SB MOST E MEL kg,2024-08-28 11:23:33,2024-08,08.414.996/0002-74,KG,0.102,59.99,59.99,True
9c27a0e4599952ac,CHOC CIA CACAU 100G AO LEITE,2024-08-28 11:23:33,2024-08,08.414.996/0002-74,UN,1.0,11.99,119.9,True
89c1199aa5ee0433,CAFE CAPS D GUSTO C 10 ESP INTENSO,2024-08-28 11:23:33,2024-08,08.414.996/0002-74,UN,1.0,18.99,18.99,True
ebb2cd6529233624,COXA C SOBRECOXA FRANGO kg,2024-08-28 11:23:33,2024-08,08.414.996/0002-74,KG,5.072,11.49,11.49,True
d253577ec1f8dd77,FIGADO FGO MAURICEA BD 1kg,2024-08-28 11:23:33,2024-08,08.414.996/0002-74,UN,1.0,6.9,6.9,True
fab8cb0945c7bc62,FIGADO BOV CONG kg,2024-08-28 11:23:33,2024-08,08.414.996/0002-74,KG,1.187,8.9,8.9,True
fab8cb0945c7bc62,FIGADO BOV CONG kg,2024-08-28 11:23:33,2024-08,08.414.996/0002-74,KG,1.172,8.9,8.9,True
6a50ceac4ca02b40,MOCOTO BOV kg,2024-08-28 11:23:33,2024-08,08.414.996/0002-74,KG,0.626,9.99,9.99,True
fab8cb0945c7bc62,FIGADO BOV CONG kg,2024-08-28 11:23:33,2024-08,08.414.996/0002-74,KG,0.984,8.9,8.9,True
35559f8c886c7959,CHOC MILKA 100G ALPINE,2024-08-28 11:23:33,2024-08,08.414.996/0002-74,UN,1.0,15.99,159.9,True
8847ae3e434b1602,CHOC MMS MARROM 45G,2024-08-28 11:23:33,2024-08,08.414.996/0002-74,UN,1.0,4.89,108.66666666666666,True
6bdf445192831ea9,"CHOC KIT KAT NESTLE 41,5G",2024-08-28 11:23:33,2024-08,08.414.996/0002-74,UN,1.0,4.29,103.3734939759036,True
6bdf445192831ea9,"CHOC KIT KAT NESTLE 41,5G",2024-08-28 11:23:33,2024-08,08.414.996/0002-74,UN,1.0,4.29,103.3734939759036,True
4358a6670832ee97,CHA MATTE LEAO 100G TRAD,2024-08-28 11:23:33,2024-08,08.414.996/0002-74,UN,1.0,7.99,79.89999999999999,True
7ed00a8855014163,CHA LEAO VITAMINICO 10G MEL GENG CURCUM,2024-08-28 11:23:33,2024-08,08.414.996/0002-74,UN,1.0,17.99,1798.9999999999998,True
77573a951fc0a421,CHA LEAO PREMIUM 10G MACA CANELA,2024-08-28 11:23:33,2024-08,08.414.996/0002-74,UN,1.0,16.99,1698.9999999999998,True
c4a45f71b4afc7bc,PAO FORMA BAUDUCCO 390G TRAD,2024-08-28 11:23:33,2024-08,08.414.996/0002-74,UN,1.0,8.99,23.05128205128205,True
609b5a9966903631,OVOS BRANCO ENAVIS GD C 30,2024-08-28 11:23:33,2024-08,08.414.996/0002-74,UN,1.0,14.99,14.99,True
e0e490b3d91f8cea,VERMOUTH MARTINI GF 750ML ROSSO,2024-08-28 11:23:33,2024-08,08.414.996/0002-74,UN,1.0,52.9,70.53333333333333,True
21b9ee396bebc4a4,ESPUMANTE ESP CODORNIU 750ML BRUT,2024-08-28 11:23:33,2024-08,08.414.996/0002-74,UN,1.0,69.9,93.2,True
1204e40f0c9e59c6,"SUCO INT AURORA VD 1,5L UVA",2024-08-28 11:23:33,2024-08,08.414.996/0002-74,UN,1.0,22.99,15.326666666666666,True
18ba97e9a6dda39b,GOMA MANDIOCA TRADINE PCT 1kg,2024-08-28 11:23:33,2024-08,08.414.996/0002-74,UN,1.0,5.99,5.99,True
3185d514209d16ea,BISC C CRACKER VITARELLA 350G CROCK TRAD,2024-08-28 11:23:33,2024-08,08.414.996/0002-74,UN,1.0,6.49,18.542857142857144,True
3185d514209d16ea,BISC C CRACKER VITARELLA 350G CROCK TRAD,2024-08-28 11:23:33,2024-08,08.414.996/0002-74,UN,1.0,6.49,18.542857142857144,True
53a3a4bffb9f4afe,LEITE UHT BETANIA 1L C TAMP INT,2024-08-28 11:23:33,2024-08,08.414.996/0002-74,UN,1.0,5.99,5.99,True
750b87e9b324754d,ARROZ PARB KIKA 1kg,2024-08-28 11:23:33,2024-08,08.414.996/0002-74,UN,1.0,5.49,5.49,True
5b079711de1ed45d,TORRADA M TOAST MARILAN 110G INTEGRAL,2024-08-28 11:23:33,2024-08,08.414.996/0002-74,UN,1.0,6.99,63.54545454545455,True
5b079711de1ed45d,TORRADA M TOAST MARILAN 110G INTEGRAL,2024-08-28 11:23:33,2024-08,08.414.996/0002-74,UN,1.0,6.99,63.54545454545455,True
ec343a9d9508ae88,VASSOURA C CB BRILHUS RUA,2024-08-28 11:23:33,2024-08,08.414.996/0002-74,UN,1.0,19.99,19.99,True
53a3a4bffb9f4afe,LEITE UHT BETANIA 1L C TAMP INT,2024-08-28 11:23:33,2024-08,08.414.996/0002-74,UN,1.0,5.99,5.99,True
0edb5bff5a2ee747,LAVA ROUP PO YPE 800G MACIEZ CART,2024-08-28 11:23:33,2024-08,08.414.996/0002-74,UN,1.0,15.9,19.875,True
755091709f022d27,SABONETE BARRA LA FLORE DAVENE 150 ERVA DOCE,2024-08-28 11:23:33,2024-08,08.414.996/0002-74,UN,1.0,5.99,5.99,True
d54faec5470983b7,SABONETE BARRA PHEBO 90G RAIZ ORIENTE,2024-08-28 11:23:33,2024-08,08.414.996/0002-74,UN,1.0,4.99,55.44444444444445,True
d54faec5470983b7,SABONETE BARRA PHEBO 90G RAIZ ORIENTE,2024-08-28 11:23:33,2024-08,08.414.996/0002-74,UN,1.0,4.99,55.44444444444445,True
8d79d614e7e02610,SABONETE BARRA LA FLORE DAVENE 150 LAVANDA,2024-08-28 11:23:33,2024-08,08.414.996/0002-74,UN,1.0,5.99,5.99,True
970303139590b9ed,DESOD ROLL REXONA 50ML ACTIVE,2024-08-28 11:23:33,2024-08,08.414.996/0002-74,UN,1.0,11.99,239.8,True
b7224193bc2b6558,POLPETINES DE ORIG MOL PELATTI,2024-08-17 18:54:46,2024-08,06.289.452/0001-11,und,1.0,49.0,49.0,True
0a806ca0851a318e,COCA-COLA LT 350ML,2024-08-17 18:54:46,2024-08,06.289.452/0001-11,UND,1.0,7.0,20.0,True
6a000e7cc5832156,POLPETAS NO MOLHO ALFREDO,2024-08-17 18:54:46,2024-08,06.289.452/0001-11,UND,1.0,51.0,51.0,True
0dfbe6d49f2fe5a3,TAXA DE ENTREGA,2024-08-17 18:54:46,2024-08,06.289.452/0001-11,UND,1.0,15.0,15.0,True
79c5e503193af765,QUEIJO ILPLA COALHO NATURAL KG,2024-08-13 14:53:55,2024-08,08.189.400/0001-07,UN,0.288,50.99,50.99,True
c2e6d7235511196d,QUEIJO NATVILLE MUSSARELA KG,2024-08-13 14:53:55,2024-08,08.189.400/0001-07,KG,0.35,45.99,45.99,True
dd110fc6c83c46c6,QUEIJO PRESIDENT PROVOLONE CURADO KG,2024-08-13 14:53:55,2024-08,08.189.400/0001-07,KG,0.18,72.39,72.39,True
3ce48f7b9743b2b9,CARPACCIO CARAPRETA BOVINO 200G,2024-08-13 14:53:55,2024-08,08.189.400/0001-07,UN,1.0,32.49,162.45,True
3ce48f7b9743b2b9,CARPACCIO CARAPRETA BOVINO 200G,2024-08-13 14:53:55,2024-08,08.189.400/0001-07,UN,1.0,32.49,162.45,True
4024be060fa5bab6,MORT.PERDIGAO OURO 200G CAZEITONA,2024-08-13 14:53:55,2024-08,08.189.400/0001-07,UN,1.0,8.89,44.45,True
204b17bb96e07575,BACON SEARA GOURMET 250G FATIADO,2024-08-13 14:53:55,2024-08,08.189.400/0001-07,UN,1.0,18.49,73.96,True
fd165a4446cb0aca,QUEIJO BRIE DOR SELECAO 125G FRAC.,2024-08-13 14:53:55,2024-08,08.189.400/0001-07,UN,2.0,15.59,124.72,True
09405243568c08db,REQUEIJAO CATUPIRY 180G AZEITONAS PRETAS,2024-08-13 14:53:55,2024-08,08.189.400/0001-07,UN,1.0,8.99,49.94444444444445,True
8da1ffa8130df9f3,QUEIJO PRESIDENT PARMESAO 180G,2024-08-13 14:53:55,2024-08,08.189.400/0001-07,UN,1.0,21.59,119.94444444444444,True
115e2ccc76a6cace,REQUEIJAO ITACOLOMY CREMOSO PT 180G,2024-08-13 14:53:55,2024-08,08.189.400/0001-07,UN,1.0,7.79,43.27777777777778,True
c3dcbcc5a479b4d3,SALAME SERRANO 100G ESP. CASA BASCA,2024-08-13 14:53:55,2024-08,08.189.400/0001-07,UN,1.0,21.79,217.9,True
cabbbb549dcccf4e,PRESUNTO CRU RAR 80G INTERFOLHADO,2024-08-13 14:53:55,2024-08,08.189.400/0001-07,UN,2.0,22.39,279.875,True
c3dcbcc5a479b4d3,SALAME SERRANO 100G ESP. CASA BASCA,2024-08-13 14:53:55,2024-08,08.189.400/0001-07,UN,1.0,21.79,217.9,True
1db78a69c222eacd,LEITE FERMENTADO CHAMYTO BIG 720G,2024-08-13 14:53:55,2024-08,08.189.400/0001-07,UN,1.0,14.69,20.40277777777778,True
3a317a02125334d2,ALCAPARRAS VALE FERTIL 60GR,2024-08-13 14:53:55,2024-08,08.189.400/0001-07,UN,1.0,10.49,10.49,True
7f9a5e564910dabe,LEITE FERMENTADO ACTIVIA 800G AVEIA,2024-08-13 14:53:55,2024-08,08.189.400/0001-07,UN,1.0,13.99,17.4875,True
ad95d1fa8ddb7e5d,PEPINOS HEMMER EM CONSERVA EM RODELA 800G 440G DR,2024-08-13 14:53:55,2024-08,08.189.400/0001-07,UN,1.0,21.98,27.475,True
cd340d8fc9f14ba8,BANANA PRATA KG,2024-08-13 14:53:55,2024-08,08.189.400/0001-07,KG,1.125,7.59,7.59,True
b715cc275a6045b8,MOSTARDA HEMMER AMARELA BG.200G,2024-08-13 14:53:55,2024-08,08.189.400/0001-07,UN,1.0,10.59,52.95,True
4d1e391e1075b514,"MAMAO PAPAYA GOLDEN 1,5KG BOX",2024-08-13 14:53:55,2024-08,08.189.400/0001-07,UN,1.0,23.99,15.993333333333332,True
6a6a39671d571810,MANGA ROSA KG,2024-08-13 14:53:55,2024-08,08.189.400/0001-07,KG,0.96,10.99,10.99,True
274b0ce1c26bcef9,CARNE MAMINHA ESTANCIA 92 CONG.KG,2024-08-13 14:53:55,2024-08,08.189.400/0001-07,KG,0.682,69.99,69.99,True
274b0ce1c26bcef9,CARNE MAMINHA ESTANCIA 92 CONG.KG,2024-08-13 14:53:55,2024-08,08.189.400/0001-07,KG,0.932,69.99,69.99,True
2bb6501df800a640,COXINHA DA ASA SEARA IQF ALM 1KG,2024-08-13 14:53:55,2024-08,08.189.400/0001-07,UN,1.0,16.99,16.99,True
a049da7929062aa0,CARNE CAPRINO TRASEIRO KG,2024-08-13 14:53:55,2024-08,08.189.400/0001-07,UN,0.888,39.49,39.49,True
acacebef545e228a,PEIXE SARDINHA CONG.LAJE 800G DUMAR,2024-08-13 14:53:55,2024-08,08.189.400/0001-07,UN,1.0,10.99,13.7375,True
acacebef545e228a,PEIXE SARDINHA CONG.LAJE 800G DUMAR,2024-08-13 14:53:55,2024-08,08.189.400/0001-07,UN,1.0,10.99,13.7375,True
acacebef545e228a,PEIXE SARDINHA CONG.LAJE 800G DUMAR,2024-08-13 14:53:55,2024-08,08.189.400/0001-07,UN,1.0,10.99,13.7375,True
acacebef545e228a,PEIXE SARDINHA CONG.LAJE 800G DUMAR,2024-08-13 14:53:55,2024-08,08.189.400/0001-07,UN,1.0,10.99,13.7375,True
74492162f11c4cba,REFRIGERANTE COCA-COLA 250ML PET,2024-08-13 14:53:55,2024-08,08.189.400/0001-07,UN,1.0,2.9,11.6,True
acacebef545e228a,PEIXE SARDINHA CONG.LAJE 800G DUMAR,2024-08-13 14:53:55,2024-08,08.189.400/0001-07,UN,1.0,10.99,13.7375,True
acacebef545e228a,PEIXE SARDINHA CONG.LAJE 800G DUMAR,2024-08-13 14:53:55,2024-08,08.189.400/0001-07,UN,1.0,10.99,13.7375,True
e6270bbe6e8f5c65,COXA CSOBRECOXA BOM TODO 1KG BDJ,2024-08-13 14:53:55,2024-08,08.189.400/0001-07,UN,1.0,10.99,10.99,True
317a86d2ceb9311b,LEITE BETANIA 1L INTEGRAL TAMPA ROSCA,2024-08-13 14:53:55,2024-08,08.189.400/0001-07,UN,1.0,5.79,5.79,True
74492162f11c4cba,REFRIGERANTE COCA-COLA 250ML PET,2024-08-13 14:53:55,2024-08,08.189.400/0001-07,UN,1.0,2.9,11.6,True
daef330d8599f3cd,AGUA TONICA ANTARCTICA 350ML,2024-08-13 14:53:55,2024-08,08.189.400/0001-07,UN,1.0,2.99,8.542857142857144,True
daef330d8599f3cd,AGUA TONICA ANTARCTICA 350ML,2024-08-13 14:53:55,2024-08,08.189.400/0001-07,UN,1.0,2.99,8.542857142857144,True
a0ab7af6ec064cf0,REFRIG.PEPSI 200ML COLA PET,2024-08-13 14:53:55,2024-08,08.189.400/0001-07,UN,1.0,1.69,8.45,True
317a86d2ceb9311b,LEITE BETANIA 1L INTEGRAL TAMPA ROSCA,2024-08-13 14:53:55,2024-08,08.189.400/0001-07,UN,1.0,5.79,5.79,True
74492162f11c4cba,REFRIGERANTE COCA-COLA 250ML PET,2024-08-13 14:53:55,2024-08,08.189.400/0001-07,UN,1.0,2.9,11.6,True
a0ab7af6ec064cf0,REFRIG.PEPSI 200ML COLA PET,2024-08-13 14:53:55,2024-08,08.189.400/0001-07,UN,1.0,1.69,8.45,True
74492162f11c4cba,REFRIGERANTE COCA-COLA 250ML PET,2024-08-13 14:53:55,2024-08,08.189.400/0001-07,UN,1.0,2.9,11.6,True
9c88399c85aff051,H2O 500ML LIMAO,2024-08-13 14:53:55,2024-08,08.189.400/0001-07,UN,4.0,4.29,8.58,True
74492162f11c4cba,REFRIGERANTE COCA-COLA 250ML PET,2024-08-13 14:53:55,2024-08,08.189.400/0001-07,UN,1.0,2.9,11.6,True
2bff581f21b1448b,"TEMPERO SAZON 60G CARNES,LEGUMES E ARROZ VERMELHO",2024-08-13 14:53:55,2024-08,08.189.400/0001-07,UN,1.0,4.99,83.16666666666667,True
9c73b9b8bb4083a2,ERVILHA E MILHO QUERO 170G SACHET,2024-08-13 14:53:55,2024-08,08.189.400/0001-07,UN,1.0,3.99,23.47058823529412,True
13ea0e76a52139a1,"TEMPERO SAZON 60G LEGUMES,VERDURAS E ARROZ AMAREL",2024-08-13 14:53:55,2024-08,08.189.400/0001-07,UN,1.0,4.99,83.16666666666667,True
a0ab7af6ec064cf0,REFRIG.PEPSI 200ML COLA PET,2024-08-13 14:53:55,2024-08,08.189.400/0001-07,UN,1.0,1.69,8.45,True
fafd0ef6726e0f52,LEITE CONDENSADO CAMPONESA 395G INTEGRAL TP,2024-08-13 14:53:55,2024-08,08.189.400/0001-07,UN,1.0,7.19,18.20253164556962,True
2e50c97a5b840948,MOLHO PRONTO QUERO 300G BOLONHESA SACHET,2024-08-13 14:53:55,2024-08,08.189.400/0001-07,UN,1.0,2.89,9.633333333333336,True
274426f3aee34a99,BISCOITO PIRAQUE ROLADINHO 75G GOIABINHA,2024-08-13 14:53:55,2024-08,08.189.400/0001-07,UN,1.0,4.29,57.2,True
3cf0533e5613a9e0,ARROZ ARRETADO 1KG BRANCO POLIDO,2024-08-13 14:53:55,2024-08,08.189.400/0001-07,UN,1.0,6.99,6.99,True
c2cbe7463cfdefde,FLOCAO DE MILHO VITAMILHO 500G,2024-08-13 14:53:55,2024-08,08.189.400/0001-07,UN,1.0,1.56,3.12,True
243dd1c4c8d62349,MILHO PPIPOCA YOKI PREMIUM 400G,2024-08-13 14:53:55,2024-08,08.189.400/0001-07,UN,1.0,5.49,13.725,True
c2cbe7463cfdefde,FLOCAO DE MILHO VITAMILHO 500G,2024-08-13 14:53:55,2024-08,08.189.400/0001-07,UN,1.0,1.56,3.12,True
274426f3aee34a99,BISCOITO PIRAQUE ROLADINHO 75G GOIABINHA,2024-08-13 14:53:55,2024-08,08.189.400/0001-07,UN,1.0,4.29,57.2,True
2d801f35a808f81b,"BISC.NESTLE KIT KAT 41,5G AO LEITE",2024-08-13 14:53:55,2024-08,08.189.400/0001-07,UN,1.0,4.59,110.6024096385542,True
2d801f35a808f81b,"BISC.NESTLE KIT KAT 41,5G AO LEITE",2024-08-13 14:53:55,2024-08,08.189.400/0001-07,UN,1.0,4.59,110.6024096385542,True
2d801f35a808f81b,"BISC.NESTLE KIT KAT 41,5G AO LEITE",2024-08-13 14:53:55,2024-08,08.189.400/0001-07,UN,1.0,4.59,110.6024096385542,True
2d801f35a808f81b,"BISC.NESTLE KIT KAT 41,5G AO LEITE",2024-08-13 14:53:55,2024-08,08.189.400/0001-07,UN,1.0,4.59,110.6024096385542,True
145b3e2d767770cd,SAL DE PARRILLA CANTAGALLO 250G SALSA CRIOLLA,2024-08-13 14:53:55,2024-08,08.189.400/0001-07,UN,1.0,16.99,67.96,True
94d9344c976a4a2c,DET.LIQ.YPE 500ML NEUTRO,2024-08-13 14:53:55,2024-08,08.189.400/0001-07,UN,1.0,2.99,5.98,True
01067157e090166a,MACARRAO VITAMASSA 400G ESPAGUETE,2024-08-13 14:53:55,2024-08,08.189.400/0001-07,UN,1.0,2.75,6.875,True
ceb7905ad46f6298,FOLHA DE LOURO SECA KITANO 4G,2024-08-13 14:53:55,2024-08,08.189.400/0001-07,UN,1.0,2.99,747.5,True
83efa2ad27ecdf24,ESPONJA BOMBRIL MULTIUSO LV4 PG3,2024-08-13 14:53:55,2024-08,08.189.400/0001-07,UN,1.0,4.69,4.69,True
8476b8553b2915b8,VINAGRE MINHOTO 500ML MACA,2024-08-13 14:53:55,2024-08,08.189.400/0001-07,UN,1.0,6.49,12.98,True
b2d78d940f7a324d,SAL MIRAMAR 1KG REFINADO IODADO,2024-08-13 14:53:55,2024-08,08.189.400/0001-07,UN,1.0,1.29,1.29,True
6d3fe6d23e49cfd8,ACUCAR ESTRELA 1KG REF.ESPECIAL,2024-08-13 14:53:55,2024-08,08.189.400/0001-07,UN,1.0,5.43,5.43,True
0bbe13b52f6a32bf,ARROZ URBANO 1KG PARBOILIZADO,2024-08-13 14:53:55,2024-08,08.189.400/0001-07,UN,1.0,7.39,7.39,True
f9f7049a301dd791,PAO PLUS VITA ARTESANO 500G INTEGRAL,2024-08-13 14:53:55,2024-08,08.189.400/0001-07,UN,1.0,15.99,31.98,True
89b3d1e503280a01,CHARQUE MASTERBOI JERKED BEEF DT 500G,2024-08-13 14:53:55,2024-08,08.189.400/0001-07,UN,1.0,19.99,39.98,True
893490597a572019,LIMPA ALUMINIO LIMPOL 500ML,2024-08-13 14:53:55,2024-08,08.189.400/0001-07,UN,1.0,19.69,39.38,True
18d2b5063ce9feb1,BOM AR AIR WICK AROMA SENSE ROMANCE 250ML175G,2024-08-13 14:53:55,2024-08,08.189.400/0001-07,UN,1.0,13.99,79.94285714285715,True
9131e9107a229ca1,DESODORANTE AEROSOL DOVE ORIG.150ML87G,2024-08-13 14:53:55,2024-08,08.189.400/0001-07,UN,1.0,17.69,203.33333333333337,True
2aa65a4b8e31efe8,"BISCOITO LACTA BIS 100,8G CHOC.AO LEITE",2024-08-13 14:53:55,2024-08,08.189.400/0001-07,UN,1.0,7.89,78.27380952380952,True
bea401b763b878d4,ACAFRAO GOMES 10G,2024-08-13 14:53:55,2024-08,08.189.400/0001-07,UN,1.0,1.79,179.0,True
bea401b763b878d4,ACAFRAO GOMES 10G,2024-08-13 14:53:55,2024-08,08.189.400/0001-07,UN,1.0,1.79,179.0,True
230acd805ac83db5,ESPONJA DE ACO BOMBRIL C8 DESC.ESPECIAL,2024-08-13 14:53:55,2024-08,08.189.400/0001-07,UN,1.0,1.85,1.85,True
0558da139ddbbe59,DET.PO OMO 800G LAVAGEM PERFEITA BAG,2024-08-13 14:53:55,2024-08,08.189.400/0001-07,UN,1.0,16.89,21.1125,True
7d16cc20d2d43b23,LUVA LATEX TALGE CPO TAM.G,2024-08-13 14:53:55,2024-08,08.189.400/0001-07,UN,1.0,51.9,51.9,True
a3d77e968d494050,LIMPADOR CIF VIDROS 450ML U.RAPIDO REFIL,2024-08-13 14:53:55,2024-08,08.189.400/0001-07,UN,1.0,9.99,22.2,True
12dedd734c259378,APARELHO PBARBEAR GILLETTE LEVE4 PAGUE3 PRESTO.3,2024-08-13 14:53:55,2024-08,08.189.400/0001-07,UN,1.0,26.79,26.79,True
04365d0ac7f62e3d,ALCOOL TUBARAO 1L,2024-08-13 14:53:55,2024-08,08.189.400/0001-07,UN,1.0,11.69,11.69,True
03893088285defa9,TOALHA DE PAPEL ABSOLUTO C2,2024-08-13 14:53:55,2024-08,08.189.400/0001-07,UN,1.0,4.99,4.99,True
41dcee0c970ccb9c,PAPEL HIG.NEVE NEUTRO C12 30MT LV12 PG11 NEUTRO,2024-08-13 14:53:55,2024-08,08.189.400/0001-07,UN,1.0,25.79,25.79,True
fcfc5d804e5d7d04,DESODORANTE AEROSOL AXE URBAN 152ML90G ANTI-MARKS,2024-08-13 14:53:55,2024-08,08.189.400/0001-07,UN,1.0,12.99,144.33333333333334,True
17e69abed0f5fc76,DESODORANTE ROLL ON REXONA MEN TUNING V8 50ML,2024-08-13 14:53:55,2024-08,08.189.400/0001-07,UN,1.0,9.99,199.8,True
7a78422c88e0ffc1,DESODORANTE AEROSOL AXE BLACK 150ML96G.,2024-08-13 14:53:55,2024-08,08.189.400/0001-07,UN,1.0,12.99,135.3125,True
74c262831a787b8c,SUCO AURORA 1L INTEGRAL UVA TINTO,2024-08-13 14:53:55,2024-08,08.189.400/0001-07,UN,1.0,19.99,19.99,True
3c5fa2168e47fe28,SALGADO PINGO D OURO 160G BACON,2024-08-13 14:53:55,2024-08,08.189.400/0001-07,UN,1.0,8.99,56.1875,True
b7224193bc2b6558,POLPETINES DE ORIG MOL PELATTI,2024-08-06 19:24:22,2024-08,06.289.452/0001-11,und,1.0,49.0,49.0,True
0a806ca0851a318e,COCA-COLA LT 350ML,2024-08-06 19:24:22,2024-08,06.289.452/0001-11,UND,1.0,7.0,20.0,True
6a000e7cc5832156,POLPETAS NO MOLHO ALFREDO,2024-08-06 19:24:22,2024-08,06.289.452/0001-11,UND,1.0,51.0,51.0,True
0dfbe6d49f2fe5a3,TAXA DE ENTREGA,2024-08-06 19:24:22,2024-08,06.289.452/0001-11,UND,1.0,15.0,15.0,True
9b6bd0bd00a91e41,COXA S COXA CG IN NAT CANCAO KG,2024-05-14 15:42:30,2024-05,03.721.769/0003-59,Kg,18.0,10.29,10.29,True
9b6bd0bd00a91e41,COXA S COXA CG IN NAT CANCAO KG,2024-05-14 15:42:30,2024-05,03.721.769/0003-59,Kg,18.0,10.29,10.29,True
c2c918d1027c6cd7,SARDINHA INT EMB 1KG,2024-05-14 15:42:30,2024-05,03.721.769/0003-59,Kg,15.0,8.39,8.39,True
ad966553ba6e84dc,PAPEL TOALHA CAPRICE 12x2 C 100,2024-05-14 15:42:30,2024-05,03.721.769/0003-59,Un,1.0,3.99,3.99,True
75c62af440a9a6d6,ALHO TRIT T MAIS SABOR 1KG,2024-05-14 15:42:30,2024-05,03.721.769/0003-59,Un,1.0,14.29,14.29,True
57297c63d33b527d,FILE PEITO FGO CONG,2024-05-02 17:06:09,2024-05,47.508.411/1145-93,kg,3.018,18.38,18.38,True
1f42aa15641263c3,QJ AZUL FRAC REG KG,2024-05-02 17:06:09,2024-05,47.508.411/1145-93,kg,0.198,142.93,142.93,True
d26264a60eb8a681,ARROZ IN T JOAO 500G,2024-05-02 17:06:09,2024-05,47.508.411/1145-93,UN,3.0,5.99,11.98,True
110590cad9becd59,REFRIGERANTE COCA COLA PET 250ML,2024-05-02 17:06:09,2024-05,47.508.411/1145-93,UN,4.0,2.29,9.16,True
ebb826f078331525,QJ CAMEM TIRO 125G,2024-05-02 17:06:09,2024-05,47.508.411/1145-93,UN,1.0,22.49,179.92,True
9e9abdf014f06eec,QJ EMMENTAL VIG 145G,2024-05-02 17:06:09,2024-05,47.508.411/1145-93,UN,1.0,25.9,178.6206896551724,True
2d1d4784f7346161,SALAME ESPANHOL HACI,2024-05-02 17:06:09,2024-05,47.508.411/1145-93,UN,1.0,34.49,34.49,True
500a327e25ed5703,SALAME TIPO HAMBURGU,2024-05-02 17:06:09,2024-05,47.508.411/1145-93,UN,1.0,16.69,16.69,True
bbc7f5aba81440ec,QA PRES PARM FAT100G,2024-05-02 17:06:09,2024-05,47.508.411/1145-93,UN,2.0,22.9,229.0,True
b7224193bc2b6558,POLPETINES DE ORIG MOL PELATTI,2024-04-17 22:01:37,2024-04,06.289.452/0001-11,und,1.0,47.0,47.0,True
0a806ca0851a318e,COCA-COLA LT 350ML,2024-04-17 22:01:37,2024-04,06.289.452/0001-11,UND,1.0,7.0,20.0,True
6a000e7cc5832156,POLPETAS NO MOLHO ALFREDO,2024-04-17 22:01:37,2024-04,06.289.452/0001-11,UND,1.0,51.0,51.0,True
0dfbe6d49f2fe5a3,TAXA DE ENTREGA,2024-04-17 22:01:37,2024-04,06.289.452/0001-11,UND,1.0,15.0,15.0,True
c97916cc30164a3d,PNEU 19565-15 GT CHAMPIRO,2024-04-16 13:53:41,2024-04,01.064.894/0001-46,UND,1.0,370.0,370.0,True
30df85710b503028,1/2 Mucarela + 1/2 Calabresa (Gigante),2024-04-05 15:11:31,2024-04,50.467.861/0001-52,UN,1.0,68.0,68.0,True
30df85710b503028,1/2 Mucarela + 1/2 Calabresa (Gigante),2024-04-05 15:11:31,2024-04,50.467.861/0001-52,UN,1.0,15.0,15.0,True
ad95d1fa8ddb7e5d,PEPINOS HEMMER EM CONSERVA EM RODELA 800G 440G DR,2024-03-25 10:40:03,2024-03,08.189.400/0001-07,UN,1.0,21.98,27.475,True
04042a5aa7c6484a,OVOS AVINE EXTRA C30 BRANCO,2024-03-25 10:40:03,2024-03,08.189.400/0001-07,UN,1.0,19.99,19.99,True
b3ad7e82de3ce147,LTE.FERM.YAKULT 480G,2024-03-25 10:40:03,2024-03,08.189.400/0001-07,UN,1.0,14.69,30.604166666666668,True
74492162f11c4cba,REFRIGERANTE COCA-COLA 250ML PET,2024-03-25 10:40:03,2024-03,08.189.400/0001-07,UN,1.0,2.19,8.76,True
74492162f11c4cba,REFRIGERANTE COCA-COLA 250ML PET,2024-03-25 10:40:03,2024-03,08.189.400/0001-07,UN,1.0,2.19,8.76,True
6f789c480d6f6dcb,ARROZ COMETA 1KG PARBOILIZADO  TIPO 1,2024-03-25 10:40:03,2024-03,08.189.400/0001-07,UN,1.0,6.99,6.99,True
6f789c480d6f6dcb,ARROZ COMETA 1KG PARBOILIZADO  TIPO 1,2024-03-25 10:40:03,2024-03,08.189.400/0001-07,UN,1.0,6.99,6.99,True
838dc34c57132618,LARANJA MIMO KG,2024-03-25 10:40:03,2024-03,08.189.400/0001-07,KG,0.15,6.89,6.89,True
fc1e3b4498a58d4c,LIMAO TAITI KG,2024-03-25 10:40:03,2024-03,08.189.400/0001-07,KG,0.52,3.99,3.99,True
984bcbf923606ffa,APERITIVO CAMPARI 998ML MILANO,2024-03-25 10:40:03,2024-03,08.189.400/0001-07,UN,1.0,69.99,70.13026052104208,True
91a4cf811c312f52,VERMOUTH MARTINI 750ML ROSSO,2024-03-25 10:40:03,2024-03,08.189.400/0001-07,UN,1.0,48.8,65.06666666666666,True
a04e4670b6c7b3d6,GIN BEEFEATER LONDON 750ML,2024-03-25 10:40:03,2024-03,08.189.400/0001-07,UN,1.0,99.9,133.20000000000002,True
54931aeef77be7e2,GLADE AERO. FRUTAS E FLORES VIBRANTES 360ML305G,2024-03-25 10:40:03,2024-03,08.189.400/0001-07,UN,1.0,14.69,48.16393442622951,True
89804d4607b9cf38,"DET.PO TIXAN YPE MARCIEZ 1,6KG",2024-03-25 10:40:03,2024-03,08.189.400/0001-07,UN,1.0,22.99,14.36875,True
eb9de74b753c601b,FIO DENTAL COLGATE ENCERADO 50M,2024-03-25 10:40:03,2024-03,08.189.400/0001-07,UN,1.0,15.59,15.59,True
9b0f89514ba7632d,PRENDEDOR MADEIRA C12 AGUIA BRANCA P,2024-03-25 10:40:03,2024-03,08.189.400/0001-07,UN,1.0,2.99,2.99,True
9b0f89514ba7632d,PRENDEDOR MADEIRA C12 AGUIA BRANCA P,2024-03-25 10:40:03,2024-03,08.189.400/0001-07,UN,1.0,2.99,2.99,True
c71eb90c6a9cc80f,CREME DENTAL COLGATE 180G TRIPLA ACAO,2024-03-25 10:40:03,2024-03,08.189.400/0001-07,UN,1.0,7.69,42.72222222222223,True
2b607017958c8088,DESODORANTE AEROSOL REXONA MEN ANTIBACINVISIBLE 1,2024-03-25 10:40:03,2024-03,08.189.400/0001-07,UN,1.0,21.99,21.99,True
93dc8178e4b2af77,DESODORANTE AEROSOL AXE DARK TEMPTATION 150ML96G,2024-03-25 10:40:03,2024-03,08.189.400/0001-07,UN,1.0,11.99,124.89583333333331,True
0dd839f1c139ed19,GLADE AERO. FRESCOR DE AGUAS FLORAIS 360ML305G,2024-03-25 10:40:03,2024-03,08.189.400/0001-07,UN,1.0,14.69,48.16393442622951,True
7a78422c88e0ffc1,DESODORANTE AEROSOL AXE BLACK 150ML96G.,2024-03-25 10:40:03,2024-03,08.189.400/0001-07,UN,1.0,11.99,124.89583333333331,True
fcfc5d804e5d7d04,DESODORANTE AEROSOL AXE URBAN 152ML90G ANTI-MARKS,2024-03-25 10:40:03,2024-03,08.189.400/0001-07,UN,1.0,11.99,133.22222222222223,True
af4527db7c235d57,SABONETE PHEBO RAIZ DO ORIENTE 90G,2024-03-25 10:40:03,2024-03,08.189.400/0001-07,UN,1.0,4.66,51.77777777777778,True
af4527db7c235d57,SABONETE PHEBO RAIZ DO ORIENTE 90G,2024-03-25 10:40:03,2024-03,08.189.400/0001-07,UN,1.0,4.66,51.77777777777778,True
0977efb25b6aa1d0,SABONETE PHEBO NATURELLE ROSA 90G,2024-03-25 10:40:03,2024-03,08.189.400/0001-07,UN,1.0,4.66,51.77777777777778,True
a84a481638e83fcd,SABONETE PHEBO ODOR ROSAS AMAR. 90G,2024-03-25 10:40:03,2024-03,08.189.400/0001-07,UN,1.0,4.66,51.77777777777778,True
f49d09ae29810be6,SABONETE PHEBO AMAZONIAN VDE.ESC. 90G,2024-03-25 10:40:03,2024-03,08.189.400/0001-07,UN,1.0,4.66,51.77777777777778,True
24b13d68a10d9cb7,AMENDOIM ELMA CHIPS 145G JAPONES,2024-03-25 10:40:03,2024-03,08.189.400/0001-07,UN,1.0,7.26,50.06896551724138,True
64e18cb686183a6b,SABAO YPE BARRA NEUTRO ORIGINAL 5X180G 10DESC.,2024-03-25 10:40:03,2024-03,08.189.400/0001-07,UN,1.0,13.49,74.94444444444444,True
4dc1679fb7d005a4,ESPONJA SANTA MARIA ESFRELUX MULTIUSO LEVE4 PAGUE,2024-03-25 10:40:03,2024-03,08.189.400/0001-07,UN,1.0,3.99,3.99,True
cda417c76cafaf05,ALCOOL SANTA CRUZ 70INPM 1L,2024-03-25 10:40:03,2024-03,08.189.400/0001-07,UN,1.0,8.59,8.59,True
c09c1e4077f7e02f,RED BULL 355ML ENERGY DRINK,2024-03-25 10:40:03,2024-03,08.189.400/0001-07,UN,1.0,12.99,36.59154929577465,True
c09c1e4077f7e02f,RED BULL 355ML ENERGY DRINK,2024-03-25 10:40:03,2024-03,08.189.400/0001-07,UN,1.0,12.99,36.59154929577465,True
ad3ccfd1eb415975,AGUA SANITARIA IGUAL 5L,2024-03-25 10:40:03,2024-03,08.189.400/0001-07,UN,1.0,9.49,1.898,True
ed7c998d47d132b5,DET.LIQ.LIMPOL 500ML NEUTRO,2024-03-25 10:40:03,2024-03,08.189.400/0001-07,UN,1.0,2.39,4.78,True
d1ae27553be58d3c,SABONETE PHEBO TOQ.LAVANDA ROXO 90G,2024-03-25 10:40:03,2024-03,08.189.400/0001-07,UN,1.0,4.66,51.77777777777778,True
3caba3886444c0db,FOSFORO FIAT LUX OLHO C400 C10 CAIXAS,2024-03-25 10:40:03,2024-03,08.189.400/0001-07,UN,1.0,4.39,4.39,True
8cfa36401f71a8f0,DESODORANTE AEROSOL REXONA INVISIBLE 145G250ML,2024-03-25 10:40:03,2024-03,08.189.400/0001-07,UN,1.0,21.99,87.96,True
f760a1fa0959b9fa,INSET.DETEFON ESPIRAL C10,2024-03-25 10:40:03,2024-03,08.189.400/0001-07,UN,1.0,5.89,5.89,True
1c697f84e6f2fea1,DESINFETANTE URCA 2L FLOR DE LAVANDA,2024-03-25 10:40:03,2024-03,08.189.400/0001-07,UN,1.0,5.79,2.895,True
1e0281b0ec2e8700,"DESINFETANTE YPE BAK LAVANDA LV2L PF1,8L",2024-03-25 10:40:03,2024-03,08.189.400/0001-07,UN,1.0,9.43,4.715,True
03893088285defa9,TOALHA DE PAPEL ABSOLUTO C2,2024-03-25 10:40:03,2024-03,08.189.400/0001-07,UN,1.0,4.99,4.99,True
4d0f655b3826bb5a,PAPEL HIG.NEVE NEUTRO LV16 PG15 COMPACTO,2024-03-25 10:40:03,2024-03,08.189.400/0001-07,UN,1.0,38.99,38.99,True
cc7643576bfe35c5,SARDINHA INT MB PCT 800G,2024-03-05 16:34:59,2024-03,03.721.769/0003-59,Kg,16.0,9.29,9.29,True
cc7643576bfe35c5,SARDINHA INT MB PCT 800G,2024-03-05 16:34:59,2024-03,03.721.769/0003-59,Kg,16.0,9.29,9.29,True
cc7643576bfe35c5,SARDINHA INT MB PCT 800G,2024-03-05 16:34:59,2024-03,03.721.769/0003-59,Kg,16.0,9.29,9.29,True
7b46781fbe0aadf6,CAVALINHA INT 3 4 P FISH 1KG,2024-03-05 16:34:59,2024-03,03.721.769/0003-59,Kg,15.0,8.09,8.09,True
7b46781fbe0aadf6,CAVALINHA INT 3 4 P FISH 1KG,2024-03-05 16:34:59,2024-03,03.721.769/0003-59,Kg,15.0,8.09,8.09,True
7b46781fbe0aadf6,CAVALINHA INT 3 4 P FISH 1KG,2024-03-05 16:34:59,2024-03,03.721.769/0003-59,Kg,15.0,8.09,8.09,True
110590cad9becd59,REFRIGERANTE COCA COLA PET 250ML,2024-03-05 16:33:43,2024-03,03.721.769/0003-59,Un,1.0,1.99,7.96,True
f8c81c273fad7c88,SALG PIPPO S PC 30G QUEIJO,2024-03-05 16:33:43,2024-03,03.721.769/0003-59,Un,1.0,1.99,66.33333333333333,True
60dc05ec5c89d797,BACON FATIADO FLESTE CG KG,2024-03-05 16:33:43,2024-03,03.721.769/0003-59,Kg,1.0,36.29,36.29,True
7f5f166f9e7bf2fa,FIGADO BOV PORC MB,2024-03-05 16:33:43,2024-03,03.721.769/0003-59,Kg,0.94,9.49,9.49,True
60dc05ec5c89d797,BACON FATIADO FLESTE CG KG,2024-03-05 16:33:43,2024-03,03.721.769/0003-59,Kg,1.0,36.29,36.29,True
7f5f166f9e7bf2fa,FIGADO BOV PORC MB,2024-03-05 16:33:43,2024-03,03.721.769/0003-59,Kg,0.854,9.49,9.49,True
119754ae771972ed,BARRIGA SUINO  PANC  CG FRIMESA,2024-03-05 16:33:43,2024-03,03.721.769/0003-59,Kg,0.802,26.39,26.39,True
67c50306525f695e,MAMINHA MBLACK CG KG,2024-03-05 16:33:43,2024-03,03.721.769/0003-59,Kg,0.914,80.99,80.99,True
7db51d6ab0abdd4f,CONTRA FILE PORC MBLACK S O CG,2024-03-05 16:33:43,2024-03,03.721.769/0003-59,Kg,1.27,67.99,67.99,True
1947343ebe95948a,MAMINHA MB RF KG,2024-03-05 16:33:43,2024-03,03.721.769/0003-59,Kg,1.28,39.79,39.79,True
180f6cd5e2ba7f93,LINGUICA BOV CG MBLACK 300G,2024-03-05 16:33:43,2024-03,03.721.769/0003-59,PAC,1.0,13.09,43.63333333333333,True
1947343ebe95948a,MAMINHA MB RF KG,2024-03-05 16:33:43,2024-03,03.721.769/0003-59,Kg,1.036,39.79,39.79,True
87fa12c91777d4de,HAMBURGUER BOV MBLACK 360G,2024-03-05 16:33:43,2024-03,03.721.769/0003-59,PAC,1.0,14.49,40.25,True
180f6cd5e2ba7f93,LINGUICA BOV CG MBLACK 300G,2024-03-05 16:33:43,2024-03,03.721.769/0003-59,PAC,1.0,13.09,43.63333333333333,True
180f6cd5e2ba7f93,LINGUICA BOV CG MBLACK 300G,2024-03-05 16:33:43,2024-03,03.721.769/0003-59,PAC,1.0,13.09,43.63333333333333,True
180f6cd5e2ba7f93,LINGUICA BOV CG MBLACK 300G,2024-03-05 16:33:43,2024-03,03.721.769/0003-59,PAC,1.0,13.09,43.63333333333333,True
2c92ca26c1c6e95f,COSTELA SUINA IN SADIA CG KG,2024-03-05 16:33:43,2024-03,03.721.769/0003-59,Kg,0.83,21.29,21.29,True
119754ae771972ed,BARRIGA SUINO  PANC  CG FRIMESA,2024-03-05 16:33:43,2024-03,03.721.769/0003-59,Kg,0.798,26.39,26.39,True
67c50306525f695e,MAMINHA MBLACK CG KG,2024-03-05 16:33:43,2024-03,03.721.769/0003-59,Kg,0.972,80.99,80.99,True
7f5f166f9e7bf2fa,FIGADO BOV PORC MB,2024-03-05 16:33:43,2024-03,03.721.769/0003-59,Kg,1.012,9.49,9.49,True
119754ae771972ed,BARRIGA SUINO  PANC  CG FRIMESA,2024-03-05 16:33:43,2024-03,03.721.769/0003-59,Kg,0.804,26.39,26.39,True
4b9c63976d35a6e2,PICANHA SUI IN FRIM CG KG,2024-03-05 16:33:43,2024-03,03.721.769/0003-59,Kg,1.234,28.59,28.59,True
2c92ca26c1c6e95f,COSTELA SUINA IN SADIA CG KG,2024-03-05 16:33:43,2024-03,03.721.769/0003-59,Kg,0.92,21.29,21.29,True
1d8dd232128235d8,PALMITO PUPUNHA INT NATUPALM 300,2024-03-05 16:33:43,2024-03,03.721.769/0003-59,Un,1.0,33.59,33.59,True
1d8dd232128235d8,PALMITO PUPUNHA INT NATUPALM 300,2024-03-05 16:33:43,2024-03,03.721.769/0003-59,Un,1.0,33.59,33.59,True
855fcb9180a929c8,LEITE CONDENS CAMPONESA TP 395G INTEGRAL,2024-03-05 16:33:43,2024-03,03.721.769/0003-59,Un,1.0,7.99,20.227848101265824,True
855fcb9180a929c8,LEITE CONDENS CAMPONESA TP 395G INTEGRAL,2024-03-05 16:33:43,2024-03,03.721.769/0003-59,Un,1.0,7.99,20.227848101265824,True
36b5583a0bc6c62a,PEPINO VALE FERTIL 300G,2024-03-05 16:33:43,2024-03,03.721.769/0003-59,Un,1.0,15.99,53.3,True
64e07e4f62bfe01b,FLOCAO DE MILHO SAO BRAZ 500G,2024-03-05 16:33:43,2024-03,03.721.769/0003-59,Un,3.0,1.69,3.38,True
59aa1aaaa882159d,FILE SALMAO PEDAA O KD 500 1000G,2024-03-05 16:33:43,2024-03,03.721.769/0003-59,Kg,0.696,71.39,71.39,True
4b9c63976d35a6e2,PICANHA SUI IN FRIM CG KG,2024-03-05 16:33:43,2024-03,03.721.769/0003-59,Kg,0.868,28.59,28.59,True
72f2701982519ac6,PIZZA GRANDE (8 FATIAS),2024-02-14 22:23:44,2024-02,35.128.392/0001-53,und,1.0,69.4,69.4,True
b7224193bc2b6558,POLPETINES DE ORIG MOL PELATTI,2024-02-08 21:39:37,2024-02,06.289.452/0001-11,und,1.0,47.0,47.0,True
0a806ca0851a318e,COCA-COLA LT 350ML,2024-02-08 21:39:37,2024-02,06.289.452/0001-11,UND,1.0,7.0,20.0,True
0dfbe6d49f2fe5a3,TAXA DE ENTREGA,2024-02-08 21:39:37,2024-02,06.289.452/0001-11,UND,1.0,14.0,14.0,True
685cc8f607bd8460,KOMBO 2 PIZZAS,2024-02-06 20:57:15,2024-02,21.346.387/0001-02,und,1.0,74.0,74.0,True
ea9e0d0fb7353c3c,TAXA DE ENTREGA,2024-02-06 20:57:15,2024-02,21.346.387/0001-02,und,1.0,11.0,11.0,True
72f2701982519ac6,PIZZA GRANDE (8 FATIAS),2024-01-16 23:05:43,2024-01,35.128.392/0001-53,und,1.0,62.4,62.4,True
b7224193bc2b6558,POLPETINES DE ORIG MOL PELATTI,2024-01-03 20:08:53,2024-01,06.289.452/0001-11,und,2.0,47.0,47.0,True
130ee787e96b70db,H2O LIMAO 500ML,2024-01-03 20:08:53,2024-01,06.289.452/0001-11,UND,1.0,7.0,14.0,True
0a806ca0851a318e,COCA-COLA LT 350ML,2024-01-03 20:08:53,2024-01,06.289.452/0001-11,UND,1.0,7.0,20.0,True
0dfbe6d49f2fe5a3,TAXA DE ENTREGA,2024-01-03 20:08:53,2024-01,06.289.452/0001-11,UND,1.0,14.0,14.0,True
af1117738389aafe,PARMEGGIANA - SEJA CHEF,2023-11-11 20:17:18,2023-11,06.289.452/0001-11,und,1.0,62.0,62.0,True
0dfbe6d49f2fe5a3,TAXA DE ENTREGA,2023-11-11 20:17:18,2023-11,06.289.452/0001-11,UND,1.0,14.0,14.0,True
3b2d1d95dd9ae427,"#1700900#18069000#TRU LC GIANDU 13,5",2023-10-15 16:58:48,2023-10,39.270.815/0001-26,UN,4.0,2.9,2.9,True
2c6d4fa4619b9776,"#1700900#18069000#TRU LC LEIT 13,5",2023-10-15 16:58:48,2023-10,39.270.815/0001-26,UN,4.0,2.9,2.9,True
4c3a6dc6cea3a3e5,SENSOR DE TEMPERATURA MTE 4067D32011IG815,2023-10-13 16:36:40,2023-10,08.152.459/0001-12,UND,1.0,130.0,130.0,True
d4f46d629500b33a,MANGOTE DO RADIADOR DAYCO 73275218735N158B274AC SUPERIOR,2023-10-13 16:36:40,2023-10,08.152.459/0001-12,UND,1.0,90.0,90.0,True
a2c4eb0703623577,ABRACADEIRA 25x38,2023-10-13 16:36:40,2023-10,08.152.459/0001-12,UND,1.0,10.0,10.0,True
0891a2ca05eea5db,ADITIVO RADIADOR RADIEX R1923,2023-10-13 16:36:40,2023-10,08.152.459/0001-12,LT,2.0,50.0,50.0,True
85786cd73cb688b4,SARDINHA LAGE HG IQF 1KG,2023-10-03 12:20:43,2023-10,03.721.769/0003-59,Kg,15.0,10.99,10.99,True
cc7643576bfe35c5,SARDINHA INT MB PCT 800G,2023-10-03 12:20:43,2023-10,03.721.769/0003-59,Kg,16.0,9.29,9.29,True
60dc05ec5c89d797,BACON FATIADO FLESTE CG KG,2023-10-03 12:20:43,2023-10,03.721.769/0003-59,Kg,1.0,31.89,31.89,True
039e9f0225c6248e,MAMINHA IMP TACUAREMBO CG KG,2023-10-03 12:20:43,2023-10,03.721.769/0003-59,Kg,1.246,49.99,49.99,True
e8f384de5ac3897f,LOMBO SUINO IN FLESTE CG KG,2023-10-03 12:20:43,2023-10,03.721.769/0003-59,Kg,1.102,19.79,19.79,True
7bcabd9dfaf570cf,MAMINHA MB CG KG,2023-10-03 12:20:43,2023-10,03.721.769/0003-59,Kg,1.062,33.99,33.99,True
7f5f166f9e7bf2fa,FIGADO BOV PORC MB,2023-10-03 12:20:43,2023-10,03.721.769/0003-59,Kg,0.628,9.49,9.49,True
e8f384de5ac3897f,LOMBO SUINO IN FLESTE CG KG,2023-10-03 12:20:43,2023-10,03.721.769/0003-59,Kg,1.274,19.79,19.79,True
e8f384de5ac3897f,LOMBO SUINO IN FLESTE CG KG,2023-10-03 12:20:43,2023-10,03.721.769/0003-59,Kg,1.042,19.79,19.79,True
af82b099d51b398a,COSTELA BOV TIRA VAC MBLACK CG K,2023-10-03 12:20:43,2023-10,03.721.769/0003-59,Kg,2.21,37.79,37.79,True
119754ae771972ed,BARRIGA SUINO  PANC  CG FRIMESA,2023-10-03 12:20:43,2023-10,03.721.769/0003-59,Kg,0.73,25.79,25.79,True
119754ae771972ed,BARRIGA SUINO  PANC  CG FRIMESA,2023-10-03 12:20:43,2023-10,03.721.769/0003-59,Kg,0.738,25.79,25.79,True
dc6f82311bbb3191,CASTANHA HG 7 10 MB 800G,2023-10-03 12:20:43,2023-10,03.721.769/0003-59,PAC,1.0,10.99,13.7375,True
dc6f82311bbb3191,CASTANHA HG 7 10 MB 800G,2023-10-03 12:20:43,2023-10,03.721.769/0003-59,PAC,1.0,10.99,13.7375,True
dc6f82311bbb3191,CASTANHA HG 7 10 MB 800G,2023-10-03 12:20:43,2023-10,03.721.769/0003-59,PAC,1.0,10.99,13.7375,True
45f8634aa5066f5c,FILE SUI IN SADIA CG KG,2023-10-03 12:20:43,2023-10,03.721.769/0003-59,Kg,0.968,20.89,20.89,True
7f5f166f9e7bf2fa,FIGADO BOV PORC MB,2023-10-03 12:20:43,2023-10,03.721.769/0003-59,Kg,0.932,9.49,9.49,True
7f5f166f9e7bf2fa,FIGADO BOV PORC MB,2023-10-03 12:20:43,2023-10,03.721.769/0003-59,Kg,0.74,9.49,9.49,True
180f6cd5e2ba7f93,LINGUICA BOV CG MBLACK 300G,2023-10-03 12:20:43,2023-10,03.721.769/0003-59,PAC,1.0,12.99,43.3,True
180f6cd5e2ba7f93,LINGUICA BOV CG MBLACK 300G,2023-10-03 12:20:43,2023-10,03.721.769/0003-59,PAC,1.0,12.99,43.3,True
e68aa96000442552,PICANHA IMP AR NC LANONIM AL CG,2023-10-03 12:20:43,2023-10,03.721.769/0003-59,Kg,0.972,97.39,97.39,True
1d8dd232128235d8,PALMITO PUPUNHA INT NATUPALM 300,2023-10-03 12:20:43,2023-10,03.721.769/0003-59,Un,1.0,32.99,32.99,True
110590cad9becd59,REFRIGERANTE COCA COLA PET 250ML,2023-10-03 12:20:43,2023-10,03.721.769/0003-59,Un,1.0,1.99,7.96,True
87fa12c91777d4de,HAMBURGUER BOV MBLACK 360G,2023-10-03 12:20:43,2023-10,03.721.769/0003-59,PAC,1.0,13.99,38.86111111111112,True
f8844c0c0e6331ed,ALCAPARRA VALE FERTIL 60G,2023-10-03 12:20:43,2023-10,03.721.769/0003-59,Un,1.0,8.29,138.16666666666666,True
213cb0d8d96bdf98,CARNE SOL COXAO MOLE MANT MB PB,2023-10-03 12:20:43,2023-10,03.721.769/0003-59,Kg,1.176,35.49,35.49,True
261f409f289a89f3,FILE SUI IN ECOFRIGO CG KG,2023-10-03 12:20:43,2023-10,03.721.769/0003-59,Kg,0.778,19.39,19.39,True
91ed08e61daf4b84,LOMBO BAC IMP BPORTO CG 1KG,2023-10-03 12:20:43,2023-10,03.721.769/0003-59,PAC,1.0,105.99,105.99,True
1d8dd232128235d8,PALMITO PUPUNHA INT NATUPALM 300,2023-10-03 12:20:43,2023-10,03.721.769/0003-59,Un,1.0,32.99,32.99,True
e68aa96000442552,PICANHA IMP AR NC LANONIM AL CG,2023-10-03 12:20:43,2023-10,03.721.769/0003-59,Kg,0.926,97.39,97.39,True
855fcb9180a929c8,LEITE CONDENS CAMPONESA TP 395G INTEGRAL,2023-10-03 12:20:43,2023-10,03.721.769/0003-59,Un,3.0,5.79,14.658227848101266,True
c73ddc7a474cae1e,CERV HEINEKEN L NECK 330ML,2023-10-03 12:20:43,2023-10,03.721.769/0003-59,Un,12.0,5.19,15.727272727272728,True
7f5f166f9e7bf2fa,FIGADO BOV PORC MB,2023-10-03 12:20:43,2023-10,03.721.769/0003-59,Kg,1.074,9.49,9.49,True
45f8634aa5066f5c,FILE SUI IN SADIA CG KG,2023-10-03 12:20:43,2023-10,03.721.769/0003-59,Kg,1.424,20.89,20.89,True
b7224193bc2b6558,POLPETINES DE ORIG MOL PELATTI,2023-09-30 19:10:56,2023-09,06.289.452/0001-11,und,2.0,46.0,46.0,True
0dfbe6d49f2fe5a3,TAXA DE ENTREGA,2023-09-30 19:10:56,2023-09,06.289.452/0001-11,UND,1.0,14.0,14.0,True
c4b9039ea6137f3a,VH CH T TR MD CAB750,2023-09-29 11:59:07,2023-09,47.508.411/1145-93,UN,10.0,49.99,49.99,True
4d613c7be66a4ed1,BADEN PILS CRIST 600,2023-09-29 11:59:07,2023-09,47.508.411/1145-93,UN,1.0,14.99,14.99,True
eba2e2cbfb573f46,CERV HEINEKEN 350ML,2023-09-29 11:59:07,2023-09,47.508.411/1145-93,UN,1.0,5.39,15.4,True
b7224193bc2b6558,POLPETINES DE ORIG MOL PELATTI,2023-09-15 18:55:57,2023-09,06.289.452/0001-11,und,1.0,46.0,46.0,True
f63fc9438a93bb5d,PARMEGGIANA DE FRANGO 2 P,2023-09-15 18:55:57,2023-09,06.289.452/0001-11,und,1.0,77.0,77.0,True
0dfbe6d49f2fe5a3,TAXA DE ENTREGA,2023-09-15 18:55:57,2023-09,06.289.452/0001-11,UND,1.0,14.0,14.0,True
1727391d0ecbdf40,AZEITONA VERDE MARIZA 500G INTEIRA SHACEH,2023-09-03 09:22:27,2023-09,08.189.400/0001-07,UN,1.0,10.59,21.18,True
91a4cf811c312f52,VERMOUTH MARTINI 750ML ROSSO,2023-09-03 09:22:27,2023-09,08.189.400/0001-07,UN,1.0,47.9,63.86666666666667,True
9a22de4d47f99e56,APERITIVO CAMPARI 900ML,2023-09-03 09:22:27,2023-09,08.189.400/0001-07,UN,1.0,62.99,69.9888888888889,True
c2e6d7235511196d,QUEIJO NATVILLE MUSSARELA KG,2023-09-03 09:22:27,2023-09,08.189.400/0001-07,KG,0.237,36.99,36.99,True
5f7beee1f518fe1a,MORT.PERDIGAO BOLOGNA OURO DEF.KG,2023-09-03 09:22:27,2023-09,08.189.400/0001-07,KG,0.25,31.49,31.49,True
125406f0d439d105,PEPINO VALE FERTIL 300G VIDRO,2023-09-03 09:22:27,2023-09,08.189.400/0001-07,UN,1.0,13.39,44.63333333333334,True
74ef8051425382bf,COPA FATIADO SADIA 100G,2023-09-03 09:22:27,2023-09,08.189.400/0001-07,UN,1.0,16.99,169.89999999999998,True
2979a69e063557b3,SALAME AURORA 100G FATIADO,2023-09-03 09:22:27,2023-09,08.189.400/0001-07,UN,1.0,12.39,123.9,True
2979a69e063557b3,SALAME AURORA 100G FATIADO,2023-09-03 09:22:27,2023-09,08.189.400/0001-07,UN,1.0,12.39,123.9,True
94bf4c5b69c7ae81,BACON SADIA FATIADO BAF 250G,2023-09-03 09:22:27,2023-09,08.189.400/0001-07,UN,1.0,16.39,65.56,True
07db4cacc1cfe71d,SOBRECOXA BOM TODO CONG.1KG BDJ,2023-09-03 09:22:27,2023-09,08.189.400/0001-07,UN,1.0,9.99,9.99,True
94bf4c5b69c7ae81,BACON SADIA FATIADO BAF 250G,2023-09-03 09:22:27,2023-09,08.189.400/0001-07,UN,1.0,16.39,65.56,True
2768ff579d3bda08,TAFF MAN-EX 110ML UND,2023-09-03 09:22:27,2023-09,08.189.400/0001-07,UN,1.0,4.99,45.36363636363637,True
b3ad7e82de3ce147,LTE.FERM.YAKULT 480G,2023-09-03 09:22:27,2023-09,08.189.400/0001-07,UN,1.0,12.99,27.0625,True
125406f0d439d105,PEPINO VALE FERTIL 300G VIDRO,2023-09-03 09:22:27,2023-09,08.189.400/0001-07,UN,1.0,13.39,44.63333333333334,True
c6fbd1e44ccf9e6b,ALCAPARRAS LAVIOLETERA 60G,2023-09-03 09:22:27,2023-09,08.189.400/0001-07,UN,1.0,9.99,166.5,True
b3ad7e82de3ce147,LTE.FERM.YAKULT 480G,2023-09-03 09:22:27,2023-09,08.189.400/0001-07,UN,1.0,12.99,27.0625,True
b3ad7e82de3ce147,LTE.FERM.YAKULT 480G,2023-09-03 09:22:27,2023-09,08.189.400/0001-07,UN,1.0,12.99,27.0625,True
4481463c6406c8b8,PAO DE QUEIJO FORNO MINAS 820G LANCHE,2023-09-03 09:22:27,2023-09,08.189.400/0001-07,UN,1.0,33.59,40.963414634146346,True
ce4a1e00f0069073,PAO DE QUEIJO FORNO MINAS 400G REC CASEIRA SGLUTE,2023-09-03 09:22:27,2023-09,08.189.400/0001-07,UN,1.0,24.99,62.475,True
ce4a1e00f0069073,PAO DE QUEIJO FORNO MINAS 400G REC CASEIRA SGLUTE,2023-09-03 09:22:27,2023-09,08.189.400/0001-07,UN,1.0,24.99,62.475,True
c3568b52a3774134,PASSATA DI POMOD.LA PASTINA 680G VD,2023-09-03 09:22:27,2023-09,08.189.400/0001-07,UN,1.0,19.99,29.39705882352941,True
045c792877840eed,MOLHO DE TOMATE MASTROIANI 420G PASSATA,2023-09-03 09:22:27,2023-09,08.189.400/0001-07,UN,1.0,15.99,38.07142857142858,True
c3568b52a3774134,PASSATA DI POMOD.LA PASTINA 680G VD,2023-09-03 09:22:27,2023-09,08.189.400/0001-07,UN,1.0,19.99,29.39705882352941,True
10e8be50e0548345,BISCOITO MARILAN 350G CREAM CRACKER ESPECIAL,2023-09-03 09:22:27,2023-09,08.189.400/0001-07,UN,1.0,5.49,15.685714285714289,True
b416e6018912dacf,MAGIC TOAST MARILAN 150G,2023-09-03 09:22:27,2023-09,08.189.400/0001-07,UN,1.0,5.23,34.866666666666674,True
0e8afed72a28dff6,MAGIC TOAST MARILAN 144G LIGHT,2023-09-03 09:22:27,2023-09,08.189.400/0001-07,UN,1.0,5.23,36.31944444444445,True
0e8afed72a28dff6,MAGIC TOAST MARILAN 144G LIGHT,2023-09-03 09:22:27,2023-09,08.189.400/0001-07,UN,1.0,5.23,36.31944444444445,True
0e8afed72a28dff6,MAGIC TOAST MARILAN 144G LIGHT,2023-09-03 09:22:27,2023-09,08.189.400/0001-07,UN,1.0,5.23,36.31944444444445,True
93810efa8a69f6c6,AVEIA QUAKER 450G FLOCOS FINOS CX,2023-09-03 09:22:27,2023-09,08.189.400/0001-07,UN,1.0,12.94,28.755555555555556,True
2ff5c3ff98eede8f,ARROZ MEU BIJU 1KG PARBOLIZADO,2023-09-03 09:22:27,2023-09,08.189.400/0001-07,UN,1.0,5.99,5.99,True
2ff5c3ff98eede8f,ARROZ MEU BIJU 1KG PARBOLIZADO,2023-09-03 09:22:27,2023-09,08.189.400/0001-07,UN,1.0,5.99,5.99,True
c558393e7fc06b9b,XEREM VITAMILHO 500GR,2023-09-03 09:22:27,2023-09,08.189.400/0001-07,UN,1.0,2.12,2.12,True
c558393e7fc06b9b,XEREM VITAMILHO 500GR,2023-09-03 09:22:27,2023-09,08.189.400/0001-07,UN,1.0,2.12,2.12,True
f4568cc0a009d609,MILHO PPIPOCA REI DE OURO 500G,2023-09-03 09:22:27,2023-09,08.189.400/0001-07,UN,1.0,3.99,7.98,True
ca24189d618daae4,FARINHA DE ARROZ URBANO 500G FLOCADA SGLUTEN,2023-09-03 09:22:27,2023-09,08.189.400/0001-07,UN,1.0,2.79,5.58,True
eef22cf7f185b8ff,FARINHA DE MILHO NORDESTINO 500G PRE COZIDO,2023-09-03 09:22:27,2023-09,08.189.400/0001-07,UN,1.0,1.49,2.98,True
eef22cf7f185b8ff,FARINHA DE MILHO NORDESTINO 500G PRE COZIDO,2023-09-03 09:22:27,2023-09,08.189.400/0001-07,UN,1.0,1.49,2.98,True
eef22cf7f185b8ff,FARINHA DE MILHO NORDESTINO 500G PRE COZIDO,2023-09-03 09:22:27,2023-09,08.189.400/0001-07,UN,1.0,1.49,2.98,True
16edd20fdf451d9b,GATORADE 500ML MORANGOMARACUJA,2023-09-03 09:22:27,2023-09,08.189.400/0001-07,UN,1.0,4.79,9.58,True
222f6b951683b2bc,GATORADE 500ML MARACUJA,2023-09-03 09:22:27,2023-09,08.189.400/0001-07,UN,1.0,4.79,9.58,True
f5bd9c240a0f23d5,VINAGRE MONTES VERDES ORG. 530ML MACA,2023-09-03 09:22:27,2023-09,08.189.400/0001-07,UN,1.0,19.99,37.71698113207547,True
7b8f7df39b2028c3,GELEIA CASA MADEIRA 220G SUGAR ZERO FRUTAS VERMELH,2023-09-03 09:22:27,2023-09,08.189.400/0001-07,UN,1.0,25.99,118.13636363636364,True
4046876b22e9fb85,MOLHO DE PIMENTA TABASCO 60ML RED PEPPER SAUCE OR,2023-09-03 09:22:27,2023-09,08.189.400/0001-07,UN,1.0,19.99,333.16666666666663,True
74492162f11c4cba,REFRIGERANTE COCA-COLA 250ML PET,2023-09-03 09:22:27,2023-09,08.189.400/0001-07,UN,5.0,2.09,8.36,True
a0ab7af6ec064cf0,REFRIG.PEPSI 200ML COLA PET,2023-09-03 09:22:27,2023-09,08.189.400/0001-07,UN,3.0,1.55,7.75,True
222f6b951683b2bc,GATORADE 500ML MARACUJA,2023-09-03 09:22:27,2023-09,08.189.400/0001-07,UN,1.0,4.79,9.58,True
4ab70865611936ad,BETERRABA KG,2023-09-03 09:22:27,2023-09,08.189.400/0001-07,KG,3.005,5.99,5.99,True
6a6a39671d571810,MANGA ROSA KG,2023-09-03 09:22:27,2023-09,08.189.400/0001-07,KG,1.22,7.35,7.35,True
cad1bfb332ca89e8,CENOURA KG,2023-09-03 09:22:27,2023-09,08.189.400/0001-07,KG,1.25,7.49,7.49,True
6e1b0c3e2aa6e177,ACHOC.LIQ.TODDYNHO 200ML TRADICIONAL,2023-09-03 09:22:27,2023-09,08.189.400/0001-07,UN,10.0,2.69,13.45,True
e912203a96f0e2c7,BIFE DE FIGADO KG,2023-09-03 09:22:27,2023-09,08.189.400/0001-07,UN,2.038,16.99,16.99,True
464999681a3b803c,CERVEJA HEINEKEN 269ML LATA,2023-09-03 09:22:27,2023-09,08.189.400/0001-07,UN,1.0,31.92,118.66171003717471,True
464999681a3b803c,CERVEJA HEINEKEN 269ML LATA,2023-09-03 09:22:27,2023-09,08.189.400/0001-07,UN,1.0,31.92,118.66171003717471,True
dc112cd6f771a683,INSETICIDA SBP AERO MULTI INSETICIDA ECON. 380ML E,2023-09-03 09:22:27,2023-09,08.189.400/0001-07,UN,1.0,13.59,35.76315789473684,True
1e2267feb49f547d,REPELENTE REPELEX LOCAO FAMILY 200ML 25DESC,2023-09-03 09:22:27,2023-09,08.189.400/0001-07,UN,1.0,18.99,94.95,True
9ecf8afb50c465e5,INSPIRA GEL ADESIVO CITRUS 42GR,2023-09-03 09:22:27,2023-09,08.189.400/0001-07,UN,1.0,14.79,14.79,True
72f2701982519ac6,PIZZA GRANDE (8 FATIAS),2023-08-08 22:18:30,2023-08,35.128.392/0001-53,und,1.0,56.5,56.5,True
136b0089b22f955b,TAXA DE ENTREGA,2023-08-08 22:18:30,2023-08,35.128.392/0001-53,UND,1.0,6.5,6.5,True
f3f8e54f45f31535,HISTAMIN 100ML,2023-07-22 17:40:16,2023-07,06.626.253/0260-37,UN,1.0,24.21,242.1,True
1c29d06bd235658e,SAL FRUTA ENO GUARAN,2023-07-22 17:40:16,2023-07,06.626.253/0260-37,UN,3.0,4.38,4.38,True
f4c95725b22c547a,CL AMBROXOL XPE ADT,2023-07-22 17:40:16,2023-07,06.626.253/0260-37,UN,1.0,12.45,12.45,True
df4bb2cc647c9ccb,"SORO FISIOL PMENOS 0,9/500ML",2023-07-22 17:40:16,2023-07,06.626.253/0260-37,UN,1.0,9.99,19.98,True
25802f9cf736cbf4,NEOSALDINA DGR/30 NV,2023-07-22 17:40:16,2023-07,06.626.253/0260-37,UN,1.0,40.0,40.0,True
72f2701982519ac6,PIZZA GRANDE (8 FATIAS),2023-07-19 22:24:01,2023-07,35.128.392/0001-53,und,1.0,59.0,59.0,True
136b0089b22f955b,TAXA DE ENTREGA,2023-07-19 22:24:01,2023-07,35.128.392/0001-53,UND,1.0,6.5,6.5,True
162e3b9526d8f40f,ZE DELIVERY,2023-07-19 15:29:12,2023-07,44.610.360/0001-80,UN,1.0,5.99,5.99,True
a16c3b9521a1a027,CORONITA EXTRA N OW 210ML,2023-07-19 15:29:12,2023-07,44.610.360/0001-80,UN,18.0,4.49,21.380952380952383,True
72f2701982519ac6,PIZZA GRANDE (8 FATIAS),2023-07-09 21:38:51,2023-07,35.128.392/0001-53,und,1.0,59.0,59.0,True
136b0089b22f955b,TAXA DE ENTREGA,2023-07-09 21:38:51,2023-07,35.128.392/0001-53,UND,1.0,6.5,6.5,True
f8e4fa64bebaae52,BICO INJETOR IGUACU 5010127,2023-07-03 10:02:24,2023-07,08.152.459/0001-12,UND,2.0,200.0,200.0,True
e9b6b36cbb6b3998,VELAS DE IGNICAO NGK TR6B10,2023-06-30 22:10:54,2023-06,08.152.459/0001-12,UND,4.0,30.0,30.0,True
11f220de494aceba,CABO DE VELAS NGK SCF30,2023-06-30 22:10:54,2023-06,08.152.459/0001-12,JG,1.0,160.0,160.0,True
ceebe33e26938464,TANQUE DE COMBUSTIVEL FORD SEMINOVO,2023-06-30 22:10:54,2023-06,08.152.459/0001-12,UND,1.0,2000.0,2000.0,True
bedea207482dccc5,FILTRO DE COMB WEGA FCI1695AKL420G9291GI60,2023-06-30 22:10:54,2023-06,08.152.459/0001-12,UND,1.0,30.0,30.0,True
325b897d5e8d59d9,TERMINAL DE BATERIA ILG TSM112R,2023-06-30 22:10:54,2023-06,08.152.459/0001-12,UND,1.0,30.0,30.0,True
c2a31d148efb38be,CILINDRO DE RODA RCCR028805958C3472,2023-06-30 22:10:54,2023-06,08.152.459/0001-12,UND,2.0,80.0,80.0,True
8fe91ff4d581726e,CABO FREIO MAO TUBA 8664107471 TRASEIRODUPLO,2023-06-30 22:10:54,2023-06,08.152.459/0001-12,PC,1.0,220.0,220.0,True
40b62ac7829528a3,SISTEMA ELETRICO FORD ABS USADO,2023-06-30 22:10:54,2023-06,08.152.459/0001-12,UND,1.0,1800.0,1800.0,True
75af8d54f2fdb5ad,OLEO DE FREIO VARGA DOT4 500MLC0054,2023-06-30 22:10:54,2023-06,08.152.459/0001-12,LT,1.0,50.0,50.0,True
b7dca70e03f436f4,AZEITONA VALE FERTIL SCAROCO SACHET 120G,2023-06-30 13:15:24,2023-06,08.189.400/0001-07,UN,1.0,4.79,39.91666666666667,True
b7dca70e03f436f4,AZEITONA VALE FERTIL SCAROCO SACHET 120G,2023-06-30 13:15:24,2023-06,08.189.400/0001-07,UN,1.0,4.79,39.91666666666667,True
42a6c0eed5a8ae08,CERVEJA HOEGAARDEN 330ML WITBIER,2023-06-30 13:15:24,2023-06,08.189.400/0001-07,UN,1.0,7.99,24.21212121212121,True
10daa33c3478e152,CERVEJA CORONA 330ML EXTRA LONG NECK,2023-06-30 13:15:24,2023-06,08.189.400/0001-07,UN,1.0,6.19,18.75757575757576,True
10daa33c3478e152,CERVEJA CORONA 330ML EXTRA LONG NECK,2023-06-30 13:15:24,2023-06,08.189.400/0001-07,UN,1.0,6.19,18.75757575757576,True
b2e23a40a9a7ff55,CERVEJA ESTRELLA GALICIA 355ML PREMIUM LAGER LN,2023-06-30 13:15:24,2023-06,08.189.400/0001-07,UN,1.0,5.79,16.30985915492958,True
b2e23a40a9a7ff55,CERVEJA ESTRELLA GALICIA 355ML PREMIUM LAGER LN,2023-06-30 13:15:24,2023-06,08.189.400/0001-07,UN,1.0,5.79,16.30985915492958,True
b2e23a40a9a7ff55,CERVEJA ESTRELLA GALICIA 355ML PREMIUM LAGER LN,2023-06-30 13:15:24,2023-06,08.189.400/0001-07,UN,1.0,5.79,16.30985915492958,True
7bde72c09a0224fa,CERVEJA CORONITA 210ML EXTRA LONG NECK,2023-06-30 13:15:24,2023-06,08.189.400/0001-07,UN,5.0,4.34,20.666666666666668,True
0116814291fbfd17,BACON DALIA EXTRA LONBO FAT KG,2023-06-30 13:15:24,2023-06,08.189.400/0001-07,UN,0.257,46.59,46.59,True
0116814291fbfd17,BACON DALIA EXTRA LONBO FAT KG,2023-06-30 13:15:24,2023-06,08.189.400/0001-07,UN,0.284,46.59,46.59,True
0116814291fbfd17,BACON DALIA EXTRA LONBO FAT KG,2023-06-30 13:15:24,2023-06,08.189.400/0001-07,UN,0.282,46.59,46.59,True
0116814291fbfd17,BACON DALIA EXTRA LONBO FAT KG,2023-06-30 13:15:24,2023-06,08.189.400/0001-07,UN,0.166,46.59,46.59,True
479ec74d045942d3,PRESUNTO DOR SELECAO 80G ITALIANO FATIADO,2023-06-30 13:15:24,2023-06,08.189.400/0001-07,UN,1.0,21.39,267.375,True
f89ee480de1e2e88,QJO.TIROLEZ BRIE 125G CARTUCHO,2023-06-30 13:15:24,2023-06,08.189.400/0001-07,UN,1.0,21.69,173.52,True
79c5e503193af765,QUEIJO ILPLA COALHO NATURAL KG,2023-06-30 13:15:24,2023-06,08.189.400/0001-07,UN,0.312,50.99,50.99,True
91d7fe2c4267eb50,LEITE FERMENTADO ACTIVIA 800G VITAMINA DE FRUTAS,2023-06-30 13:15:24,2023-06,08.189.400/0001-07,UN,1.0,12.73,15.9125,True
ba9f6b845d506374,QUEIJO CATOLE MUSSARELA KG,2023-06-30 13:15:24,2023-06,08.189.400/0001-07,UN,0.326,34.99,34.99,True
ce4a1e00f0069073,PAO DE QUEIJO FORNO MINAS 400G REC CASEIRA SGLUTE,2023-06-30 13:15:24,2023-06,08.189.400/0001-07,UN,1.0,24.99,62.475,True
4481463c6406c8b8,PAO DE QUEIJO FORNO MINAS 820G LANCHE,2023-06-30 13:15:24,2023-06,08.189.400/0001-07,UN,1.0,29.99,36.573170731707314,True
e5358b8e010eb2fc,MORTADELA SEARA GOURMET DEFUMADA KG,2023-06-30 13:15:24,2023-06,08.189.400/0001-07,UN,0.334,19.99,19.99,True
a3f34d2957ad09a8,FIGADO BOM TODO 500G BDJ,2023-06-30 13:15:24,2023-06,08.189.400/0001-07,UN,1.0,5.59,11.18,True
a3f34d2957ad09a8,FIGADO BOM TODO 500G BDJ,2023-06-30 13:15:24,2023-06,08.189.400/0001-07,UN,1.0,5.59,11.18,True
b3ad7e82de3ce147,LTE.FERM.YAKULT 480G,2023-06-30 13:15:24,2023-06,08.189.400/0001-07,UN,1.0,12.99,27.0625,True
b3ad7e82de3ce147,LTE.FERM.YAKULT 480G,2023-06-30 13:15:24,2023-06,08.189.400/0001-07,UN,1.0,12.99,27.0625,True
6e1b0c3e2aa6e177,ACHOC.LIQ.TODDYNHO 200ML TRADICIONAL,2023-06-30 13:15:24,2023-06,08.189.400/0001-07,UN,1.0,2.49,12.45,True
6e1b0c3e2aa6e177,ACHOC.LIQ.TODDYNHO 200ML TRADICIONAL,2023-06-30 13:15:24,2023-06,08.189.400/0001-07,UN,1.0,2.49,12.45,True
6e1b0c3e2aa6e177,ACHOC.LIQ.TODDYNHO 200ML TRADICIONAL,2023-06-30 13:15:24,2023-06,08.189.400/0001-07,UN,1.0,2.49,12.45,True
6e1b0c3e2aa6e177,ACHOC.LIQ.TODDYNHO 200ML TRADICIONAL,2023-06-30 13:15:24,2023-06,08.189.400/0001-07,UN,1.0,2.49,12.45,True
6e1b0c3e2aa6e177,ACHOC.LIQ.TODDYNHO 200ML TRADICIONAL,2023-06-30 13:15:24,2023-06,08.189.400/0001-07,UN,1.0,2.49,12.45,True
cad1bfb332ca89e8,CENOURA KG,2023-06-30 13:15:24,2023-06,08.189.400/0001-07,KG,0.97,8.25,8.25,True
4ab70865611936ad,BETERRABA KG,2023-06-30 13:15:24,2023-06,08.189.400/0001-07,KG,2.075,5.99,5.99,True
d76df087ee92071a,MANGA TOMMY KG,2023-06-30 13:15:24,2023-06,08.189.400/0001-07,KG,1.78,4.69,4.69,True
8ed6bbf207b6c597,AIPO 2MFC UNIDADE,2023-06-30 13:15:24,2023-06,08.189.400/0001-07,UN,1.0,6.29,6.29,True
8e35893db249e90c,ALHO A GRANEL KG,2023-06-30 13:15:24,2023-06,08.189.400/0001-07,UN,0.14,33.99,33.99,True
4ab70865611936ad,BETERRABA KG,2023-06-30 13:15:24,2023-06,08.189.400/0001-07,KG,1.71,5.99,5.99,True
34651eb48436676c,JERIMUM JACAREZINHO KG,2023-06-30 13:15:24,2023-06,08.189.400/0001-07,KG,1.075,4.99,4.99,True
a0ab7af6ec064cf0,REFRIG.PEPSI 200ML COLA PET,2023-06-30 13:15:24,2023-06,08.189.400/0001-07,UN,1.0,1.55,7.75,True
5859d1f3bb9b1489,SUCO PRATS INTEGRAL 900ML LARANJA PET,2023-06-30 13:15:24,2023-06,08.189.400/0001-07,UN,1.0,12.69,14.1,True
74492162f11c4cba,REFRIGERANTE COCA-COLA 250ML PET,2023-06-30 13:15:24,2023-06,08.189.400/0001-07,UN,1.0,1.99,7.96,True
a0ab7af6ec064cf0,REFRIG.PEPSI 200ML COLA PET,2023-06-30 13:15:24,2023-06,08.189.400/0001-07,UN,1.0,1.55,7.75,True
8383080a4b04b522,REFRIG.COCA-COLA 250ML ZERO PET,2023-06-30 13:15:24,2023-06,08.189.400/0001-07,UN,1.0,1.79,7.16,True
74492162f11c4cba,REFRIGERANTE COCA-COLA 250ML PET,2023-06-30 13:15:24,2023-06,08.189.400/0001-07,UN,1.0,1.99,7.96,True
5859d1f3bb9b1489,SUCO PRATS INTEGRAL 900ML LARANJA PET,2023-06-30 13:15:24,2023-06,08.189.400/0001-07,UN,1.0,12.69,14.1,True
75242192cced0d32,LTE.CONDENSADO NESTLE MOCA 395G TP,2023-06-30 13:15:24,2023-06,08.189.400/0001-07,UN,2.0,7.55,19.11392405063291,True
a62e422fb8971763,MOLHO MASTROIANI PASSATA POMOD.680G APIMENTADO VD,2023-06-30 13:15:24,2023-06,08.189.400/0001-07,UN,1.0,21.49,31.602941176470583,True
044da6c44b7f39af,AZEITE DE OLIVA ANDORINHA 500ML EXT.VIRGEM VIDRO,2023-06-30 13:15:24,2023-06,08.189.400/0001-07,UN,1.0,32.88,65.76,True
f19a8887753ce45d,MOLHO MASTROIANI PASSATA POMOD.680G RUSTICA CMANJ,2023-06-30 13:15:24,2023-06,08.189.400/0001-07,UN,1.0,21.49,31.602941176470583,True
b416e6018912dacf,MAGIC TOAST MARILAN 150G,2023-06-30 13:15:24,2023-06,08.189.400/0001-07,UN,2.0,5.23,34.866666666666674,True
b416e6018912dacf,MAGIC TOAST MARILAN 150G,2023-06-30 13:15:24,2023-06,08.189.400/0001-07,UN,1.0,5.23,34.866666666666674,True
10e8be50e0548345,BISCOITO MARILAN 350G CREAM CRACKER ESPECIAL,2023-06-30 13:15:24,2023-06,08.189.400/0001-07,UN,1.0,5.49,15.685714285714289,True
c6fbd1e44ccf9e6b,ALCAPARRAS LAVIOLETERA 60G,2023-06-30 13:15:24,2023-06,08.189.400/0001-07,UN,1.0,9.99,166.5,True
c2cbe7463cfdefde,FLOCAO DE MILHO VITAMILHO 500G,2023-06-30 13:15:24,2023-06,08.189.400/0001-07,UN,3.0,1.54,3.08,True
47ae8d94a7d567ff,SAL LEBRE PCHURRASCO 1KG,2023-06-30 13:15:24,2023-06,08.189.400/0001-07,UN,1.0,1.99,1.99,True
34a64d10c680091e,ARROZ CAMIL 1KG PARBOILIZADO T.1,2023-06-30 13:15:24,2023-06,08.189.400/0001-07,UN,1.0,5.79,5.79,True
34a64d10c680091e,ARROZ CAMIL 1KG PARBOILIZADO T.1,2023-06-30 13:15:24,2023-06,08.189.400/0001-07,UN,1.0,5.79,5.79,True
34a64d10c680091e,ARROZ CAMIL 1KG PARBOILIZADO T.1,2023-06-30 13:15:24,2023-06,08.189.400/0001-07,UN,1.0,5.79,5.79,True
6c31ce625dc4ccf0,CAFE SANTA CLARA 250G CLASSICO ALMOFADA,2023-06-30 13:15:24,2023-06,08.189.400/0001-07,UN,1.0,8.29,33.16,True
19b4404d22d9e525,CAPSULA TRES 80G CAFE ESPRESSO SUPREMO C10,2023-06-30 13:15:24,2023-06,08.189.400/0001-07,UN,1.0,19.99,249.875,True
02b6c4d997149494,CAPSULA TRES 80G CAFE ESPRESSO VIBRANTE C10,2023-06-30 13:15:24,2023-06,08.189.400/0001-07,UN,1.0,19.99,249.875,True
02b6c4d997149494,CAPSULA TRES 80G CAFE ESPRESSO VIBRANTE C10,2023-06-30 13:15:24,2023-06,08.189.400/0001-07,UN,1.0,19.99,249.875,True
35756de3fdce92e2,PEIXE SARDINHA CONG.LAJE 1KG,2023-06-30 13:15:24,2023-06,08.189.400/0001-07,UN,1.0,9.99,9.99,True
35756de3fdce92e2,PEIXE SARDINHA CONG.LAJE 1KG,2023-06-30 13:15:24,2023-06,08.189.400/0001-07,UN,1.0,9.99,9.99,True
35756de3fdce92e2,PEIXE SARDINHA CONG.LAJE 1KG,2023-06-30 13:15:24,2023-06,08.189.400/0001-07,UN,1.0,9.99,9.99,True
20731bb91da2997c,DESODORANTE AEROSOL REXONA MEN INVISIBLE 250ML145,2023-06-30 13:15:24,2023-06,08.189.400/0001-07,UN,1.0,19.98,19.98,True
4d0f655b3826bb5a,PAPEL HIG.NEVE NEUTRO LV16 PG15 COMPACTO,2023-06-30 13:15:24,2023-06,08.189.400/0001-07,UN,1.0,41.79,41.79,True
e8c0ebdff8320ef4,DESODORANTE AEROSOL AXE MARINE 152ML90G,2023-06-30 13:15:24,2023-06,08.189.400/0001-07,UN,1.0,10.89,121.0,True
e8c0ebdff8320ef4,DESODORANTE AEROSOL AXE MARINE 152ML90G,2023-06-30 13:15:24,2023-06,08.189.400/0001-07,UN,1.0,10.89,121.0,True
95de0ab2305245d7,SABONETE PHEBO FRESC.DA MANHA AZ. 90G,2023-06-30 13:15:24,2023-06,08.189.400/0001-07,UN,2.0,4.39,48.77777777777778,True
af4527db7c235d57,SABONETE PHEBO RAIZ DO ORIENTE 90G,2023-06-30 13:15:24,2023-06,08.189.400/0001-07,UN,3.0,4.39,48.77777777777778,True
3b6dd9f5c59b0366,DESOD.AERO.REXONA MEN V8 250ML148G,2023-06-30 13:15:24,2023-06,08.189.400/0001-07,UN,1.0,19.98,135.0,True
bb52a384ca500da4,CR.DENTAL COLGATE 180G MAX.PROT.CARIES,2023-06-30 13:15:24,2023-06,08.189.400/0001-07,UN,1.0,8.39,46.61111111111112,True
bb52a384ca500da4,CR.DENTAL COLGATE 180G MAX.PROT.CARIES,2023-06-30 13:15:24,2023-06,08.189.400/0001-07,UN,1.0,8.39,46.61111111111112,True
91a4cf811c312f52,VERMOUTH MARTINI 750ML ROSSO,2023-06-30 13:15:24,2023-06,08.189.400/0001-07,UN,1.0,39.99,53.32,True
a04e4670b6c7b3d6,GIN BEEFEATER LONDON 750ML,2023-06-30 13:15:24,2023-06,08.189.400/0001-07,UN,1.0,78.9,105.2,True
9a22de4d47f99e56,APERITIVO CAMPARI 900ML,2023-06-30 13:15:24,2023-06,08.189.400/0001-07,UN,1.0,62.99,69.9888888888889,True
72f2701982519ac6,PIZZA GRANDE (8 FATIAS),2023-06-18 23:43:58,2023-06,35.128.392/0001-53,und,1.0,60.5,60.5,True
136b0089b22f955b,TAXA DE ENTREGA,2023-06-18 23:43:58,2023-06,35.128.392/0001-53,UND,1.0,6.5,6.5,True
72f2701982519ac6,PIZZA GRANDE (8 FATIAS),2023-06-15 23:30:18,2023-06,35.128.392/0001-53,und,1.0,61.4,61.4,True
136b0089b22f955b,TAXA DE ENTREGA,2023-06-15 23:30:18,2023-06,35.128.392/0001-53,UND,1.0,6.5,6.5,True
72f2701982519ac6,PIZZA GRANDE (8 FATIAS),2023-06-11 22:59:05,2023-06,35.128.392/0001-53,und,1.0,57.4,57.4,True
136b0089b22f955b,TAXA DE ENTREGA,2023-06-11 22:59:05,2023-06,35.128.392/0001-53,UND,1.0,6.5,6.5,True
72f2701982519ac6,PIZZA GRANDE (8 FATIAS),2023-05-27 23:58:53,2023-05,35.128.392/0001-53,und,1.0,48.5,48.5,True
136b0089b22f955b,TAXA DE ENTREGA,2023-05-27 23:58:53,2023-05,35.128.392/0001-53,UND,1.0,7.99,7.99,True
162e3b9526d8f40f,ZE DELIVERY,2023-05-21 10:12:11,2023-05,44.610.360/0001-80,UN,1.0,5.49,5.49,True
a16c3b9521a1a027,CORONITA EXTRA N OW 210ML,2023-05-21 10:12:11,2023-05,44.610.360/0001-80,UN,18.0,4.49,21.380952380952383,True
4d8af607aeba0e38,Nhoque a bolonhesa grande Coca cola lata,2023-05-20 17:01:59,2023-05,47.400.067/0001-87,UN,1.0,45.9,45.9,True
72f2701982519ac6,PIZZA GRANDE (8 FATIAS),2023-05-08 22:56:50,2023-05,35.128.392/0001-53,und,1.0,56.4,56.4,True
136b0089b22f955b,TAXA DE ENTREGA,2023-05-08 22:56:50,2023-05,35.128.392/0001-53,UND,1.0,7.5,7.5,True
906b2af9ad663e04,GNOCCHI COM RAGU DE ORIGEM,2023-05-04 22:37:09,2023-05,06.289.452/0001-11,und,1.0,54.0,54.0,True
0dfbe6d49f2fe5a3,TAXA DE ENTREGA,2023-05-04 22:37:09,2023-05,06.289.452/0001-11,UND,1.0,14.0,14.0,True
bf110d8c81d6ef98,COCA COLA 1L DELIVERY,2023-05-03 22:38:10,2023-05,35.128.392/0001-53,1,1.0,9.5,9.5,True
72f2701982519ac6,PIZZA GRANDE (8 FATIAS),2023-05-03 22:38:10,2023-05,35.128.392/0001-53,und,1.0,48.5,48.5,True
136b0089b22f955b,TAXA DE ENTREGA,2023-05-03 22:38:10,2023-05,35.128.392/0001-53,UND,1.0,7.5,7.5,True
72f2701982519ac6,PIZZA GRANDE (8 FATIAS),2023-05-02 22:12:19,2023-05,35.128.392/0001-53,und,1.0,48.5,48.5,True
136b0089b22f955b,TAXA DE ENTREGA,2023-05-02 22:12:19,2023-05,35.128.392/0001-53,UND,1.0,7.5,7.5,True
f63fc9438a93bb5d,PARMEGGIANA DE FRANGO 2 P,2023-04-22 23:06:12,2023-04,06.289.452/0001-11,und,1.0,77.0,77.0,True
0dfbe6d49f2fe5a3,TAXA DE ENTREGA,2023-04-22 23:06:12,2023-04,06.289.452/0001-11,UND,1.0,14.0,14.0,True
bf110d8c81d6ef98,COCA COLA 1L DELIVERY,2023-04-18 22:56:54,2023-04,35.128.392/0001-53,1,1.0,9.5,9.5,True
72f2701982519ac6,PIZZA GRANDE (8 FATIAS),2023-04-18 22:56:54,2023-04,35.128.392/0001-53,und,1.0,47.5,47.5,True
136b0089b22f955b,TAXA DE ENTREGA,2023-04-18 22:56:54,2023-04,35.128.392/0001-53,UND,1.0,7.5,7.5,True
f63fc9438a93bb5d,PARMEGGIANA DE FRANGO 2 P,2023-04-16 19:28:16,2023-04,06.289.452/0001-11,und,1.0,77.0,77.0,True
0dfbe6d49f2fe5a3,TAXA DE ENTREGA,2023-04-16 19:28:16,2023-04,06.289.452/0001-11,UND,1.0,14.0,14.0,True
ea455904fe1a361a,Pote Penne ao molho de salmao com champignon e alho poro Grande,2023-04-14 14:21:53,2023-04,47.400.067/0001-87,UN,1.0,43.9,43.9,True
478625fd994885c0,Pote Fusilli ao molho sugo com bacon e almondegas Medio,2023-04-14 14:21:53,2023-04,47.400.067/0001-87,UN,1.0,31.9,31.9,True
4d8af607aeba0e38,Nhoque a bolonhesa grande Coca cola lata,2023-04-14 14:13:21,2023-04,47.400.067/0001-87,UN,1.0,45.9,45.9,True
72f2701982519ac6,PIZZA GRANDE (8 FATIAS),2023-04-09 20:30:40,2023-04,35.128.392/0001-53,und,1.0,47.5,47.5,True
136b0089b22f955b,TAXA DE ENTREGA,2023-04-09 20:30:40,2023-04,35.128.392/0001-53,UND,1.0,7.5,7.5,True
1827df017bb9635c,SAINT MALO  T   M,2023-04-08 19:30:28,2023-04,43.251.046/0001-96,UN,1.0,44.4,44.4,True
c2bb016cbaf2b3bd,LA MEXICAINE,2023-04-08 19:30:28,2023-04,43.251.046/0001-96,UN,1.0,34.9,34.9,True
adc9659c61b44a3f,GC SALAME ITALIANO,2023-04-08 19:30:28,2023-04,43.251.046/0001-96,UN,1.0,4.5,4.5,True
556b532cae875c09,BITTER CAMPARI 900ML,2023-04-06 15:53:41,2023-04,47.508.411/1144-02,UN,1.0,52.02,57.8,True
f10da3055956e595,CINZANO ROSSO 1 L,2023-04-06 15:53:41,2023-04,47.508.411/1144-02,UN,1.0,39.5,39.5,True
5dc9caa5f608278a,GIN TANQUERAY 750ML,2023-04-06 15:53:41,2023-04,47.508.411/1144-02,UN,1.0,125.25,167.0,True
80901b7751b981ae,PARPADELLE AL RAGU OSSOBUCO,2023-03-30 22:08:00,2023-03,06.289.452/0001-11,und,1.0,55.0,55.0,True
0dfbe6d49f2fe5a3,TAXA DE ENTREGA,2023-03-30 22:08:00,2023-03,06.289.452/0001-11,UND,1.0,14.0,14.0,True
162e3b9526d8f40f,ZE DELIVERY,2023-03-25 17:25:12,2023-03,44.610.360/0001-80,UN,1.0,5.49,5.49,True
a16c3b9521a1a027,CORONITA EXTRA N OW 210ML,2023-03-25 17:25:12,2023-03,44.610.360/0001-80,UN,18.0,4.29,20.42857142857143,True
237fd4cac00fb60d,PIZZA GRANDE 8 FATIAS+REFRI 1,2023-03-21 21:37:38,2023-03,35.128.392/0001-53,und,1.0,56.9,56.9,True
136b0089b22f955b,TAXA DE ENTREGA,2023-03-21 21:37:38,2023-03,35.128.392/0001-53,UND,1.0,8.5,8.5,True
062229582f2e22d7,AGUA TONICA,2023-03-19 11:49:24,2023-03,34.227.563/0001-39,und,2.0,7.5,7.5,True
0f3b0252cfa45863,BRAHMA DUPLO MALTE 600ML,2023-03-19 11:49:24,2023-03,34.227.563/0001-39,und,6.0,12.9,21.5,True
86b416cc3cb5e64d,TAXA DE ENTREGA,2023-03-19 11:49:24,2023-03,34.227.563/0001-39,und,1.0,9.9,9.9,True
baac1d21f7d1d488,GIN AMAZZONI 750 ML,2023-03-18 17:18:57,2023-03,47.508.411/1145-93,UN,1.0,68.59,91.45333333333332,True
b2a49a3c253a87bb,STELA ARTOIS 600ML,2023-03-17 16:12:03,2023-03,34.227.563/0001-39,und,5.0,15.9,26.5,True
86b416cc3cb5e64d,TAXA DE ENTREGA,2023-03-17 16:12:03,2023-03,34.227.563/0001-39,und,1.0,9.9,9.9,True
556b532cae875c09,BITTER CAMPARI 900ML,2023-03-12 12:15:50,2023-03,47.508.411/1145-93,UN,1.0,53.99,59.98888888888889,True
de791d2c29ffca31,CAMPARI NEGRONI 500,2023-03-12 12:15:50,2023-03,47.508.411/1145-93,UN,1.0,159.99,159.99,True
af1117738389aafe,PARMEGGIANA - SEJA CHEF,2023-03-07 20:15:49,2023-03,06.289.452/0001-11,und,1.0,59.0,59.0,True
0a806ca0851a318e,COCA-COLA LT 350ML,2023-03-07 20:15:49,2023-03,06.289.452/0001-11,UND,1.0,6.0,17.142857142857142,True
0dfbe6d49f2fe5a3,TAXA DE ENTREGA,2023-03-07 20:15:49,2023-03,06.289.452/0001-11,UND,1.0,14.0,14.0,True
72f2701982519ac6,PIZZA GRANDE (8 FATIAS),2023-03-04 21:01:21,2023-03,35.128.392/0001-53,und,1.0,47.5,47.5,True
72f2701982519ac6,PIZZA GRANDE (8 FATIAS),2023-03-04 21:01:21,2023-03,35.128.392/0001-53,und,1.0,47.5,47.5,True
72f2701982519ac6,PIZZA GRANDE (8 FATIAS),2023-03-04 21:01:21,2023-03,35.128.392/0001-53,und,1.0,47.5,47.5,True
72f2701982519ac6,PIZZA GRANDE (8 FATIAS),2023-03-04 21:01:21,2023-03,35.128.392/0001-53,und,1.0,47.5,47.5,True
72f2701982519ac6,PIZZA GRANDE (8 FATIAS),2023-03-04 21:01:21,2023-03,35.128.392/0001-53,und,1.0,58.5,58.5,True
136b0089b22f955b,TAXA DE ENTREGA,2023-03-04 21:01:21,2023-03,35.128.392/0001-53,UND,1.0,7.5,7.5,True
556b532cae875c09,BITTER CAMPARI 900ML,2023-03-04 14:53:28,2023-03,47.508.411/1145-93,UN,1.0,51.89,57.65555555555555,True
de791d2c29ffca31,CAMPARI NEGRONI 500,2023-03-04 14:53:28,2023-03,47.508.411/1145-93,UN,1.0,153.78,153.78,True
b7224193bc2b6558,POLPETINES DE ORIG MOL PELATTI,2023-02-26 19:39:53,2023-02,06.289.452/0001-11,und,1.0,42.0,42.0,True
80901b7751b981ae,PARPADELLE AL RAGU OSSOBUCO,2023-02-26 19:39:53,2023-02,06.289.452/0001-11,und,1.0,53.0,53.0,True
0a806ca0851a318e,COCA-COLA LT 350ML,2023-02-26 19:39:53,2023-02,06.289.452/0001-11,UND,1.0,6.0,17.142857142857142,True
0dfbe6d49f2fe5a3,TAXA DE ENTREGA,2023-02-26 19:39:53,2023-02,06.289.452/0001-11,UND,1.0,14.0,14.0,True
b7224193bc2b6558,POLPETINES DE ORIG MOL PELATTI,2023-02-22 20:48:28,2023-02,06.289.452/0001-11,und,1.0,42.0,42.0,True
0a806ca0851a318e,COCA-COLA LT 350ML,2023-02-22 20:48:28,2023-02,06.289.452/0001-11,UND,1.0,6.0,17.142857142857142,True
0dfbe6d49f2fe5a3,TAXA DE ENTREGA,2023-02-22 20:48:28,2023-02,06.289.452/0001-11,UND,1.0,14.0,14.0,True
556b532cae875c09,BITTER CAMPARI 900ML,2023-02-21 15:37:02,2023-02,47.508.411/1145-93,UN,1.0,44.46,49.4,True
de791d2c29ffca31,CAMPARI NEGRONI 500,2023-02-21 15:37:02,2023-02,47.508.411/1145-93,UN,1.0,131.75,131.75,True
b2a49a3c253a87bb,STELA ARTOIS 600ML,2023-02-18 16:46:52,2023-02,34.227.563/0001-39,und,6.0,15.9,26.5,True
86b416cc3cb5e64d,TAXA DE ENTREGA,2023-02-18 16:46:52,2023-02,34.227.563/0001-39,und,1.0,9.9,9.9,True
b7224193bc2b6558,POLPETINES DE ORIG MOL PELATTI,2023-02-17 19:37:32,2023-02,06.289.452/0001-11,und,1.0,42.0,42.0,True
80901b7751b981ae,PARPADELLE AL RAGU OSSOBUCO,2023-02-17 19:37:32,2023-02,06.289.452/0001-11,und,1.0,53.0,53.0,True
0dfbe6d49f2fe5a3,TAXA DE ENTREGA,2023-02-17 19:37:32,2023-02,06.289.452/0001-11,UND,1.0,14.0,14.0,True
b7224193bc2b6558,POLPETINES DE ORIG MOL PELATTI,2023-02-15 22:01:02,2023-02,06.289.452/0001-11,und,1.0,42.0,42.0,True
0dfbe6d49f2fe5a3,TAXA DE ENTREGA,2023-02-15 22:01:02,2023-02,06.289.452/0001-11,UND,1.0,14.0,14.0,True
1827df017bb9635c,SAINT MALO  T   M,2023-02-11 18:21:34,2023-02,43.251.046/0001-96,UN,1.0,43.9,43.9,True
1e5f9df87d18a93d,ARCACHON,2023-02-11 18:21:34,2023-02,43.251.046/0001-96,UN,1.0,33.9,33.9,True
17a7776551b217e8,BOLINHO DE CAMARAO 6 UNID,2023-02-11 17:59:29,2023-02,34.227.563/0001-39,und,1.0,26.0,26.0,True
b2a49a3c253a87bb,STELA ARTOIS 600ML,2023-02-11 17:59:29,2023-02,34.227.563/0001-39,und,6.0,15.9,26.5,True
86b416cc3cb5e64d,TAXA DE ENTREGA,2023-02-11 17:59:29,2023-02,34.227.563/0001-39,und,1.0,9.9,9.9,True
17a7776551b217e8,BOLINHO DE CAMARAO 6 UNID,2023-02-10 15:37:38,2023-02,34.227.563/0001-39,und,1.0,26.0,26.0,True
b2a49a3c253a87bb,STELA ARTOIS 600ML,2023-02-10 15:37:38,2023-02,34.227.563/0001-39,und,6.0,15.9,26.5,True
86b416cc3cb5e64d,TAXA DE ENTREGA,2023-02-10 15:37:38,2023-02,34.227.563/0001-39,und,1.0,9.9,9.9,True
0f3b0252cfa45863,BRAHMA DUPLO MALTE 600ML,2023-02-09 19:26:15,2023-02,34.227.563/0001-39,und,6.0,12.9,21.5,True
86b416cc3cb5e64d,TAXA DE ENTREGA,2023-02-09 19:26:15,2023-02,34.227.563/0001-39,und,1.0,9.9,9.9,True
b79746afb128d47e,COCA COLA 1 LITRO,2023-02-08 14:47:07,2023-02,34.227.563/0001-39,und,1.0,9.9,9.9,True
56bdd7291715c529,TILAPIA A DORE,2023-02-08 14:47:07,2023-02,34.227.563/0001-39,und,1.0,27.9,27.9,True
0f3b0252cfa45863,BRAHMA DUPLO MALTE 600ML,2023-02-08 14:47:07,2023-02,34.227.563/0001-39,und,6.0,12.9,21.5,True
86b416cc3cb5e64d,TAXA DE ENTREGA,2023-02-08 14:47:07,2023-02,34.227.563/0001-39,und,1.0,9.9,9.9,True
b2a49a3c253a87bb,STELA ARTOIS 600ML,2023-02-07 15:32:31,2023-02,34.227.563/0001-39,und,7.0,15.9,26.5,True
86b416cc3cb5e64d,TAXA DE ENTREGA,2023-02-07 15:32:31,2023-02,34.227.563/0001-39,und,1.0,9.9,9.9,True
b2a49a3c253a87bb,STELA ARTOIS 600ML,2023-02-05 15:29:09,2023-02,34.227.563/0001-39,und,6.0,15.9,26.5,True
b79746afb128d47e,COCA COLA 1 LITRO,2023-02-05 15:29:09,2023-02,34.227.563/0001-39,und,1.0,9.9,9.9,True
86b416cc3cb5e64d,TAXA DE ENTREGA,2023-02-05 15:29:09,2023-02,34.227.563/0001-39,und,1.0,9.9,9.9,True
1ef1d82bf99eeb9a,PARACAS  T   M,2023-02-04 19:10:38,2023-02,43.251.046/0001-96,UN,1.0,47.9,47.9,True
c7a86136d44d77b7,GUARANA ZERO ANTARCTICA LATA,2023-02-04 19:10:38,2023-02,43.251.046/0001-96,UN,1.0,7.5,7.5,True
611d2bc89fd74b24,JAMBON FROMAGE,2023-02-04 19:10:38,2023-02,43.251.046/0001-96,UN,1.0,24.9,24.9,True
3fb86fb4189ab35e,STELLA ARTOIS,2023-02-04 19:10:38,2023-02,43.251.046/0001-96,UN,5.0,10.5,10.5,True
162e3b9526d8f40f,ZE DELIVERY,2023-01-22 19:29:32,2023-01,44.610.360/0001-80,UN,1.0,5.49,5.49,True
eb8fa08f1e6afa31,CERV BOHEMIA LT 350ML PACK 24,2023-01-22 19:29:32,2023-01,44.610.360/0001-80,UN,1.0,63.87,182.4857142857143,True
80901b7751b981ae,PARPADELLE AL RAGU OSSOBUCO,2023-01-21 19:58:22,2023-01,06.289.452/0001-11,und,1.0,53.0,53.0,True
529a534dbf26c9b4,ESPORAO PE TINTO,2023-01-21 19:58:22,2023-01,06.289.452/0001-11,UND,1.0,70.0,70.0,True
0dfbe6d49f2fe5a3,TAXA DE ENTREGA,2023-01-21 19:58:22,2023-01,06.289.452/0001-11,UND,1.0,14.0,14.0,True
b7224193bc2b6558,POLPETINES DE ORIG MOL PELATTI,2023-01-19 21:52:30,2023-01,06.289.452/0001-11,und,1.0,42.0,42.0,True
0a806ca0851a318e,COCA-COLA LT 350ML,2023-01-19 21:52:30,2023-01,06.289.452/0001-11,UND,1.0,6.0,17.142857142857142,True
273b0a6385de7e65,BUDWEISER,2023-01-19 21:52:30,2023-01,06.289.452/0001-11,UND,2.0,9.0,9.0,True
5c1a3d7b23cd0969,GIACONDICASA ROSSO,2023-01-19 21:52:30,2023-01,06.289.452/0001-11,UND,1.0,69.0,69.0,True
0dfbe6d49f2fe5a3,TAXA DE ENTREGA,2023-01-19 21:52:30,2023-01,06.289.452/0001-11,UND,1.0,14.0,14.0,True
162e3b9526d8f40f,ZE DELIVERY,2023-01-09 19:24:58,2023-01,44.610.360/0001-80,UN,1.0,5.49,5.49,True
59ec989d7b896da5,CERV STELLA ARTOIS LN 350ML PACK 24,2023-01-09 19:24:58,2023-01,44.610.360/0001-80,UN,1.0,81.4,232.5714285714286,True
8caec932518f5b8f,PEPPERONI,2022-12-28 21:33:59,2022-12,21.346.387/0001-02,und,1.0,55.0,55.0,True
326594f9fc7171a0,MARGHERITA VERSAO 2,2022-12-28 21:33:59,2022-12,21.346.387/0001-02,und,1.0,47.0,47.0,True
ea9e0d0fb7353c3c,TAXA DE ENTREGA,2022-12-28 21:33:59,2022-12,21.346.387/0001-02,und,1.0,11.0,11.0,True
63b433edecd1cc93,SN  VENTILADOR MONDIAL TUR 7899882310061 2026 02,2022-12-28 13:28:49,2022-12,47.960.950/0777-79,PC,1.0,336.9,336.9,True
685cc8f607bd8460,KOMBO 2 PIZZAS,2022-12-27 21:56:28,2022-12,21.346.387/0001-02,und,1.0,84.0,84.0,True
ea9e0d0fb7353c3c,TAXA DE ENTREGA,2022-12-27 21:56:28,2022-12,21.346.387/0001-02,und,1.0,11.0,11.0,True
350531266896977f,QUEIJO COALHO ILPLA KG NATURAL,2022-12-21 16:06:00,2022-12,08.414.996/0002-74,KG0001,1.086,51.896869,51.896869,True
fb225306d93784cd,QUEIJO MUSSARELA KG,2022-12-21 16:06:00,2022-12,08.414.996/0002-74,KG0001,0.503,32.902584,32.902584,True
f25bbc1b101173ba,SALAME ITALIANO SEARA 100G,2022-12-21 16:06:00,2022-12,08.414.996/0002-74,UN0001,4.0,11.99,119.9,True
dc91aa2dc603fe2b,Leite Fermentado Yakult 480G T,2022-12-21 16:06:00,2022-12,08.414.996/0002-74,UN0001,2.0,11.99,24.979166666666668,True
bff58e3279bd0a44,REQUEIJAO CREM BETANIA 200G LIGHT,2022-12-21 16:06:00,2022-12,08.414.996/0002-74,UN0001,1.0,7.49,37.45,True
f212fb2bbe8d624b,IOGURTE GREGO DANONE 90G ABACAXI C/LIMAO,2022-12-21 16:06:00,2022-12,08.414.996/0002-74,UN0001,1.0,2.79,31.0,True
3aedaa6f16664923,IOGURTE DANONE NATURAL 160G INTEGRAL,2022-12-21 16:06:00,2022-12,08.414.996/0002-74,UN0001,1.0,3.79,23.6875,True
57909884ad7652fb,IOGURTE GREGO DANONE 90G FRUTAS VERMELHAS,2022-12-21 16:06:00,2022-12,08.414.996/0002-74,UN0001,1.0,2.79,31.0,True
35b0e10b232cc78c,QUEIJO PARMESAO TIROLEZ KG MONTANHES,2022-12-21 16:06:00,2022-12,08.414.996/0002-74,KG0001,0.246,108.98374,108.98374,True
816f116d8410aad5,FIGADO BOVINO CONG KG,2022-12-21 16:06:00,2022-12,08.414.996/0002-74,KG0001,0.992,14.989919,14.989919,True
72704fbdda90dada,PRESUNTO PARMA SADIA 100G,2022-12-21 16:06:00,2022-12,08.414.996/0002-74,UN0001,1.0,21.9,219.0,True
72704fbdda90dada,PRESUNTO PARMA SADIA 100G,2022-12-21 16:06:00,2022-12,08.414.996/0002-74,UN0001,1.0,21.9,219.0,True
227cb1bccb510b51,MANTEIGA ITACOLOMY PT 200G C/SAL,2022-12-21 16:06:00,2022-12,08.414.996/0002-74,UN0001,1.0,12.99,64.95,True
284b62c2b141c07b,QUEIJO AZUL REGINA FORMA KG,2022-12-21 16:06:00,2022-12,08.414.996/0002-74,KG0001,0.096,89.895833,89.895833,True
82338a58209b6dd8,QUEIJO BRIE SAO VICENTE FORMA KG,2022-12-21 16:06:00,2022-12,08.414.996/0002-74,KG0001,0.116,84.913793,84.913793,True
8ad3b4d618d89050,QUEIJO GOUDA REGINA KG,2022-12-21 16:06:00,2022-12,08.414.996/0002-74,KG0001,0.162,99.876543,99.876543,True
4ab9c9bce317a7cb,QUEIJO PARMESAO FAIXA AZUL 195G CILINDRO,2022-12-21 16:06:00,2022-12,08.414.996/0002-74,UN0001,1.0,23.99,123.025641025641,True
855bd1fb5889dcc8,QUEIJO DO REINO REGINA 1/4 KG,2022-12-21 16:06:00,2022-12,08.414.996/0002-74,KG0001,0.232,99.913793,24.97844825,True
97a0fd806f019d0d,MAMAO FORMOSA KG,2022-12-21 16:06:00,2022-12,08.414.996/0002-74,KG0001,0.41,5.292683,5.292683,True
cc87adaba62a826b,AZEITONA VERDE LA VIOLETERA RECHEADA 200G,2022-12-21 16:06:00,2022-12,08.414.996/0002-74,UN0001,1.0,14.89,74.45,True
232cdcaa4e5864b5,LEITE FERM ACTIVIA 1000G AVEIA,2022-12-21 16:06:00,2022-12,08.414.996/0002-74,UN0001,1.0,13.99,13.99,True
31edfb10b4d49a46,PEPINO RODELAS HEMMER 440G,2022-12-21 16:06:00,2022-12,08.414.996/0002-74,UN0001,1.0,16.99,38.61363636363636,True
f47a3d73dc942990,CREME NUTELLA FERRERO AVELA CACAU 140G,2022-12-21 16:06:00,2022-12,08.414.996/0002-74,UN0001,1.0,8.99,64.21428571428571,True
ae16d4ac0c4d79a1,GELEIA CASA MADEIRA TRAD MOR 240G,2022-12-21 16:06:00,2022-12,08.414.996/0002-74,UN0001,1.0,16.99,70.79166666666666,True
91dfd1a332439f47,UVA SEM SEMENTE THOMPSON BDJ 500G,2022-12-21 16:06:00,2022-12,08.414.996/0002-74,UN0001,1.0,10.99,21.98,True
0c090c4ec0b32b15,KIBE DA CASA KG,2022-12-21 16:06:00,2022-12,08.414.996/0002-74,KG0001,0.144,40.0,40.0,True
5c0e5e51156610fd,MOCOTO BOVINO KG,2022-12-21 16:06:00,2022-12,08.414.996/0002-74,KG0001,1.208,11.986755,11.986755,True
f523b79aa39865d7,PAO DE QUEIJO MINEIRO DA CASA KG,2022-12-21 16:06:00,2022-12,08.414.996/0002-74,KG0001,0.25,35.0,35.0,True
f342a63a86270358,MELAO GALIA KG,2022-12-21 16:06:00,2022-12,08.414.996/0002-74,KG0001,1.25,3.992,3.992,True
2f628f7bbdc8ec32,MELAO JAPONES KG,2022-12-21 16:06:00,2022-12,08.414.996/0002-74,KG0001,0.418,5.69378,5.69378,True
a62b5e0ae21e9a2f,LIMAO TAITY KG,2022-12-21 16:06:00,2022-12,08.414.996/0002-74,KG0001,0.74,2.486486,2.486486,True
1cc628c28ba77521,MANGA ROSA KG,2022-12-21 16:06:00,2022-12,08.414.996/0002-74,KG0001,0.705,5.985816,5.985816,True
15cc93d448c3af58,BATATA DOCE ROXA KG,2022-12-21 16:06:00,2022-12,08.414.996/0002-74,KG0001,2.125,3.990588,3.990588,True
0c0301ed3a629b49,TOMATE KG,2022-12-21 16:06:00,2022-12,08.414.996/0002-74,KG0001,0.38,5.0,5.0,True
7bf2df3c351a5104,"SUCO INT VALE COLHEITAS 1,5L UVA",2022-12-21 16:06:00,2022-12,08.414.996/0002-74,UN0001,1.0,11.99,7.993333333333333,True
54a5dd01dfa466f1,BETERRABA KG,2022-12-21 16:06:00,2022-12,08.414.996/0002-74,KG0001,1.36,5.992647,5.992647,True
ea3ea454c255c549,BANANA PRATA KG,2022-12-21 16:06:00,2022-12,08.414.996/0002-74,KG0001,1.76,3.6875,3.6875,True
8f3e54a64a7c3d21,CENOURA KG,2022-12-21 16:06:00,2022-12,08.414.996/0002-74,KG0001,1.96,2.688776,2.688776,True
e04716a28a1fa331,KIWI KG,2022-12-21 16:06:00,2022-12,08.414.996/0002-74,KG0001,0.29,18.0,18.0,True
4fb6020e12b72d6f,BISCOITO COOKIES INT JASMINE CAP/AVEL 150G,2022-12-21 16:06:00,2022-12,08.414.996/0002-74,UN0001,1.0,8.49,56.6,True
45e1908ad4a0510c,PALITO P/ DENTE GINA C/100,2022-12-21 16:06:00,2022-12,08.414.996/0002-74,UN0001,1.0,0.99,0.99,True
f8f8e9b01f2ab4ba,BOLO DIEGOS SABORES 470G,2022-12-21 16:06:00,2022-12,08.414.996/0002-74,UN0001,1.0,11.99,25.510638297872344,True
cc1ad82c39fa8c93,BISC C CRACKER VITARELLA 350G TRAD,2022-12-21 16:06:00,2022-12,08.414.996/0002-74,UN0001,1.0,4.49,12.82857142857143,True
671abc141f51e069,PAO VISCONTI FORMA INTEGRAL 400G,2022-12-21 16:06:00,2022-12,08.414.996/0002-74,UN0001,1.0,10.49,26.225,True
222ae3b64795b1a3,TORRADA BAUDUCCO 142G MULTIGRAOS,2022-12-21 16:06:00,2022-12,08.414.996/0002-74,UN0001,1.0,5.79,40.77464788732395,True
19dad16ef1e1994d,CERV CORONA EXTRA LN 330ML,2022-12-21 16:06:00,2022-12,08.414.996/0002-74,UN0001,6.0,6.19,18.75757575757576,True
c73ddc7a474cae1e,CERV HEINEKEN L NECK 330ML,2022-12-21 16:06:00,2022-12,08.414.996/0002-74,UN0001,2.0,5.49,16.636363636363637,True
141b74fe2c45035f,REFRIGERANTE PEPSI PET 200ML,2022-12-21 16:06:00,2022-12,08.414.996/0002-74,UN0001,2.0,0.99,4.949999999999999,True
110590cad9becd59,REFRIGERANTE COCA COLA PET 250ML,2022-12-21 16:06:00,2022-12,08.414.996/0002-74,UN0001,2.0,1.99,7.96,True
0fe18b0be140d4a6,SUCO INT NATURAL ONE PT 900ML LARANJA RESF,2022-12-21 16:06:00,2022-12,08.414.996/0002-74,UN0001,1.0,9.99,11.1,True
94dfe3a6dc9cc191,DESODORANTE AER REXONA MEN ANTIBAC 150ML,2022-12-21 16:06:00,2022-12,08.414.996/0002-74,UN0001,1.0,12.98,86.53333333333335,True
ccca9d8efb4b5e71,ESPONJA BANHO NYLON C/2 UND,2022-12-21 16:06:00,2022-12,08.414.996/0002-74,UN0001,1.0,13.99,13.99,True
bb20657a7c3421ca,SACO ENXUGAO COR ALGO BOM 40X68CM,2022-12-21 16:06:00,2022-12,08.414.996/0002-74,UN0001,2.0,12.9,12.9,True
398c485b191ad99e,PAPEL HIGIENICO FOFEX ECO F. DUPLA LV12PG11,2022-12-21 16:06:00,2022-12,08.414.996/0002-74,UN0001,1.0,13.99,13.99,True
d54faec5470983b7,SABONETE BARRA PHEBO 90G RAIZ ORIENTE,2022-12-21 16:06:00,2022-12,08.414.996/0002-74,UN0001,4.0,4.39,48.77777777777778,True
bf514de05fca5936,SABONETE PHEBO AMAZONIAN 90G,2022-12-21 16:06:00,2022-12,08.414.996/0002-74,UN0001,1.0,4.39,48.77777777777778,True
fc03fe5dcc8d9486,CREME DENT COLGATE MPA 180G,2022-12-21 16:06:00,2022-12,08.414.996/0002-74,UN0001,1.0,7.49,41.61111111111112,True
739ee2590870d8ea,DESODORANTE AER REXONA MEN TORC FAN 150ML,2022-12-21 16:06:00,2022-12,08.414.996/0002-74,UN0001,1.0,12.98,86.53333333333335,True
fc03fe5dcc8d9486,CREME DENT COLGATE MPA 180G,2022-12-21 16:06:00,2022-12,08.414.996/0002-74,UN0001,1.0,7.49,41.61111111111112,True
7961366c61049755,REACH FIO ESSENC 100,2022-12-21 16:06:00,2022-12,08.414.996/0002-74,UN0001,1.0,11.99,11.99,True
e3bbe1e1b080dcaa,TOALHA PAPEL ABSOLUTO BCO C/120,2022-12-21 16:06:00,2022-12,08.414.996/0002-74,UN0001,1.0,5.29,5.29,True
3a3e01011c99f811,OVOS BRANCO DA GEMA C/30,2022-12-21 16:06:00,2022-12,08.414.996/0002-74,UN0001,1.0,22.99,22.99,True
6020c7e26b0a1270,MEI QUE DONALDS,2022-12-20 21:56:42,2022-12,21.346.387/0001-02,und,1.0,32.0,32.0,True
ea9e0d0fb7353c3c,TAXA DE ENTREGA,2022-12-20 21:56:42,2022-12,21.346.387/0001-02,und,1.0,11.0,11.0,True
162e3b9526d8f40f,ZE DELIVERY,2022-12-19 22:59:24,2022-12,44.610.360/0001-80,UN,1.0,5.49,5.49,True
a16c3b9521a1a027,CORONITA EXTRA N OW 210ML,2022-12-19 22:59:24,2022-12,44.610.360/0001-80,UN,18.0,4.29,20.42857142857143,True
b7224193bc2b6558,POLPETINES DE ORIG MOL PELATTI,2022-12-18 19:07:01,2022-12,06.289.452/0001-11,und,2.0,42.0,42.0,True
0dfbe6d49f2fe5a3,TAXA DE ENTREGA,2022-12-18 19:07:01,2022-12,06.289.452/0001-11,UND,1.0,14.0,14.0,True
186ba3eb946a0e3f,BOLINHO DE BACALHAU 50G,2022-12-18 16:49:04,2022-12,45.595.208/0001-39,UND,1.0,13.92,278.4,True
186ba3eb946a0e3f,BOLINHO DE BACALHAU 50G,2022-12-18 16:49:04,2022-12,45.595.208/0001-39,UND,1.0,13.9,278.0,True
186ba3eb946a0e3f,BOLINHO DE BACALHAU 50G,2022-12-18 16:49:04,2022-12,45.595.208/0001-39,UND,1.0,13.9,278.0,True
186ba3eb946a0e3f,BOLINHO DE BACALHAU 50G,2022-12-18 16:49:04,2022-12,45.595.208/0001-39,UND,1.0,13.9,278.0,True
162e3b9526d8f40f,ZE DELIVERY,2022-12-18 11:35:08,2022-12,44.610.360/0001-80,UN,1.0,5.49,5.49,True
a16c3b9521a1a027,CORONITA EXTRA N OW 210ML,2022-12-18 11:35:08,2022-12,44.610.360/0001-80,UN,18.0,4.29,20.42857142857143,True
b7224193bc2b6558,POLPETINES DE ORIG MOL PELATTI,2022-12-09 20:22:58,2022-12,06.289.452/0001-11,und,1.0,42.0,42.0,True
0a806ca0851a318e,COCA-COLA LT 350ML,2022-12-09 20:22:58,2022-12,06.289.452/0001-11,UND,1.0,6.0,17.142857142857142,True
0dfbe6d49f2fe5a3,TAXA DE ENTREGA,2022-12-09 20:22:58,2022-12,06.289.452/0001-11,UND,1.0,14.0,14.0,True
162e3b9526d8f40f,ZE DELIVERY,2022-12-05 15:08:55,2022-12,44.610.360/0001-80,UN,1.0,7.49,7.49,True
a16c3b9521a1a027,CORONITA EXTRA N OW 210ML,2022-12-05 15:08:55,2022-12,44.610.360/0001-80,UN,18.0,4.29,20.42857142857143,True
162e3b9526d8f40f,ZE DELIVERY,2022-12-04 15:21:44,2022-12,44.610.360/0001-80,UN,1.0,5.49,5.49,True
a16c3b9521a1a027,CORONITA EXTRA N OW 210ML,2022-12-04 15:21:44,2022-12,44.610.360/0001-80,UN,12.0,4.29,20.42857142857143,True
184004c22c25537b,HOEGAARDEN WHITE ONE WAY 330ML CX,2022-12-04 15:21:44,2022-12,44.610.360/0001-80,UN,3.0,7.99,24.21212121212121,True
162e3b9526d8f40f,ZE DELIVERY,2022-12-01 22:26:51,2022-12,44.610.360/0001-80,UN,1.0,5.49,5.49,True
a16c3b9521a1a027,CORONITA EXTRA N OW 210ML,2022-12-01 22:26:51,2022-12,44.610.360/0001-80,UN,18.0,4.29,20.42857142857143,True
b7224193bc2b6558,POLPETINES DE ORIG MOL PELATTI,2022-11-25 18:48:38,2022-11,06.289.452/0001-11,und,2.0,42.0,42.0,True
0dfbe6d49f2fe5a3,TAXA DE ENTREGA,2022-11-25 18:48:38,2022-11,06.289.452/0001-11,UND,1.0,14.0,14.0,True
b7224193bc2b6558,POLPETINES DE ORIG MOL PELATTI,2022-11-20 21:51:54,2022-11,06.289.452/0001-11,und,1.0,38.0,38.0,True
0dfbe6d49f2fe5a3,TAXA DE ENTREGA,2022-11-20 21:51:54,2022-11,06.289.452/0001-11,UND,1.0,14.0,14.0,True
b7224193bc2b6558,POLPETINES DE ORIG MOL PELATTI,2022-11-20 21:51:50,2022-11,06.289.452/0001-11,und,1.0,38.0,38.0,True
0dfbe6d49f2fe5a3,TAXA DE ENTREGA,2022-11-20 21:51:50,2022-11,06.289.452/0001-11,UND,1.0,14.0,14.0,True
b7224193bc2b6558,POLPETINES DE ORIG MOL PELATTI,2022-11-20 21:51:46,2022-11,06.289.452/0001-11,und,1.0,38.0,38.0,True
0dfbe6d49f2fe5a3,TAXA DE ENTREGA,2022-11-20 21:51:46,2022-11,06.289.452/0001-11,UND,1.0,14.0,14.0,True
9084879681e8f44b,Pizza Grand - Margheritta - Lombinho com Reino,2022-11-16 22:14:38,2022-11,26.827.746/0001-67,Un,1.0,70.0,70.0,True
162e3b9526d8f40f,ZE DELIVERY,2022-11-14 21:06:51,2022-11,44.610.360/0001-80,UN,1.0,5.49,5.49,True
a16c3b9521a1a027,CORONITA EXTRA N OW 210ML,2022-11-14 21:06:51,2022-11,44.610.360/0001-80,UN,18.0,4.29,20.42857142857143,True
94669211d6fa8d4b,POLPETTA DE ORIGEM P2,2022-11-13 22:09:38,2022-11,06.289.452/0001-11,und,1.0,86.0,86.0,True
0dfbe6d49f2fe5a3,TAXA DE ENTREGA,2022-11-13 22:09:38,2022-11,06.289.452/0001-11,UND,1.0,4.9,4.9,True
906b2af9ad663e04,GNOCCHI COM RAGU DE ORIGEM,2022-11-13 22:09:35,2022-11,06.289.452/0001-11,und,1.0,51.0,51.0,True
0a806ca0851a318e,COCA-COLA LT 350ML,2022-11-13 22:09:35,2022-11,06.289.452/0001-11,UND,1.0,6.0,17.142857142857142,True
0dfbe6d49f2fe5a3,TAXA DE ENTREGA,2022-11-13 22:09:35,2022-11,06.289.452/0001-11,UND,1.0,14.0,14.0,True
2c16d632d01a28c6,Terca Fettastica - Pepperoni - Mozzarella,2022-11-08 17:34:40,2022-11,26.827.746/0001-67,Un,1.0,41.18,41.18,True
37b272bb1730bf79,Coca Cola 1Litro,2022-11-08 17:34:40,2022-11,26.827.746/0001-67,Un,1.0,9.0,9.0,True
7614014816e2bd6a,MOUSSE DE CHOCOLATE,2022-11-08 15:09:49,2022-11,21.346.387/0001-02,und,2.0,9.0,9.0,True
6b3c02a1ec43df6b,REFRIGERANTE LATA,2022-11-08 15:09:49,2022-11,21.346.387/0001-02,und,1.0,6.0,6.0,True
f4afbb1eb2d3daac,MEATBALLS,2022-11-08 15:09:49,2022-11,21.346.387/0001-02,und,1.0,29.99,29.99,True
ea9e0d0fb7353c3c,TAXA DE ENTREGA,2022-11-08 15:09:49,2022-11,21.346.387/0001-02,und,1.0,11.0,11.0,True
b7224193bc2b6558,POLPETINES DE ORIG MOL PELATTI,2022-11-03 21:02:40,2022-11,06.289.452/0001-11,und,1.0,38.0,38.0,True
0a806ca0851a318e,COCA-COLA LT 350ML,2022-11-03 21:02:40,2022-11,06.289.452/0001-11,UND,1.0,6.0,17.142857142857142,True
0dfbe6d49f2fe5a3,TAXA DE ENTREGA,2022-11-03 21:02:40,2022-11,06.289.452/0001-11,UND,1.0,14.0,14.0,True
2c16d632d01a28c6,Terca Fettastica - Pepperoni - Mozzarella,2022-10-25 22:44:28,2022-10,26.827.746/0001-67,Un,1.0,44.18,44.18,True
37b272bb1730bf79,Coca Cola 1Litro,2022-10-25 22:44:28,2022-10,26.827.746/0001-67,Un,1.0,9.0,9.0,True
b7224193bc2b6558,POLPETINES DE ORIG MOL PELATTI,2022-10-23 18:57:53,2022-10,06.289.452/0001-11,und,2.0,38.0,38.0,True
0dfbe6d49f2fe5a3,TAXA DE ENTREGA,2022-10-23 18:57:53,2022-10,06.289.452/0001-11,UND,1.0,14.0,14.0,True
a16c3b9521a1a027,CORONITA EXTRA N OW 210ML,2022-10-22 15:37:30,2022-10,44.610.360/0001-80,UN,12.0,4.29,20.42857142857143,True
184004c22c25537b,HOEGAARDEN WHITE ONE WAY 330ML CX,2022-10-22 15:37:30,2022-10,44.610.360/0001-80,UN,6.0,7.99,24.21212121212121,True
162e3b9526d8f40f,ZE DELIVERY,2022-10-10 13:28:56,2022-10,44.610.360/0001-80,UN,1.0,4.99,4.99,True
a16c3b9521a1a027,CORONITA EXTRA N OW 210ML,2022-10-10 13:28:56,2022-10,44.610.360/0001-80,UN,18.0,4.29,20.42857142857143,True
cdf476947f9f3cab,HDO DELIVERY,2022-10-05 22:43:45,2022-10,45.328.902/0001-90,und,1.0,36.0,36.0,True
5975d0d784bb19f8,TAXA DE ENTREGA,2022-10-05 22:43:45,2022-10,45.328.902/0001-90,UND,1.0,9.0,9.0,True
efac5111fd92bb28,REFRIGERANTE 1 LITRO,2022-10-01 22:43:50,2022-10,21.346.387/0001-02,und,1.0,9.0,9.0,True
685cc8f607bd8460,KOMBO 2 PIZZAS,2022-10-01 22:43:50,2022-10,21.346.387/0001-02,und,1.0,84.0,84.0,True
ea9e0d0fb7353c3c,TAXA DE ENTREGA,2022-10-01 22:43:50,2022-10,21.346.387/0001-02,und,1.0,11.0,11.0,True
a16c3b9521a1a027,CORONITA EXTRA N OW 210ML,2022-09-27 16:49:19,2022-09,44.610.360/0001-80,UN,24.0,4.19,19.95238095238096,True
162e3b9526d8f40f,ZE DELIVERY,2022-09-22 20:36:14,2022-09,44.610.360/0001-80,UN,1.0,4.99,4.99,True
a16c3b9521a1a027,CORONITA EXTRA N OW 210ML,2022-09-22 20:36:14,2022-09,44.610.360/0001-80,UN,18.0,4.19,19.95238095238096,True
1ed9e0ff3d6924b3,EXPOSIS SPR EXTR 100,2022-09-21 19:06:11,2022-09,61.585.865/1821-60,UN,1.0,66.9,66.9,True
25802f9cf736cbf4,NEOSALDINA DGR/30 NV,2022-09-21 19:06:11,2022-09,61.585.865/1821-60,UN,1.0,39.8,39.8,True
0b2ed67fc30e30e0,MACH 3 SENSITIVE LMPM,2022-09-21 19:06:11,2022-09,61.585.865/1821-60,UN,1.0,38.9,38.9,True
37bb448c95b066c7,SAL ENO LARANJA 100G,2022-09-21 19:06:11,2022-09,61.585.865/1821-60,UN,1.0,25.57,255.7,True
71e51a2e5a8acd78,PEIXADA P/2 A 3,2022-09-19 13:52:48,2022-09,28.673.991/0001-92,und,1.0,87.9,87.9,True
8ab9b694783a4b0f,TAXA DE ENTREGA,2022-09-19 13:52:48,2022-09,28.673.991/0001-92,und,1.0,10.0,10.0,True
17cfd572767e9f37,ZUCCHINI,2022-09-17 22:06:00,2022-09,21.346.387/0001-02,und,1.0,45.0,45.0,True
b2978eecc60f3249,MATRICIANA,2022-09-17 22:06:00,2022-09,21.346.387/0001-02,und,1.0,55.0,55.0,True
ea9e0d0fb7353c3c,TAXA DE ENTREGA,2022-09-17 22:06:00,2022-09,21.346.387/0001-02,und,1.0,11.0,11.0,True
fb0893cad961b11b,PEIXE EXPRESSO,2022-09-11 14:54:16,2022-09,28.673.991/0001-92,und,1.0,47.99,47.99,True
cb93318f4994a24a,REFRI 1L,2022-09-11 14:54:16,2022-09,28.673.991/0001-92,und,1.0,9.0,9.0,True
8ab9b694783a4b0f,TAXA DE ENTREGA,2022-09-11 14:54:16,2022-09,28.673.991/0001-92,und,1.0,10.0,10.0,True
b7224193bc2b6558,POLPETINES DE ORIG MOL PELATTI,2022-09-10 19:41:21,2022-09,06.289.452/0001-11,und,2.0,38.0,38.0,True
0dfbe6d49f2fe5a3,TAXA DE ENTREGA,2022-09-10 19:41:21,2022-09,06.289.452/0001-11,UND,1.0,14.0,14.0,True
a16c3b9521a1a027,CORONITA EXTRA N OW 210ML,2022-09-07 16:44:35,2022-09,44.610.360/0001-80,UN,12.0,4.19,19.95238095238096,True
50e16b1ec779a066,CERV STELLA ARTOIS LT 269ML,2022-09-07 16:44:35,2022-09,44.610.360/0001-80,UN,12.0,3.39,12.602230483271375,True
5ade19345cf92158,BANANA PACOVAN KG,2022-09-01 15:53:00,2022-09,08.414.996/0002-74,KG0001,1.175,3.489362,3.489362,True
8326c0e472abee1c,MELANCIA TURMA DA MONICA KG,2022-09-01 15:53:00,2022-09,08.414.996/0002-74,KG0001,1.156,7.99308,7.99308,True
a62b5e0ae21e9a2f,LIMAO TAITY KG,2022-09-01 15:53:00,2022-09,08.414.996/0002-74,KG0001,0.915,4.994536,4.994536,True
2b830b132a271c56,MAMAO PAPAYA KG,2022-09-01 15:53:00,2022-09,08.414.996/0002-74,KG0001,1.24,9.491935,9.491935,True
2f628f7bbdc8ec32,MELAO JAPONES KG,2022-09-01 15:53:00,2022-09,08.414.996/0002-74,KG0001,0.646,7.49226,7.49226,True
8f3e54a64a7c3d21,CENOURA KG,2022-09-01 15:53:00,2022-09,08.414.996/0002-74,KG0001,1.865,2.691689,2.691689,True
15cc93d448c3af58,BATATA DOCE ROXA KG,2022-09-01 15:53:00,2022-09,08.414.996/0002-74,KG0001,1.915,3.989556,3.989556,True
36b5583a0bc6c62a,PEPINO VALE FERTIL 300G,2022-09-01 15:53:00,2022-09,08.414.996/0002-74,UN0001,1.0,13.59,45.3,True
94e5a21c548a5c3a,AZEITONA VERDE VALE FERTIL S/CAR VD 160G,2022-09-01 15:53:00,2022-09,08.414.996/0002-74,UN0001,1.0,10.99,68.6875,True
1cc628c28ba77521,MANGA ROSA KG,2022-09-01 15:53:00,2022-09,08.414.996/0002-74,KG0001,0.71,6.985915,6.985915,True
0daca1aba0456e23,UVA DUVALE CLARA SELETA S/ SEMENTE 500G,2022-09-01 15:53:00,2022-09,08.414.996/0002-74,UN0001,1.0,8.99,17.98,True
c79f28e0b44323c5,REQUEIJAO CREM NESTLE 200G TRADICIONAL,2022-09-01 15:53:00,2022-09,08.414.996/0002-74,UN0001,1.0,6.49,32.45,True
c79f28e0b44323c5,REQUEIJAO CREM NESTLE 200G TRADICIONAL,2022-09-01 15:53:00,2022-09,08.414.996/0002-74,UN0001,1.0,6.49,32.45,True
4a0e290b80eec633,JERIMUM LEITE KG,2022-09-01 15:53:00,2022-09,08.414.996/0002-74,KG0001,0.715,4.48951,4.48951,True
681e06ba10b230f1,BISCOITO CASADINHO BEM ME QUER 300G,2022-09-01 15:53:00,2022-09,08.414.996/0002-74,UN0001,1.0,8.99,29.96666666666667,True
c3bf01cf3b648fb2,QUEIJO CAMEMBERT SAO VICENTE 125G,2022-09-01 15:53:00,2022-09,08.414.996/0002-74,UN0001,1.0,12.49,99.92,True
4ab9c9bce317a7cb,QUEIJO PARMESAO FAIXA AZUL 195G CILINDRO,2022-09-01 15:53:00,2022-09,08.414.996/0002-74,UN0001,1.0,28.9,148.2051282051282,True
350531266896977f,QUEIJO COALHO ILPLA KG NATURAL,2022-09-01 15:53:00,2022-09,08.414.996/0002-74,KG0001,0.594,51.902357,51.902357,True
46bc083ea90816f3,QUEIJO MUSSAR IMPORTADO LA PAULINA KG,2022-09-01 15:53:00,2022-09,08.414.996/0002-74,KG0001,0.508,39.980315,39.980315,True
fa99faf093849722,QUEIJO GOUDA SAO VICENTE KG,2022-09-01 15:53:00,2022-09,08.414.996/0002-74,KG0001,0.17,84.882353,84.882353,True
e2d61ed28e23fdf3,QUEIJO BRIE QUATA KG FORMA,2022-09-01 15:53:00,2022-09,08.414.996/0002-74,KG0001,0.128,108.984375,108.984375,True
d92ff849aaea955e,QUEIJO BLEU DE BRESSE SAO VICENTE CAM SPEC 125G,2022-09-01 15:53:00,2022-09,08.414.996/0002-74,UN0001,1.0,12.99,103.92,True
d92ff849aaea955e,QUEIJO BLEU DE BRESSE SAO VICENTE CAM SPEC 125G,2022-09-01 15:53:00,2022-09,08.414.996/0002-74,UN0001,1.0,12.99,103.92,True
33d1f92c1ba74087,COPA VITO BALDUCCI 80G,2022-09-01 15:53:00,2022-09,08.414.996/0002-74,UN0001,1.0,22.9,286.25,True
2bc744b0e5bb6600,MORTADELA OURO PERDIGAO KG BOLOGNA,2022-09-01 15:53:00,2022-09,08.414.996/0002-74,KG0001,0.5,28.9,28.9,True
607f8d2f3b686560,CS SANDUICHE NATURAL UND,2022-09-01 15:53:00,2022-09,08.414.996/0002-74,UN0001,1.0,7.9,7.9,True
9c27a0e4599952ac,CHOC CIA CACAU 100G AO LEITE,2022-09-01 15:53:00,2022-09,08.414.996/0002-74,UN0001,1.0,8.99,89.89999999999999,True
d452dd000566044c,Biscoito Piraque Roladinho De,2022-09-01 15:53:00,2022-09,08.414.996/0002-74,UN0001,2.0,3.59,3.59,True
a5cb9779885c72cd,LEITE FERM ACTIVIA 1000G AMEIXA,2022-09-01 15:53:00,2022-09,08.414.996/0002-74,UN0001,1.0,14.99,14.99,True
0ff46ee11c810af1,IOGURTE PENSE BATAVO 1150G ZERO MORANGO,2022-09-01 15:53:00,2022-09,08.414.996/0002-74,UN0001,1.0,12.99,11.295652173913044,True
e98e47add90b79a7,BEBIDA LACT TODDYNHO TRAD 200ML,2022-09-01 15:53:00,2022-09,08.414.996/0002-74,UN0001,1.0,2.19,10.95,True
e98e47add90b79a7,BEBIDA LACT TODDYNHO TRAD 200ML,2022-09-01 15:53:00,2022-09,08.414.996/0002-74,UN0001,4.0,2.19,10.95,True
f8f8e9b01f2ab4ba,BOLO DIEGOS SABORES 470G,2022-09-01 15:53:00,2022-09,08.414.996/0002-74,UN0001,1.0,11.99,25.510638297872344,True
c9a942006843d485,LEITE UHT DAMARE  INTEGRAL 1L,2022-09-01 15:53:00,2022-09,08.414.996/0002-74,UN0001,1.0,7.69,7.69,True
c6e9f2d51d801d45,GELEIA CASA MADEIRA AMORA TRAD 240G,2022-09-01 15:53:00,2022-09,08.414.996/0002-74,UN0001,1.0,15.99,66.625,True
1168a7d8496171cd,"SUCO INT NAT DA FAZENDA PT 1,5L LARANJA",2022-09-01 15:53:00,2022-09,08.414.996/0002-74,UN0001,1.0,18.99,12.659999999999998,True
a8f99191edc380f9,LEITE UHT MOLICO DESN 1L,2022-09-01 15:53:00,2022-09,08.414.996/0002-74,UN0001,1.0,8.59,8.59,True
9b13b374c738034e,BISCOITO ROSQ INT JASMINE AVEIA/MEL 150G,2022-09-01 15:53:00,2022-09,08.414.996/0002-74,UN0001,1.0,6.49,43.26666666666667,True
fd5b02ea003a3b19,TORRADA VITARELLA INT 142G,2022-09-01 15:53:00,2022-09,08.414.996/0002-74,UN0001,1.0,3.99,28.09859154929578,True
36388fafcd27b46f,BISC C CRACKER VITARELLA 350G TOST,2022-09-01 15:53:00,2022-09,08.414.996/0002-74,UN0001,1.0,5.49,15.685714285714289,True
d6f299a7366de118,BISCOITO MAIZENA VITARELA 350G INTEGRAL,2022-09-01 15:53:00,2022-09,08.414.996/0002-74,UN0001,1.0,6.99,19.97142857142857,True
d47a6bc0095b5481,BISCOITO COOKIES INT JASMINE AM PR/COCO 150G,2022-09-01 15:53:00,2022-09,08.414.996/0002-74,UN0001,1.0,8.49,56.6,True
1e7659f584c1eb63,SALGADINHO TORCIDA CEBOLA 70G,2022-09-01 15:53:00,2022-09,08.414.996/0002-74,UN0001,1.0,3.19,45.57142857142857,True
1e7659f584c1eb63,SALGADINHO TORCIDA CEBOLA 70G,2022-09-01 15:53:00,2022-09,08.414.996/0002-74,UN0001,1.0,3.19,45.57142857142857,True
08c46cbc9268c252,SALGADINHO TORCIDA PIMENTA MEXIC 70G,2022-09-01 15:53:00,2022-09,08.414.996/0002-74,UN0001,1.0,3.19,45.57142857142857,True
08c46cbc9268c252,SALGADINHO TORCIDA PIMENTA MEXIC 70G,2022-09-01 15:53:00,2022-09,08.414.996/0002-74,UN0001,1.0,3.19,45.57142857142857,True
3e530e9a71b3282b,PAO CLASSE A INTEGRAL 400G,2022-09-01 15:53:00,2022-09,08.414.996/0002-74,UN0001,1.0,6.99,17.474999999999998,True
f47a3d73dc942990,CREME NUTELLA FERRERO AVELA CACAU 140G,2022-09-01 15:53:00,2022-09,08.414.996/0002-74,UN0001,1.0,8.99,64.21428571428571,True
35f043c89b1f847e,COCO SECO UND,2022-09-01 15:53:00,2022-09,08.414.996/0002-74,UN0001,1.0,3.99,3.99,True
9b4d479a89a8183b,BEBIDA ISOT GATORADE PT 500ML MORAN MARAC,2022-09-01 15:53:00,2022-09,08.414.996/0002-74,UN0001,1.0,4.99,9.98,True
9b4d479a89a8183b,BEBIDA ISOT GATORADE PT 500ML MORAN MARAC,2022-09-01 15:53:00,2022-09,08.414.996/0002-74,UN0001,1.0,4.99,9.98,True
78946b6b97b283b7,MOLHO PASSATA HEMMER 680G,2022-09-01 15:53:00,2022-09,08.414.996/0002-74,UN0001,1.0,13.99,20.573529411764703,True
feb64d38fb3153e7,CAFE CAPS 3CORACOES C.10UN ESPRESS VIBRANT,2022-09-01 15:53:00,2022-09,08.414.996/0002-74,UN0001,1.0,19.99,19.99,True
c0d2a4c9c9dfcea9,CAFE 3 CORACOES 10 CAPSULAS FORZA,2022-09-01 15:53:00,2022-09,08.414.996/0002-74,UN0001,1.0,19.99,19.99,True
9f7cdc6663d2eb5f,CAPSULA TRES CORACOES CAPPUC AVELA C/10,2022-09-01 15:53:00,2022-09,08.414.996/0002-74,UN0001,1.0,19.99,19.99,True
4e47dfae69d34fa7,CAPSULA TRES CORACOES ESP ATENTO C/10,2022-09-01 15:53:00,2022-09,08.414.996/0002-74,UN0001,1.0,19.99,19.99,True
534b711e52add5a5,ESPONJA BANHO SLOW REDE C/3UN,2022-09-01 15:53:00,2022-09,08.414.996/0002-74,UN0001,1.0,22.9,22.9,True
6e0476ac74f71ac6,CAFE 3CORACOES 250G ALMOF TRAD,2022-09-01 15:53:00,2022-09,08.414.996/0002-74,UN0001,1.0,8.49,33.96,True
1863761ac890531b,SABONETE PHEBO NATURELLE 90G,2022-09-01 15:53:00,2022-09,08.414.996/0002-74,UN0001,1.0,4.29,47.66666666666667,True
d54faec5470983b7,SABONETE BARRA PHEBO 90G RAIZ ORIENTE,2022-09-01 15:53:00,2022-09,08.414.996/0002-74,UN0001,1.0,4.29,47.66666666666667,True
580938d01c6f1f96,SABONETE PHEBO ODOR DE ROSAS 90G,2022-09-01 15:53:00,2022-09,08.414.996/0002-74,UN0001,1.0,4.29,47.66666666666667,True
311ef9aa491e10ec,SAL GROSSO LEBRE 1KG,2022-09-01 15:53:00,2022-09,08.414.996/0002-74,UN0001,1.0,2.39,2.39,True
df7a732bd741afea,AROMATIZANTE GLADE TF LAV 50%DES NA SEG 12ML,2022-09-01 15:53:00,2022-09,08.414.996/0002-74,UN0001,1.0,19.9,1658.3333333333333,True
e1490d6b473b8845,VINHO CHI LOMA NEGRA 750ML PNOIR,2022-09-01 15:53:00,2022-09,08.414.996/0002-74,UN0001,1.0,32.9,43.86666666666667,True
fde494e77deeee7f,AZEITE GALLO EXT VIRG VD 500ML,2022-09-01 15:53:00,2022-09,08.414.996/0002-74,UN0001,1.0,29.99,59.98,True
685cc8f607bd8460,KOMBO 2 PIZZAS,2022-08-31 21:45:46,2022-08,21.346.387/0001-02,und,1.0,84.0,84.0,True
ea9e0d0fb7353c3c,TAXA DE ENTREGA,2022-08-31 21:45:46,2022-08,21.346.387/0001-02,und,1.0,11.0,11.0,True
56f0204ae446280a,QUATRO QUEIJOS,2022-08-26 22:07:14,2022-08,21.346.387/0001-02,und,1.0,55.0,55.0,True
ea9e0d0fb7353c3c,TAXA DE ENTREGA,2022-08-26 22:07:14,2022-08,21.346.387/0001-02,und,1.0,11.0,11.0,True
162e3b9526d8f40f,ZE DELIVERY,2022-08-25 12:32:09,2022-08,44.610.360/0001-80,UN,1.0,4.99,4.99,True
a16c3b9521a1a027,CORONITA EXTRA N OW 210ML,2022-08-25 12:32:09,2022-08,44.610.360/0001-80,UN,18.0,4.19,19.95238095238096,True
56f0204ae446280a,QUATRO QUEIJOS,2022-08-23 21:35:06,2022-08,21.346.387/0001-02,und,1.0,55.0,55.0,True
326594f9fc7171a0,MARGHERITA VERSAO 2,2022-08-23 21:35:06,2022-08,21.346.387/0001-02,und,1.0,35.5,35.5,True
ea9e0d0fb7353c3c,TAXA DE ENTREGA,2022-08-23 21:35:06,2022-08,21.346.387/0001-02,und,1.0,11.0,11.0,True
efa358e93d935187,CETOC+DIP BET+S. NEO,2022-08-19 16:02:10,2022-08,06.626.253/0260-37,UN,1.0,14.2,14.2,True
fb6c734fc87d5447,LORATAMED CPD/12,2022-08-19 16:02:10,2022-08,06.626.253/0260-37,UN,2.0,9.9,9.9,True
a3786d17008e9710,NIMESULIDA 100MG CPD,2022-08-19 16:02:10,2022-08,06.626.253/0260-37,UN,1.0,13.6,13.6,True
9dc1416595167499,MAXIDRATE 6MG NASAL,2022-08-19 16:02:10,2022-08,06.626.253/0260-37,UN,1.0,47.15,47.15,True
dce066eb83135913,SAL FRUTA ENO LARANJ,2022-08-19 16:02:10,2022-08,06.626.253/0260-37,UN,1.0,25.57,25.57,True
90cc1ceae3782166,SAL FRUTA ENO GUARAN,2022-08-19 16:02:10,2022-08,06.626.253/0260-37,UN,1.0,25.57,25.57,True
685cc8f607bd8460,KOMBO 2 PIZZAS,2022-08-14 21:35:19,2022-08,21.346.387/0001-02,und,1.0,79.0,79.0,True
ea9e0d0fb7353c3c,TAXA DE ENTREGA,2022-08-14 21:35:19,2022-08,21.346.387/0001-02,und,1.0,11.0,11.0,True
fdc06d68ef3f7cfa,Promo Relampiou Ifood - Margheritta - Portuguesa,2022-08-11 22:57:22,2022-08,26.827.746/0001-67,Un,1.0,44.5,44.5,True
e685bdd1fc19981f,Coca Cola lata,2022-08-11 22:57:22,2022-08,26.827.746/0001-67,Un,1.0,7.0,7.0,True
b7224193bc2b6558,POLPETINES DE ORIG MOL PELATTI,2022-08-03 22:19:29,2022-08,06.289.452/0001-11,und,1.0,38.0,38.0,True
69205806a14130a7,GUARANA LT 350ML,2022-08-03 22:19:29,2022-08,06.289.452/0001-11,UND,1.0,6.0,17.142857142857142,True
0dfbe6d49f2fe5a3,TAXA DE ENTREGA,2022-08-03 22:19:29,2022-08,06.289.452/0001-11,UND,1.0,14.0,14.0,True
6913c7823b4fa697,PAUNOMITO,2022-07-31 20:54:59,2022-07,21.346.387/0001-02,und,1.0,47.0,47.0,True
efac5111fd92bb28,REFRIGERANTE 1 LITRO,2022-07-31 20:54:59,2022-07,21.346.387/0001-02,und,1.0,9.0,9.0,True
ea9e0d0fb7353c3c,TAXA DE ENTREGA,2022-07-31 20:54:59,2022-07,21.346.387/0001-02,und,1.0,11.0,11.0,True
162e3b9526d8f40f,ZE DELIVERY,2022-07-31 14:38:40,2022-07,44.610.360/0001-80,UN,1.0,4.99,4.99,True
a16c3b9521a1a027,CORONITA EXTRA N OW 210ML,2022-07-31 14:38:40,2022-07,44.610.360/0001-80,UN,18.0,4.19,19.95238095238096,True
6913c7823b4fa697,PAUNOMITO,2022-07-27 22:09:58,2022-07,21.346.387/0001-02,und,1.0,47.0,47.0,True
ea9e0d0fb7353c3c,TAXA DE ENTREGA,2022-07-27 22:09:58,2022-07,21.346.387/0001-02,und,1.0,11.0,11.0,True
162e3b9526d8f40f,ZE DELIVERY,2022-07-26 11:56:52,2022-07,44.610.360/0001-80,UN,1.0,4.99,4.99,True
a16c3b9521a1a027,CORONITA EXTRA N OW 210ML,2022-07-26 11:56:52,2022-07,44.610.360/0001-80,UN,18.0,4.19,19.95238095238096,True
0ffd5ec95c75d4f9,KIT COIFA CBATEDOR COFAP KSC07106SDIANTEIRO70256,2022-07-20 17:23:25,2022-07,08.152.459/0001-12,KIT,2.0,60.0,60.0,True
21d81f8f6b0457ad,BUCHA DA BANDEJA MOBENSANI MB22222734DIANTDIANT,2022-07-20 17:23:25,2022-07,08.152.459/0001-12,UND,2.0,40.0,40.0,True
1430e37ee72c9b37,FILTRO DE AR TECFIL ARL9608LX1597HLP9608FA9608,2022-07-20 17:23:25,2022-07,08.152.459/0001-12,UND,1.0,40.0,40.0,True
15ed862a0bd4cbe6,REPARO DA CAIXA CRA 314002VISTEON,2022-07-20 17:23:25,2022-07,08.152.459/0001-12,KIT,1.0,800.0,800.0,True
64f9401509ba7937,PAST FREIO LONAFLEX P80,2022-07-20 17:23:25,2022-07,08.152.459/0001-12,UND,1.0,180.0,180.0,True
fcbb4a98943f2e61,MANGOTE GATES 21875 RESER AO BLOCO,2022-07-20 17:23:25,2022-07,08.152.459/0001-12,UND,1.0,40.0,40.0,True
e95b345d9a50bc03,JUNTA DO CABECOTE SPAAL 11.002-SC82293,2022-07-20 17:23:25,2022-07,08.152.459/0001-12,UND,1.0,120.0,120.0,True
c7c7abc1cd436edc,JUNTA TPA.VALV. SABO 7502211026BO,2022-07-20 17:23:25,2022-07,08.152.459/0001-12,UND,1.0,110.0,110.0,True
d7d99339bc8c71e3,OLEO DE FREIO BOSCH DOT4,2022-07-20 17:23:25,2022-07,08.152.459/0001-12,UND,2.0,45.0,45.0,True
35cb9bf5e3668d6f,CONECTOR DAGUA VALCLEI VC317BW715121S300,2022-07-20 17:23:25,2022-07,08.152.459/0001-12,UND,1.0,60.0,60.0,True
0891a2ca05eea5db,ADITIVO RADIADOR RADIEX R1923,2022-07-20 17:23:25,2022-07,08.152.459/0001-12,LT,2.0,45.0,45.0,True
196e5b514dc95b37,OLEO MOTORCRAFT 15W40 SEMISSINTETICO,2022-07-20 17:23:25,2022-07,08.152.459/0001-12,LT,4.0,40.0,40.0,True
d879caebc843cd99,FILTRO DE OLEO TECFIL PSL145WO150OC506,2022-07-20 17:23:25,2022-07,08.152.459/0001-12,UND,1.0,40.0,40.0,True
1f69fab22725033f,FILTRO DE COMB TECFIL GI047-FI047,2022-07-20 17:23:25,2022-07,08.152.459/0001-12,UND,1.0,30.0,30.0,True
f0071f88ee4d9ee8,ABRACADEIRA PLASTICAS,2022-07-20 17:23:25,2022-07,08.152.459/0001-12,UND,4.0,2.0,2.0,True
d488a7896e721a02,BUJAO DO CARTER WURTH 22431422 0549LF100563224314222458,2022-07-20 17:23:25,2022-07,08.152.459/0001-12,UND,1.0,25.0,25.0,True
70a9c65c370f191b,KIT COIFA HOMOCINETICA SKF 84875213869CAMBIO,2022-07-20 17:23:25,2022-07,08.152.459/0001-12,KIT,1.0,60.0,60.0,True
8efe7009eed2414f,MATERIAL DE LIMPEZA,2022-07-20 17:23:25,2022-07,08.152.459/0001-12,UND,1.0,80.0,80.0,True
81f0852cdbed211c,SELANTE TREEBOND BLACK,2022-07-20 17:23:25,2022-07,08.152.459/0001-12,UN,1.0,60.0,60.0,True
f085c209adccc9e0,ABRACADEIRA 76X9570X89,2022-07-20 17:23:25,2022-07,08.152.459/0001-12,UND,1.0,25.0,25.0,True
04464e6663dcecd9,"TRIZETA VETOR TZP0208 21DX30,5ELO",2022-07-20 17:23:25,2022-07,08.152.459/0001-12,UND,1.0,120.0,120.0,True
b7224193bc2b6558,POLPETINES DE ORIG MOL PELATTI,2022-07-16 19:14:18,2022-07,06.289.452/0001-11,und,1.0,38.0,38.0,True
af1117738389aafe,PARMEGGIANA - SEJA CHEF,2022-07-16 19:14:18,2022-07,06.289.452/0001-11,und,1.0,56.0,56.0,True
0dfbe6d49f2fe5a3,TAXA DE ENTREGA,2022-07-16 19:14:18,2022-07,06.289.452/0001-11,UND,1.0,14.0,14.0,True
6913c7823b4fa697,PAUNOMITO,2022-07-12 21:26:47,2022-07,21.346.387/0001-02,und,1.0,47.0,47.0,True
ea9e0d0fb7353c3c,TAXA DE ENTREGA,2022-07-12 21:26:47,2022-07,21.346.387/0001-02,und,1.0,11.0,11.0,True
3c9ebf134df56bd1,LORATADINA 10MG CPD/12 GN-CIMED,2022-07-12 14:58:45,2022-07,06.626.253/0429-03,CX,1.0,10.75,10.75,True
9ad97ff06f0574ad,LORATADINA 1MG XPE 100ML GN-PRATI,2022-07-12 14:58:45,2022-07,06.626.253/0429-03,CX,1.0,13.4,134.0,True
5e0130ae1dfd30b6,NIMESULIDA 100MG CPD/12 GN-CIMED,2022-07-12 14:58:45,2022-07,06.626.253/0429-03,CX,1.0,20.51,20.51,True
5e0130ae1dfd30b6,NIMESULIDA 100MG CPD/12 GN-CIMED,2022-07-12 14:58:45,2022-07,06.626.253/0429-03,CX,1.0,20.51,20.51,True
25802f9cf736cbf4,NEOSALDINA DGR/30 NV,2022-07-12 14:58:45,2022-07,06.626.253/0429-03,UN,1.0,35.89,35.89,True
a2c39350ecfdac08,FUROATO MOMETASONA SPR120DOS GN-GLE,2022-07-12 14:58:45,2022-07,06.626.253/0429-03,UN,1.0,47.36,47.36,True
333ef94ea740ccde,VICK VAPORUB 50G NOVO,2022-07-12 14:58:45,2022-07,06.626.253/0429-03,UN,1.0,37.95,759.0,True
952d8933aab0eea6,SERV. EM DOMICILIO,2022-07-12 14:58:45,2022-07,06.626.253/0429-03,UN,1.0,7.0,7.0,True
6a6a39671d571810,MANGA ROSA KG,2022-07-07 11:50:26,2022-07,08.189.400/0001-07,KG,1.18,7.99,7.99,True
b53106b4219ab837,MAGIC TOAST MARILAN 150G MULTICEREAIS,2022-07-07 11:50:26,2022-07,08.189.400/0001-07,UN,1.0,4.65,31.000000000000004,True
cad1bfb332ca89e8,CENOURA KG,2022-07-07 11:50:26,2022-07,08.189.400/0001-07,KG,1.755,5.29,5.29,True
aac8e9a701251670,ALCAPARRAS HEMMER EM CONSERVA 100G,2022-07-07 11:50:26,2022-07,08.189.400/0001-07,UN,1.0,12.39,123.9,True
2ea3214b916cbcbd,BATATA DOCE ROSADA KG,2022-07-07 11:50:26,2022-07,08.189.400/0001-07,UN,2.045,3.99,3.99,True
fc1e3b4498a58d4c,LIMAO TAITI KG,2022-07-07 11:50:26,2022-07,08.189.400/0001-07,KG,1.105,3.59,3.59,True
3de9099ff4c4159c,CHA LEAO ICE TEA 1L LIMAO PET,2022-07-07 11:50:26,2022-07,08.189.400/0001-07,UN,1.0,5.99,5.99,True
3de9099ff4c4159c,CHA LEAO ICE TEA 1L LIMAO PET,2022-07-07 11:50:26,2022-07,08.189.400/0001-07,UN,1.0,5.99,5.99,True
79dc3668469a494c,BISC.FORTALEZA CREAM CRACKER 350G INTEGRAL,2022-07-07 11:50:26,2022-07,08.189.400/0001-07,UN,1.0,5.99,17.114285714285717,True
8383080a4b04b522,REFRIG.COCA-COLA 250ML ZERO PET,2022-07-07 11:50:26,2022-07,08.189.400/0001-07,UN,5.0,1.79,7.16,True
531826c641994c00,PRESUNTO PERDIGAO COZIDO 200G FAT.VACUO,2022-07-07 11:50:26,2022-07,08.189.400/0001-07,UN,1.0,9.39,46.95,True
a0ab7af6ec064cf0,REFRIG.PEPSI 200ML COLA PET,2022-07-07 11:50:26,2022-07,08.189.400/0001-07,UN,1.0,1.26,6.3,True
b3ad7e82de3ce147,LTE.FERM.YAKULT 480G,2022-07-07 11:50:26,2022-07,08.189.400/0001-07,UN,2.0,10.99,22.895833333333336,True
9f625ffd9ae756c3,CERVEJA HEINEKEN LATA 350ML,2022-07-07 11:50:26,2022-07,08.189.400/0001-07,UN,1.0,4.69,13.400000000000002,True
9f625ffd9ae756c3,CERVEJA HEINEKEN LATA 350ML,2022-07-07 11:50:26,2022-07,08.189.400/0001-07,UN,1.0,4.69,13.400000000000002,True
e0a0b522583e3ac2,CERVEJA HEINEKEN LATA 350ML,2022-07-07 11:50:26,2022-07,08.189.400/0001-07,CX,1.0,56.28,160.8,True
fafd0ef6726e0f52,LEITE CONDENSADO CAMPONESA 395G INTEGRAL TP,2022-07-07 11:50:26,2022-07,08.189.400/0001-07,UN,1.0,7.89,19.9746835443038,True
a9f02c898f32205f,LTE.CONDENSADO CAMPONESA TP 395G SEMIDESNATADO,2022-07-07 11:50:26,2022-07,08.189.400/0001-07,UN,1.0,5.69,14.40506329113924,True
75242192cced0d32,LTE.CONDENSADO NESTLE MOCA 395G TP,2022-07-07 11:50:26,2022-07,08.189.400/0001-07,UN,1.0,6.69,16.936708860759495,True
a9f02c898f32205f,LTE.CONDENSADO CAMPONESA TP 395G SEMIDESNATADO,2022-07-07 11:50:26,2022-07,08.189.400/0001-07,UN,1.0,5.69,14.40506329113924,True
ce4025f11d15077d,REQUEIJAO POCOS DE CALDAS 200G LIGHT,2022-07-07 11:50:26,2022-07,08.189.400/0001-07,UN,1.0,7.95,39.75,True
4ab70865611936ad,BETERRABA KG,2022-07-07 11:50:26,2022-07,08.189.400/0001-07,UN,1.29,5.29,5.29,True
6c31ce625dc4ccf0,CAFE SANTA CLARA 250G CLASSICO ALMOFADA,2022-07-07 11:50:26,2022-07,08.189.400/0001-07,UN,1.0,8.49,33.96,True
7a78422c88e0ffc1,DESODORANTE AEROSOL AXE BLACK 150ML96G.,2022-07-07 11:50:26,2022-07,08.189.400/0001-07,UN,1.0,8.99,93.64583333333331,True
86d4a54bad89ef23,DESOD.AERO.REXONA ANTIBACTERIAL 150ML MEN,2022-07-07 11:50:26,2022-07,08.189.400/0001-07,UN,1.0,13.99,93.26666666666668,True
a6abfb35e2c60d65,AMAC.DOWNY CONC.500ML LIRIOS DO CAMPO,2022-07-07 11:50:26,2022-07,08.189.400/0001-07,UN,1.0,9.3,18.6,True
cda417c76cafaf05,ALCOOL SANTA CRUZ 70INPM 1L,2022-07-07 11:50:26,2022-07,08.189.400/0001-07,UN,1.0,9.98,9.98,True
f0eb158569876d56,CHA MATTE LEAO 100G TRADICIONAL,2022-07-07 11:50:26,2022-07,08.189.400/0001-07,UN,1.0,5.99,59.9,True
ce4a1e00f0069073,PAO DE QUEIJO FORNO MINAS 400G REC CASEIRA SGLUTE,2022-07-07 11:50:26,2022-07,08.189.400/0001-07,UN,1.0,21.48,53.7,True
ce4a1e00f0069073,PAO DE QUEIJO FORNO MINAS 400G REC CASEIRA SGLUTE,2022-07-07 11:50:26,2022-07,08.189.400/0001-07,UN,1.0,21.48,53.7,True
b2fb3bc3b26d36da,AZEITONA VALE FERTIL CCAROCO 500G SACHE,2022-07-07 11:50:26,2022-07,08.189.400/0001-07,UN,1.0,13.65,27.3,True
74492162f11c4cba,REFRIGERANTE COCA-COLA 250ML PET,2022-07-07 11:50:26,2022-07,08.189.400/0001-07,UN,1.0,1.99,7.96,True
f7a1188a8bbe9715,BEB.LACTEA NESTLE NESTON 850G,2022-07-07 11:50:26,2022-07,08.189.400/0001-07,UN,1.0,12.28,14.447058823529412,True
fa2f3fbb2455c07b,PAO DE QUEIJO LITORAL KG,2022-07-07 11:50:26,2022-07,08.189.400/0001-07,UN,0.186,39.5,39.5,True
89804d4607b9cf38,"DET.PO TIXAN YPE MARCIEZ 1,6KG",2022-07-07 11:50:26,2022-07,08.189.400/0001-07,UN,1.0,22.39,13.99375,True
e8c0ebdff8320ef4,DESODORANTE AEROSOL AXE MARINE 152ML90G,2022-07-07 11:50:26,2022-07,08.189.400/0001-07,UN,1.0,8.99,99.8888888888889,True
e8c0ebdff8320ef4,DESODORANTE AEROSOL AXE MARINE 152ML90G,2022-07-07 11:50:26,2022-07,08.189.400/0001-07,UN,1.0,8.99,99.8888888888889,True
ece74fcb0d2f9308,DESOD.AERO.REXONA ANITTAVAI MALANDRA 150ML91G,2022-07-07 11:50:26,2022-07,08.189.400/0001-07,UN,1.0,9.99,109.78021978021978,True
8be4316d10773377,ALVEJANTE VANISH 450G PODER O2,2022-07-07 11:50:26,2022-07,08.189.400/0001-07,UN,1.0,20.99,46.64444444444444,True
5eafb064a4e8eb99,DESOD.AERO.NIVEA INVISIBLE BW CLEAR 150ML97G,2022-07-07 11:50:26,2022-07,08.189.400/0001-07,UN,1.0,11.74,121.03092783505154,True
31bfebf6b42b18b2,DESINF.URCA 2L EUCALIPTO FRESH,2022-07-07 11:50:26,2022-07,08.189.400/0001-07,UN,1.0,6.65,3.325,True
8ec457481e512a2c,TESOURA TRAMONTINA DE PODA REF78300001,2022-07-07 11:50:26,2022-07,08.189.400/0001-07,UN,1.0,25.99,25.99,True
5a44c097a6e02e1d,TOALHA DE PAPEL SCALA BRANCO F.DUPLA C2,2022-07-07 11:50:26,2022-07,08.189.400/0001-07,UN,1.0,4.77,4.77,True
9f674c57a11ed734,DET.LIQ.LIMPOL 500ML COCO,2022-07-07 11:50:26,2022-07,08.189.400/0001-07,UN,1.0,2.49,4.98,True
9f674c57a11ed734,DET.LIQ.LIMPOL 500ML COCO,2022-07-07 11:50:26,2022-07,08.189.400/0001-07,UN,1.0,2.49,4.98,True
f49d09ae29810be6,SABONETE PHEBO AMAZONIAN VDE.ESC. 90G,2022-07-07 11:50:26,2022-07,08.189.400/0001-07,UN,1.0,4.12,45.77777777777778,True
9919333fe53a1ba6,SABONETE LAFLORE DAVENE 150G FLOR DE VANILA,2022-07-07 11:50:26,2022-07,08.189.400/0001-07,UN,1.0,4.98,33.2,True
9919333fe53a1ba6,SABONETE LAFLORE DAVENE 150G FLOR DE VANILA,2022-07-07 11:50:26,2022-07,08.189.400/0001-07,UN,1.0,4.98,33.2,True
f49d09ae29810be6,SABONETE PHEBO AMAZONIAN VDE.ESC. 90G,2022-07-07 11:50:26,2022-07,08.189.400/0001-07,UN,1.0,4.12,45.77777777777778,True
0960b3055c229487,INSETICIDA SBP AERO LV MAIS PG MENOS 450ML ANTI AE,2022-07-07 11:50:26,2022-07,08.189.400/0001-07,UN,1.0,12.49,27.75555555555556,True
154c4d6ccc7c666e,PILHA RAYOVAC ALCALINA AAA C3 1 GRATIS,2022-07-07 11:50:26,2022-07,08.189.400/0001-07,UN,1.0,12.99,12.99,True
2922b7691dad88ab,ESPONJA STA.MARIA ESFRELUX SOFT C3UN,2022-07-07 11:50:26,2022-07,08.189.400/0001-07,UN,1.0,4.19,4.19,True
a0ab7af6ec064cf0,REFRIG.PEPSI 200ML COLA PET,2022-07-07 11:50:26,2022-07,08.189.400/0001-07,UN,1.0,1.26,6.3,True
8383080a4b04b522,REFRIG.COCA-COLA 250ML ZERO PET,2022-07-07 11:50:26,2022-07,08.189.400/0001-07,UN,1.0,1.79,7.16,True
0960b3055c229487,INSETICIDA SBP AERO LV MAIS PG MENOS 450ML ANTI AE,2022-07-07 11:50:26,2022-07,08.189.400/0001-07,UN,1.0,12.49,27.75555555555556,True
38feb88832c53a3c,BACON AURORA FATIADO 250G,2022-07-07 11:50:26,2022-07,08.189.400/0001-07,UN,1.0,14.99,59.96,True
ce4a1e00f0069073,PAO DE QUEIJO FORNO MINAS 400G REC CASEIRA SGLUTE,2022-07-07 11:50:26,2022-07,08.189.400/0001-07,UN,1.0,21.48,53.7,True
e912203a96f0e2c7,BIFE DE FIGADO KG,2022-07-07 11:50:26,2022-07,08.189.400/0001-07,UN,2.094,16.99,16.99,True
79c5e503193af765,QUEIJO ILPLA COALHO NATURAL KG,2022-07-07 11:50:26,2022-07,08.189.400/0001-07,UN,0.318,41.4,41.4,True
9242e62047f2ff3c,BISC.FORTALEZA MARIA 350G TRADICIONAL,2022-07-07 11:50:26,2022-07,08.189.400/0001-07,UN,1.0,6.83,19.51428571428572,True
e90a0c412b8429a5,QUEIJO TIROLEZ GORG. AZUL PED.KG,2022-07-07 11:50:26,2022-07,08.189.400/0001-07,KG,0.144,69.9,69.9,True
fafe3eadbe32c7f2,CR.TIROLEZ DE RICOTA CREMOSO 200G,2022-07-07 11:50:26,2022-07,08.189.400/0001-07,UN,1.0,5.89,29.45,True
ad3ccfd1eb415975,AGUA SANITARIA IGUAL 5L,2022-07-07 11:50:26,2022-07,08.189.400/0001-07,UN,1.0,9.28,1.856,True
2c16d632d01a28c6,Terca Fettastica - Pepperoni - Mozzarella,2022-07-05 23:07:05,2022-07,26.827.746/0001-67,Un,1.0,55.5,55.5,True
ca2a8b84494326cb,Fit Pequena - Fit- Mozzarella - Fit- Mozzarella,2022-07-05 23:07:05,2022-07,26.827.746/0001-67,Un,1.0,40.0,40.0,True
162e3b9526d8f40f,ZE DELIVERY,2022-07-01 17:40:05,2022-07,44.610.360/0001-80,UN,1.0,4.99,4.99,True
67207f865b1cce4c,CERV STELLA ARTOIS SEM GLUTEN LN 330ML,2022-07-01 17:40:05,2022-07,44.610.360/0001-80,UN,12.0,5.79,17.545454545454543,True
f7eba89a7326440b,PIZZA GRANDE (8 FATIAS),2022-06-27 21:40:12,2022-06,04.939.826/0001-71,und,1.0,53.5,53.5,True
d45c823a445f6e53,TAXA DE ENTREGA,2022-06-27 21:40:12,2022-06,04.939.826/0001-71,UND,1.0,7.5,7.5,True
162e3b9526d8f40f,ZE DELIVERY,2022-06-25 17:26:28,2022-06,44.610.360/0001-80,UN,1.0,4.99,4.99,True
19dad16ef1e1994d,CERV CORONA EXTRA LN 330ML,2022-06-25 17:26:28,2022-06,44.610.360/0001-80,UN,24.0,5.99,18.151515151515152,True
162e3b9526d8f40f,ZE DELIVERY,2022-06-25 17:22:57,2022-06,44.610.360/0001-80,UN,1.0,4.99,4.99,True
19dad16ef1e1994d,CERV CORONA EXTRA LN 330ML,2022-06-25 17:22:57,2022-06,44.610.360/0001-80,UN,24.0,5.99,18.151515151515152,True
162e3b9526d8f40f,ZE DELIVERY,2022-06-24 12:30:46,2022-06,44.610.360/0001-80,UN,1.0,4.99,4.99,True
19dad16ef1e1994d,CERV CORONA EXTRA LN 330ML,2022-06-24 12:30:46,2022-06,44.610.360/0001-80,UN,18.0,5.99,18.151515151515152,True
162e3b9526d8f40f,ZE DELIVERY,2022-06-22 14:08:17,2022-06,44.610.360/0001-80,UN,1.0,4.99,4.99,True
19dad16ef1e1994d,CERV CORONA EXTRA LN 330ML,2022-06-22 14:08:17,2022-06,44.610.360/0001-80,UN,12.0,5.99,18.151515151515152,True
162e3b9526d8f40f,ZE DELIVERY,2022-06-17 19:17:48,2022-06,44.610.360/0001-80,UN,1.0,4.99,4.99,True
19dad16ef1e1994d,CERV CORONA EXTRA LN 330ML,2022-06-17 19:17:48,2022-06,44.610.360/0001-80,UN,24.0,5.99,18.151515151515152,True
685cc8f607bd8460,KOMBO 2 PIZZAS,2022-06-14 21:18:59,2022-06,21.346.387/0001-02,und,1.0,77.0,77.0,True
ea9e0d0fb7353c3c,TAXA DE ENTREGA,2022-06-14 21:18:59,2022-06,21.346.387/0001-02,und,1.0,11.0,11.0,True
685cc8f607bd8460,KOMBO 2 PIZZAS,2022-05-12 21:53:42,2022-05,21.346.387/0001-02,und,1.0,77.0,77.0,True
ea9e0d0fb7353c3c,TAXA DE ENTREGA,2022-05-12 21:53:42,2022-05,21.346.387/0001-02,und,1.0,11.0,11.0,True
162e3b9526d8f40f,ZE DELIVERY,2022-05-01 15:05:47,2022-05,44.610.360/0001-80,UN,1.0,4.99,4.99,True
19dad16ef1e1994d,CERV CORONA EXTRA LN 330ML,2022-05-01 15:05:47,2022-05,44.610.360/0001-80,UN,14.0,5.99,18.151515151515152,True
f67e6327aa02f5e5,PANO CHAO ALGO BOM 78X88CM,2022-04-26 19:17:00,2022-04,08.414.996/0002-74,UN0001,1.0,13.9,13.9,True
f264a6419042a32d,AROMATIZANTE AERO GLADE MANHA DO CAMPO 360ML,2022-04-26 19:17:00,2022-04,08.414.996/0002-74,UN0001,1.0,13.9,38.61111111111112,True
