standard_item_id,canonical_name,observation_date,year_month,merchant_cnpj,uom_com,qty_com,unit_price_com,comparable_price,is_comparable
f4afbb1eb2d3daac,MEATBALLS,2020-12-01 15:36:09,2020-12,21.346.387/0001-02,und,1.0,26.99,26.99,True
ea9e0d0fb7353c3c,TAXA DE ENTREGA,2020-12-01 15:36:09,2020-12,21.346.387/0001-02,und,1.0,9.8,9.8,True
f3f8e54f45f31535,HISTAMIN 100ML,2020-11-21 21:46:51,2020-11,06.626.253/0453-33,CX,1.0,18.36,183.6,True
f3f8e54f45f31535,HISTAMIN 100ML,2020-11-21 21:46:51,2020-11,06.626.253/0453-33,CX,1.0,18.36,183.6,True
4b6b24d11947d6ee,"SORO FISIOL ADV 0,9/ 100ML",2020-11-21 21:46:51,2020-11,06.626.253/0453-33,TB,1.0,3.87,38.7,True
23f3dded37466fc4,FITA SILVERTAPE 45MMX5M 800S ADERE,2020-11-18 14:51:43,2020-11,03.656.804/0015-37,UN,2.0,4.9,4.9,True
016a9e1d767e1740,OLEO LUBRIF SPRAY 300ML MULT WD-40 THERON,2020-11-18 14:51:43,2020-11,03.656.804/0015-37,UN,1.0,33.9,113.0,True
accd1f2a30111e7f,REPARADOR DE PNEU INSTANTANEO 8158 LUXCAR,2020-11-18 14:51:43,2020-11,03.656.804/0015-37,UN,1.0,49.9,49.9,True
c558dd88ff2e36ae,PURIF AR AUTO 60ML MACA TRAD GT2000 CAR FRESH DOML,2020-11-18 14:51:43,2020-11,03.656.804/0015-37,UN,1.0,5.9,98.33333333333334,True
05c2662a296bfe89,MOSQUETAO C/TRAVA  6X60MM ENC 2PC VONDER,2020-11-18 14:51:43,2020-11,03.656.804/0015-37,PC,1.0,13.49,13.49,True
3de9099ff4c4159c,CHA LEAO ICE TEA 1L LIMAO PET,2020-11-16 18:20:41,2020-11,08.189.400/0001-07,UN,1.0,5.99,5.99,True
1d053ee3577c930a,"CHA MATTE LEAO 1,5L NATURAL",2020-11-16 18:20:41,2020-11,08.189.400/0001-07,UN,1.0,7.49,4.993333333333333,True
74492162f11c4cba,REFRIGERANTE COCA-COLA 250ML PET,2020-11-16 18:20:41,2020-11,08.189.400/0001-07,UN,5.0,1.75,7.0,True
f7a1188a8bbe9715,BEB.LACTEA NESTLE NESTON 850G,2020-11-16 18:20:41,2020-11,08.189.400/0001-07,UN,1.0,10.83,12.741176470588236,True
532bacd6f3fefc2b,IOG.NESTLE NINHO 850G MACA E BANANA,2020-11-16 18:20:41,2020-11,08.189.400/0001-07,UN,1.0,11.44,13.458823529411765,True
0d3fa1499441820a,REQUEIJAO DANONE 200G CR.TRADICIONAL,2020-11-16 18:20:41,2020-11,08.189.400/0001-07,UN,1.0,6.25,31.25,True
0d3fa1499441820a,REQUEIJAO DANONE 200G CR.TRADICIONAL,2020-11-16 18:20:41,2020-11,08.189.400/0001-07,UN,1.0,6.25,31.25,True
b3ad7e82de3ce147,LTE.FERM.YAKULT 480G,2020-11-16 18:20:41,2020-11,08.189.400/0001-07,UN,2.0,9.25,19.270833333333336,True
b2fdfcc7c06e4438,AGUA TONICA SCHWEPPES 350ML LATA,2020-11-16 18:20:41,2020-11,08.189.400/0001-07,UN,1.0,2.99,8.542857142857144,True
b2fdfcc7c06e4438,AGUA TONICA SCHWEPPES 350ML LATA,2020-11-16 18:20:41,2020-11,08.189.400/0001-07,UN,1.0,2.99,8.542857142857144,True
b2fdfcc7c06e4438,AGUA TONICA SCHWEPPES 350ML LATA,2020-11-16 18:20:41,2020-11,08.189.400/0001-07,UN,1.0,2.99,8.542857142857144,True
b3ad7e82de3ce147,LTE.FERM.YAKULT 480G,2020-11-16 18:20:41,2020-11,08.189.400/0001-07,UN,2.0,9.25,19.270833333333336,True
79c5e503193af765,QUEIJO ILPLA COALHO NATURAL KG,2020-11-16 18:20:41,2020-11,08.189.400/0001-07,UN,0.366,35.88,35.88,True
6e1b0c3e2aa6e177,ACHOC.LIQ.TODDYNHO 200ML TRADICIONAL,2020-11-16 18:20:41,2020-11,08.189.400/0001-07,UN,1.0,1.59,7.95,True
6e1b0c3e2aa6e177,ACHOC.LIQ.TODDYNHO 200ML TRADICIONAL,2020-11-16 18:20:41,2020-11,08.189.400/0001-07,UN,1.0,1.59,7.95,True
6e1b0c3e2aa6e177,ACHOC.LIQ.TODDYNHO 200ML TRADICIONAL,2020-11-16 18:20:41,2020-11,08.189.400/0001-07,UN,1.0,1.59,7.95,True
6e1b0c3e2aa6e177,ACHOC.LIQ.TODDYNHO 200ML TRADICIONAL,2020-11-16 18:20:41,2020-11,08.189.400/0001-07,UN,1.0,1.59,7.95,True
6e1b0c3e2aa6e177,ACHOC.LIQ.TODDYNHO 200ML TRADICIONAL,2020-11-16 18:20:41,2020-11,08.189.400/0001-07,UN,1.0,1.59,7.95,True
6e1b0c3e2aa6e177,ACHOC.LIQ.TODDYNHO 200ML TRADICIONAL,2020-11-16 18:20:41,2020-11,08.189.400/0001-07,UN,1.0,1.59,7.95,True
0aaf8a13142f0162,CHOC.SNICKERS 45G,2020-11-16 18:20:41,2020-11,08.189.400/0001-07,UN,4.0,2.56,56.88888888888889,True
2d801f35a808f81b,"BISC.NESTLE KIT KAT 41,5G AO LEITE",2020-11-16 18:20:41,2020-11,08.189.400/0001-07,UN,4.0,2.68,64.57831325301206,True
9f204493a92defb3,"BISC.NESTLE KIT KAT 41,5G WHITE",2020-11-16 18:20:41,2020-11,08.189.400/0001-07,UN,3.0,2.68,64.57831325301206,True
b5e428a1fab7356b,"BISC.NESTLE KIT KAT 41,5G DARK",2020-11-16 18:20:41,2020-11,08.189.400/0001-07,UN,3.0,2.68,64.57831325301206,True
ede1226d80301690,SALG.DORITOS 84G QUEIJO NACHO,2020-11-16 18:20:41,2020-11,08.189.400/0001-07,UN,1.0,5.47,65.1190476190476,True
6dfe9fbd923ea1a9,SALG.BACONZITOS 55G,2020-11-16 18:20:41,2020-11,08.189.400/0001-07,UN,1.0,5.18,94.18181818181816,True
ede1226d80301690,SALG.DORITOS 84G QUEIJO NACHO,2020-11-16 18:20:41,2020-11,08.189.400/0001-07,UN,1.0,5.47,65.1190476190476,True
6dfe9fbd923ea1a9,SALG.BACONZITOS 55G,2020-11-16 18:20:41,2020-11,08.189.400/0001-07,UN,1.0,5.18,94.18181818181816,True
ede1226d80301690,SALG.DORITOS 84G QUEIJO NACHO,2020-11-16 18:20:41,2020-11,08.189.400/0001-07,UN,1.0,5.47,65.1190476190476,True
6dfe9fbd923ea1a9,SALG.BACONZITOS 55G,2020-11-16 18:20:41,2020-11,08.189.400/0001-07,UN,1.0,5.18,94.18181818181816,True
9238d8bcc351e152,BISC.VITARELLA MAIZENA 400G TRADICIONAL,2020-11-16 18:20:41,2020-11,08.189.400/0001-07,UN,1.0,4.25,10.625,True
313b23e4b3a09fef,BISC.MARILAN CREAM CRACKER 400G ESPECIAL,2020-11-16 18:20:41,2020-11,08.189.400/0001-07,UN,1.0,3.45,8.625,True
313b23e4b3a09fef,BISC.MARILAN CREAM CRACKER 400G ESPECIAL,2020-11-16 18:20:41,2020-11,08.189.400/0001-07,UN,1.0,3.45,8.625,True
e15e54a7ac22b451,ALCAPARRAS CEPERA 65GR,2020-11-16 18:20:41,2020-11,08.189.400/0001-07,UN,1.0,10.55,10.55,True
92af8efe8cb68c1d,MOLHO DE PIMENTA MARATA 150ML GOTA,2020-11-16 18:20:41,2020-11,08.189.400/0001-07,UN,1.0,1.75,11.666666666666668,True
f2070c151875c357,AZEITONA LA VIOLETERA 130G CPIM.JALAPENO VD,2020-11-16 18:20:41,2020-11,08.189.400/0001-07,UN,1.0,11.6,89.23076923076923,True
59e168ab8f45f8d8,MOLHO INGLES CEPERA 150ML,2020-11-16 18:20:41,2020-11,08.189.400/0001-07,UN,1.0,3.32,22.133333333333333,True
59e168ab8f45f8d8,MOLHO INGLES CEPERA 150ML,2020-11-16 18:20:41,2020-11,08.189.400/0001-07,UN,1.0,3.32,22.133333333333333,True
a9d64b0e17c25e0c,AZEITONA LA VIOLETERA 130G VDE CANCHOVA,2020-11-16 18:20:41,2020-11,08.189.400/0001-07,UN,1.0,11.6,89.23076923076923,True
e15e54a7ac22b451,ALCAPARRAS CEPERA 65GR,2020-11-16 18:20:41,2020-11,08.189.400/0001-07,UN,1.0,10.55,10.55,True
d2132736fda2a0cd,MOLHO DE TOMATE HEMMER 680G PASSATA,2020-11-16 18:20:41,2020-11,08.189.400/0001-07,UN,1.0,10.98,16.14705882352941,True
d2132736fda2a0cd,MOLHO DE TOMATE HEMMER 680G PASSATA,2020-11-16 18:20:41,2020-11,08.189.400/0001-07,UN,1.0,10.98,16.14705882352941,True
6e274310c223526b,TAFF MAN-EX 110ML UND,2020-11-16 18:20:41,2020-11,08.189.400/0001-07,UN,1.0,18.6,169.0909090909091,True
6e274310c223526b,TAFF MAN-EX 110ML UND,2020-11-16 18:20:41,2020-11,08.189.400/0001-07,UN,1.0,18.6,169.0909090909091,True
d2132736fda2a0cd,MOLHO DE TOMATE HEMMER 680G PASSATA,2020-11-16 18:20:41,2020-11,08.189.400/0001-07,UN,1.0,10.98,16.14705882352941,True
5535a31a57a0061a,FIGADO BOM TODO 1KG,2020-11-16 18:20:41,2020-11,08.189.400/0001-07,UN,1.0,8.35,8.35,True
5535a31a57a0061a,FIGADO BOM TODO 1KG,2020-11-16 18:20:41,2020-11,08.189.400/0001-07,UN,1.0,8.35,8.35,True
534da142d9315b0e,KIWI SUNGOLD EMB.440G,2020-11-16 18:20:41,2020-11,08.189.400/0001-07,UN,1.0,15.98,36.31818181818182,True
8fe817c8b77a05c9,DET.PO TIXAN PRIMAVERA 2KG,2020-11-16 18:20:41,2020-11,08.189.400/0001-07,UN,1.0,14.5,7.25,True
fc1e3b4498a58d4c,LIMAO TAITI KG,2020-11-16 18:20:41,2020-11,08.189.400/0001-07,KG,1.09,4.69,4.69,True
111e7daa25bd9798,DESOD.AERO.REXONA NOW UNITED 150ML90G,2020-11-16 18:20:41,2020-11,08.189.400/0001-07,UN,1.0,11.99,133.22222222222223,True
111e7daa25bd9798,DESOD.AERO.REXONA NOW UNITED 150ML90G,2020-11-16 18:20:41,2020-11,08.189.400/0001-07,UN,1.0,11.99,133.22222222222223,True
41f8f5d7593468f8,DESOD.AERO.REXONA STAY FRESH POMELO E VERBENA 150M,2020-11-16 18:20:41,2020-11,08.189.400/0001-07,UN,1.0,11.99,11.99,True
1b40a7fd4f6d47a8,DESOD.AERO.REXONA BAMBOO E ALOE VERA 150ML90G,2020-11-16 18:20:41,2020-11,08.189.400/0001-07,UN,1.0,11.99,133.22222222222223,True
92af8efe8cb68c1d,MOLHO DE PIMENTA MARATA 150ML GOTA,2020-11-16 18:20:41,2020-11,08.189.400/0001-07,UN,1.0,1.75,11.666666666666668,True
086ce23f1af2d5a0,SABONETE REXONA 84G SPORT MEN,2020-11-16 18:20:41,2020-11,08.189.400/0001-07,UN,1.0,1.59,18.928571428571427,True
6d27e57736b034e7,SABONETE REXONA 84G ANTIBACTERIAL FRESH,2020-11-16 18:20:41,2020-11,08.189.400/0001-07,UN,1.0,1.59,18.928571428571427,True
138d103e66b41c65,SABONETE REXONA 84G ACQUA FRESH,2020-11-16 18:20:41,2020-11,08.189.400/0001-07,UN,1.0,1.59,18.928571428571427,True
138d103e66b41c65,SABONETE REXONA 84G ACQUA FRESH,2020-11-16 18:20:41,2020-11,08.189.400/0001-07,UN,1.0,1.59,18.928571428571427,True
086ce23f1af2d5a0,SABONETE REXONA 84G SPORT MEN,2020-11-16 18:20:41,2020-11,08.189.400/0001-07,UN,1.0,1.59,18.928571428571427,True
6d27e57736b034e7,SABONETE REXONA 84G ANTIBACTERIAL FRESH,2020-11-16 18:20:41,2020-11,08.189.400/0001-07,UN,1.0,1.59,18.928571428571427,True
b5c59d1e28ebb8f0,SABONETE REXONA 84G ORCHID FRESH,2020-11-16 18:20:41,2020-11,08.189.400/0001-07,UN,1.0,1.59,18.928571428571427,True
9c73a677d9ff228e,ESPONJA YPE MULTIUSO LV4 PG3,2020-11-16 18:20:41,2020-11,08.189.400/0001-07,UN,1.0,3.98,3.98,True
77fce221c1a270fb,SACO PLIXO STA.MARIA 100L C5UN,2020-11-16 18:20:41,2020-11,08.189.400/0001-07,UN,1.0,4.6,0.046,True
77fce221c1a270fb,SACO PLIXO STA.MARIA 100L C5UN,2020-11-16 18:20:41,2020-11,08.189.400/0001-07,UN,1.0,4.6,0.046,True
7b4cc1e49059d1db,SACO PLIXO STA.MARIA 50L C10UN,2020-11-16 18:20:41,2020-11,08.189.400/0001-07,UN,1.0,4.6,0.092,True
7b4cc1e49059d1db,SACO PLIXO STA.MARIA 50L C10UN,2020-11-16 18:20:41,2020-11,08.189.400/0001-07,UN,1.0,4.6,0.092,True
20cd32135554b327,OVOS SOUZA BRANCOS C30 GRANDE,2020-11-16 18:20:41,2020-11,08.189.400/0001-07,UN,1.0,11.3,11.3,True
7c10874e0864b0cf,DESOD.AERO.AXE APOLLO 150ML96G,2020-11-16 18:20:41,2020-11,08.189.400/0001-07,UN,1.0,10.59,110.3125,True
7c10874e0864b0cf,DESOD.AERO.AXE APOLLO 150ML96G,2020-11-16 18:20:41,2020-11,08.189.400/0001-07,UN,1.0,10.59,110.3125,True
7c10874e0864b0cf,DESOD.AERO.AXE APOLLO 150ML96G,2020-11-16 18:20:41,2020-11,08.189.400/0001-07,UN,1.0,10.59,110.3125,True
200149605326588d,DESOD.AERO.AXE SIGNATURE 152ML90G ANTI-BAC.PROTEC,2020-11-16 18:20:41,2020-11,08.189.400/0001-07,UN,1.0,10.59,117.66666666666669,True
738d9d8828513504,TALCO PPES BARUEL TENYS PE CANFORADO 100G,2020-11-16 18:20:41,2020-11,08.189.400/0001-07,UN,1.0,7.36,73.6,True
4468d7c590e56980,DET.LIQ.INVICTO 500ML NEUTRO,2020-11-16 18:20:41,2020-11,08.189.400/0001-07,UN,1.0,1.65,3.3,True
4468d7c590e56980,DET.LIQ.INVICTO 500ML NEUTRO,2020-11-16 18:20:41,2020-11,08.189.400/0001-07,UN,1.0,1.65,3.3,True
9b9a16a9ec45d02f,TIRA MANCHA VANISH PO 450GR,2020-11-16 18:20:41,2020-11,08.189.400/0001-07,UN,1.0,22.97,22.97,True
0b3498d39a4cc444,INSETICIDA SBP AERO LV MAIS PG MENOS 450ML EUCALIP,2020-11-16 18:20:41,2020-11,08.189.400/0001-07,UN,1.0,9.4,20.88888888888889,True
0b3498d39a4cc444,INSETICIDA SBP AERO LV MAIS PG MENOS 450ML EUCALIP,2020-11-16 18:20:41,2020-11,08.189.400/0001-07,UN,1.0,9.4,20.88888888888889,True
f610f986548e1c8d,CR.DENTAL COLGATE 90G TRIPLA ACAO HORTELA,2020-11-16 18:20:41,2020-11,08.189.400/0001-07,UN,1.0,3.48,38.66666666666667,True
f610f986548e1c8d,CR.DENTAL COLGATE 90G TRIPLA ACAO HORTELA,2020-11-16 18:20:41,2020-11,08.189.400/0001-07,UN,1.0,3.48,38.66666666666667,True
fdefb1b4d47cf358,NAFTALINA EM BOLA SANLAR 50G,2020-11-16 18:20:41,2020-11,08.189.400/0001-07,UN,2.0,1.49,29.8,True
d2ad1b8d3aaa9463,REPELENTE OFF FAMILY LOCAO 200ML,2020-11-16 18:20:41,2020-11,08.189.400/0001-07,UN,1.0,23.89,119.45,True
13712b2fa80867df,INSET.MORTEIN ISCA MATA BARATAS C6 PROT.PROLONGAD,2020-11-16 18:20:41,2020-11,08.189.400/0001-07,UN,1.0,20.38,20.38,True
160665e0c2b9a09b,LIMPA VIDROS BRILUX CRISTALINO REFIL 500ML,2020-11-16 18:20:41,2020-11,08.189.400/0001-07,UN,1.0,7.82,15.64,True
73991eded9c0045b,AROMATIZANTE KIN LIMP 100ML CITRONELA,2020-11-16 18:20:41,2020-11,08.189.400/0001-07,UN,1.0,7.25,72.5,True
73991eded9c0045b,AROMATIZANTE KIN LIMP 100ML CITRONELA,2020-11-16 18:20:41,2020-11,08.189.400/0001-07,UN,1.0,7.25,72.5,True
37f9d67e235af69c,"PAPEL ALUMINIO ROLLPACK 7,5MX30CM",2020-11-16 18:20:41,2020-11,08.189.400/0001-07,UN,1.0,3.67,3.67,True
285c852f1ea38626,FILME PVC CONSERVBEM 30X28CM,2020-11-16 18:20:41,2020-11,08.189.400/0001-07,UN,1.0,5.48,5.48,True
c3e3f383a0308a87,PULVERIZADOR IGUAL REF 5785,2020-11-16 18:20:41,2020-11,08.189.400/0001-07,UN,1.0,14.7,14.7,True
0184d700cb4549c6,AMAC.DOWNY CONC.1L PASSION,2020-11-16 18:20:41,2020-11,08.189.400/0001-07,UN,1.0,18.55,18.55,True
9f625ffd9ae756c3,CERVEJA HEINEKEN LATA 350ML,2020-11-16 18:20:41,2020-11,08.189.400/0001-07,UN,14.0,4.49,12.82857142857143,True
8b3f4eb40e3593e3,PAPEL HIG.PERSONAL F.DUPLA NEUTRO L12 P11 30MT,2020-11-16 18:20:41,2020-11,08.189.400/0001-07,UN,1.0,14.35,14.35,True
5a44c097a6e02e1d,TOALHA DE PAPEL SCALA BRANCO F.DUPLA C2,2020-11-16 18:20:41,2020-11,08.189.400/0001-07,UN,1.0,4.2,4.2,True
ad543666cd611738,CABO H.REBOS LIGHTNING 1M (),2020-11-16 11:48:14,2020-11,22.371.898/0001-47,UN,1.0,60.0,60.0,True
7614014816e2bd6a,MOUSSE DE CHOCOLATE,2020-11-13 14:55:56,2020-11,21.346.387/0001-02,und,1.0,8.0,8.0,True
b24aacc57e640cbc,BROWNIE,2020-11-13 14:55:56,2020-11,21.346.387/0001-02,und,1.0,9.5,9.5,True
6b3c02a1ec43df6b,REFRIGERANTE LATA,2020-11-13 14:55:56,2020-11,21.346.387/0001-02,und,1.0,5.0,5.0,True
982d9beaf265d038,ADEGUITO,2020-11-13 14:55:56,2020-11,21.346.387/0001-02,und,1.0,29.99,29.99,True
ea9e0d0fb7353c3c,TAXA DE ENTREGA,2020-11-13 14:55:56,2020-11,21.346.387/0001-02,und,1.0,9.8,9.8,True
b24aacc57e640cbc,BROWNIE,2020-11-11 14:28:17,2020-11,21.346.387/0001-02,und,2.0,9.5,9.5,True
6b3c02a1ec43df6b,REFRIGERANTE LATA,2020-11-11 14:28:17,2020-11,21.346.387/0001-02,und,1.0,5.0,5.0,True
f4afbb1eb2d3daac,MEATBALLS,2020-11-11 14:28:17,2020-11,21.346.387/0001-02,und,1.0,26.99,26.99,True
7614014816e2bd6a,MOUSSE DE CHOCOLATE,2020-11-06 14:09:16,2020-11,21.346.387/0001-02,und,1.0,8.0,8.0,True
b24aacc57e640cbc,BROWNIE,2020-11-06 14:09:16,2020-11,21.346.387/0001-02,und,1.0,9.5,9.5,True
6b3c02a1ec43df6b,REFRIGERANTE LATA,2020-11-06 14:09:16,2020-11,21.346.387/0001-02,und,1.0,5.0,5.0,True
dd1978c0d976bd3d,PEIXE A FIORI,2020-11-06 14:09:16,2020-11,21.346.387/0001-02,und,1.0,20.99,20.99,True
ea9e0d0fb7353c3c,TAXA DE ENTREGA,2020-11-06 14:09:16,2020-11,21.346.387/0001-02,und,1.0,9.8,9.8,True
b24aacc57e640cbc,BROWNIE,2020-11-05 14:25:06,2020-11,21.346.387/0001-02,und,2.0,9.5,9.5,True
6b3c02a1ec43df6b,REFRIGERANTE LATA,2020-11-05 14:25:06,2020-11,21.346.387/0001-02,und,1.0,5.0,5.0,True
f4afbb1eb2d3daac,MEATBALLS,2020-11-05 14:25:06,2020-11,21.346.387/0001-02,und,1.0,19.99,19.99,True
ea9e0d0fb7353c3c,TAXA DE ENTREGA,2020-11-05 14:25:06,2020-11,21.346.387/0001-02,und,1.0,9.8,9.8,True
7614014816e2bd6a,MOUSSE DE CHOCOLATE,2020-11-03 15:29:15,2020-11,21.346.387/0001-02,und,2.0,8.0,8.0,True
6b3c02a1ec43df6b,REFRIGERANTE LATA,2020-11-03 15:29:15,2020-11,21.346.387/0001-02,und,1.0,5.0,5.0,True
f4afbb1eb2d3daac,MEATBALLS,2020-11-03 15:29:15,2020-11,21.346.387/0001-02,und,1.0,19.99,19.99,True
ea9e0d0fb7353c3c,TAXA DE ENTREGA,2020-11-03 15:29:15,2020-11,21.346.387/0001-02,und,1.0,9.8,9.8,True
9a4ff93c9c2cb4aa,CETOC+DIP BET+S NEOM POM 30G G-MED,2020-11-01 08:48:55,2020-11,06.626.253/0260-37,UN,1.0,31.38,1046.0,True
f04ec968cf1481db,MELAGRIAO LARANJA SPRAY 30ML,2020-11-01 08:48:55,2020-11,06.626.253/0260-37,UN,1.0,18.37,612.3333333333334,True
4a87052354869c7c,PROPOGIBRE NECTAR FL SPRAY 35ML,2020-11-01 08:48:55,2020-11,06.626.253/0260-37,FR,1.0,11.44,326.85714285714283,True
8bcf0caa4dec7823,ENX AGUA RABELO C/ROMA 250ML,2020-11-01 08:48:55,2020-11,06.626.253/0260-37,UN,1.0,19.2,76.8,True
eaeeb8882e4ba7e1,SALGADOS FRITOS LITORAL KG,2020-10-05 11:42:13,2020-10,08.189.400/0001-07,UN,0.114,37.9,37.9,True
69c14aecdab175be,SUCO NATURAL ONE 900ML INTEGRAL UVA,2020-10-05 11:42:13,2020-10,08.189.400/0001-07,UN,1.0,10.79,11.988888888888887,True
2c1e4eef3aa9d7e8,CAPSULA TRES 80G CAFE ESPRESSO ATENO C10,2020-10-05 11:42:13,2020-10,08.189.400/0001-07,UN,2.0,13.98,174.75,True
02b6c4d997149494,CAPSULA TRES 80G CAFE ESPRESSO VIBRANTE C10,2020-10-05 11:42:13,2020-10,08.189.400/0001-07,UN,1.0,13.98,174.75,True
1ee39eb1721d6ea5,CAPSULA TRES 80G REGIOES MUNDO SUMATRA,2020-10-05 11:42:13,2020-10,08.189.400/0001-07,UN,2.0,15.99,199.875,True
85a13034e0a9ec4a,CAPSULA TRES 80G REGIOES MUNDO ETIOPIA,2020-10-05 11:42:13,2020-10,08.189.400/0001-07,UN,1.0,15.99,199.875,True
172f48eb0f319f02,CAPSULA TRES 80G REGIOES MUNDO TANZANIA,2020-10-05 11:42:13,2020-10,08.189.400/0001-07,UN,1.0,15.99,199.875,True
5e03bbd0a48a7ae6,CERVEJA IMPERIO LAGER 275ML LN,2020-10-05 11:42:13,2020-10,08.189.400/0001-07,UN,2.0,3.98,14.47272727272727,True
74492162f11c4cba,REFRIGERANTE COCA-COLA 250ML PET,2020-10-05 11:42:13,2020-10,08.189.400/0001-07,UN,1.0,1.75,7.0,True
ae7f2c9b2bf8516a,CERVEJA IMPERIO GOLD 210ML LN,2020-10-05 11:42:13,2020-10,08.189.400/0001-07,UN,6.0,3.28,15.61904761904762,True
16edd20fdf451d9b,GATORADE 500ML MORANGOMARACUJA,2020-10-05 11:42:13,2020-10,08.189.400/0001-07,UN,2.0,4.89,9.78,True
6e274310c223526b,TAFF MAN-EX 110ML UND,2020-10-05 11:42:13,2020-10,08.189.400/0001-07,UN,1.0,18.6,169.0909090909091,True
222f6b951683b2bc,GATORADE 500ML MARACUJA,2020-10-05 11:42:13,2020-10,08.189.400/0001-07,UN,2.0,4.89,9.78,True
74492162f11c4cba,REFRIGERANTE COCA-COLA 250ML PET,2020-10-05 11:42:13,2020-10,08.189.400/0001-07,UN,2.0,1.75,7.0,True
5e03bbd0a48a7ae6,CERVEJA IMPERIO LAGER 275ML LN,2020-10-05 11:42:13,2020-10,08.189.400/0001-07,UN,2.0,3.98,14.47272727272727,True
710ce9b0f29ff191,MOLHO DE TOMATE MASTROIANI 680G PASSATA VIDRO,2020-10-05 11:42:13,2020-10,08.189.400/0001-07,UN,4.0,12.3,18.08823529411765,True
b3ad7e82de3ce147,LTE.FERM.YAKULT 480G,2020-10-05 11:42:13,2020-10,08.189.400/0001-07,UN,3.0,9.25,19.270833333333336,True
2768ff579d3bda08,TAFF MAN-EX 110ML UND,2020-10-05 11:42:13,2020-10,08.189.400/0001-07,UN,2.0,3.1,28.181818181818183,True
79c5e503193af765,QUEIJO ILPLA COALHO NATURAL KG,2020-10-05 11:42:13,2020-10,08.189.400/0001-07,UN,0.31,33.89,33.89,True
232958f27266dae5,PAO DE QUEIJO FORNO MINAS 400G TRADICIONAL,2020-10-05 11:42:13,2020-10,08.189.400/0001-07,UN,2.0,14.67,36.675,True
04eaba2925c53768,PAO DE QUEIJO CATUPIRY 390G CCATUPIRY,2020-10-05 11:42:13,2020-10,08.189.400/0001-07,UN,1.0,14.97,38.38461538461539,True
cb9e4612967dba28,MORTADELA SADIA 200G DEFUMADA,2020-10-05 11:42:13,2020-10,08.189.400/0001-07,UN,1.0,6.65,33.25,True
f7a1188a8bbe9715,BEB.LACTEA NESTLE NESTON 850G,2020-10-05 11:42:13,2020-10,08.189.400/0001-07,UN,1.0,10.83,12.741176470588236,True
b2fdfcc7c06e4438,AGUA TONICA SCHWEPPES 350ML LATA,2020-10-05 11:42:13,2020-10,08.189.400/0001-07,UN,1.0,2.99,8.542857142857144,True
b2fdfcc7c06e4438,AGUA TONICA SCHWEPPES 350ML LATA,2020-10-05 11:42:13,2020-10,08.189.400/0001-07,UN,1.0,2.99,8.542857142857144,True
d5e4e75ee4ff0d8b,LOURO GOMES 10G,2020-10-05 11:42:13,2020-10,08.189.400/0001-07,UN,1.0,1.12,112.0,True
d5e4e75ee4ff0d8b,LOURO GOMES 10G,2020-10-05 11:42:13,2020-10,08.189.400/0001-07,UN,1.0,1.12,112.0,True
d5e4e75ee4ff0d8b,LOURO GOMES 10G,2020-10-05 11:42:13,2020-10,08.189.400/0001-07,UN,1.0,1.12,112.0,True
d5e4e75ee4ff0d8b,LOURO GOMES 10G,2020-10-05 11:42:13,2020-10,08.189.400/0001-07,UN,1.0,1.12,112.0,True
18b4eafb919ae266,SALG.PINGO D OURO 130G BACON,2020-10-05 11:42:13,2020-10,08.189.400/0001-07,UN,1.0,5.18,39.84615384615384,True
18b4eafb919ae266,SALG.PINGO D OURO 130G BACON,2020-10-05 11:42:13,2020-10,08.189.400/0001-07,UN,1.0,5.18,39.84615384615384,True
42efb3ce16a84b40,ARROZ TIO JOAO 1KG PARBOLIZADO,2020-10-05 11:42:13,2020-10,08.189.400/0001-07,UN,1.0,4.72,4.72,True
fc1e3b4498a58d4c,LIMAO TAITI KG,2020-10-05 11:42:13,2020-10,08.189.400/0001-07,KG,1.075,6.9,6.9,True
0d3fa1499441820a,REQUEIJAO DANONE 200G CR.TRADICIONAL,2020-10-05 11:42:13,2020-10,08.189.400/0001-07,UN,1.0,6.55,32.75,True
534da142d9315b0e,KIWI SUNGOLD EMB.440G,2020-10-05 11:42:13,2020-10,08.189.400/0001-07,UN,1.0,15.98,36.31818181818182,True
91358cd76e97a138,CANJICA ELSHADAY 220G NATURAL UN,2020-10-05 11:42:13,2020-10,08.189.400/0001-07,UN,2.0,4.69,21.31818181818182,True
5535a31a57a0061a,FIGADO BOM TODO 1KG,2020-10-05 11:42:13,2020-10,08.189.400/0001-07,UN,1.0,7.68,7.68,True
32199f91cf0c8e89,BISC.MARILAN CREAM CRACKER 420G INTEGRAL,2020-10-05 11:42:13,2020-10,08.189.400/0001-07,UN,1.0,4.68,11.142857142857142,True
9238d8bcc351e152,BISC.VITARELLA MAIZENA 400G TRADICIONAL,2020-10-05 11:42:13,2020-10,08.189.400/0001-07,UN,1.0,4.25,10.625,True
6dfe9fbd923ea1a9,SALG.BACONZITOS 55G,2020-10-05 11:42:13,2020-10,08.189.400/0001-07,UN,1.0,5.18,94.18181818181816,True
6dfe9fbd923ea1a9,SALG.BACONZITOS 55G,2020-10-05 11:42:13,2020-10,08.189.400/0001-07,UN,1.0,5.18,94.18181818181816,True
c2139aed1d60eec5,GOMA MASCAR MENTOS PURE 92G WINTERGREEN C46,2020-10-05 11:42:13,2020-10,08.189.400/0001-07,UN,1.0,14.68,159.56521739130434,True
b3ae3eb2ec76dbf0,SALG.DORITOS 55G QUEIJO NACHO,2020-10-05 11:42:13,2020-10,08.189.400/0001-07,UN,1.0,3.98,72.36363636363636,True
b3ae3eb2ec76dbf0,SALG.DORITOS 55G QUEIJO NACHO,2020-10-05 11:42:13,2020-10,08.189.400/0001-07,UN,1.0,3.98,72.36363636363636,True
59e168ab8f45f8d8,MOLHO INGLES CEPERA 150ML,2020-10-05 11:42:13,2020-10,08.189.400/0001-07,UN,1.0,3.32,22.133333333333333,True
59e168ab8f45f8d8,MOLHO INGLES CEPERA 150ML,2020-10-05 11:42:13,2020-10,08.189.400/0001-07,UN,1.0,3.32,22.133333333333333,True
6e797bd05a07b6d9,CHOC.TOBLERONE100G MILK,2020-10-05 11:42:13,2020-10,08.189.400/0001-07,UN,1.0,10.98,109.8,True
9f204493a92defb3,"BISC.NESTLE KIT KAT 41,5G WHITE",2020-10-05 11:42:13,2020-10,08.189.400/0001-07,UN,3.0,2.68,64.57831325301206,True
2d801f35a808f81b,"BISC.NESTLE KIT KAT 41,5G AO LEITE",2020-10-05 11:42:13,2020-10,08.189.400/0001-07,UN,4.0,2.68,64.57831325301206,True
0aaf8a13142f0162,CHOC.SNICKERS 45G,2020-10-05 11:42:13,2020-10,08.189.400/0001-07,UN,3.0,2.56,56.88888888888889,True
9f204493a92defb3,"BISC.NESTLE KIT KAT 41,5G WHITE",2020-10-05 11:42:13,2020-10,08.189.400/0001-07,UN,1.0,2.68,64.57831325301206,True
77fce221c1a270fb,SACO PLIXO STA.MARIA 100L C5UN,2020-10-05 11:42:13,2020-10,08.189.400/0001-07,UN,2.0,4.34,0.0434,True
c48b5216d0546775,ACUCAR MAE TERRA 400G MASCAVO,2020-10-05 11:42:13,2020-10,08.189.400/0001-07,UN,1.0,5.99,14.975,True
77fce221c1a270fb,SACO PLIXO STA.MARIA 100L C5UN,2020-10-05 11:42:13,2020-10,08.189.400/0001-07,UN,2.0,4.34,0.0434,True
1d8aa97405d2b169,SAND.RIDER STREET AD PRETOCINZA RED20743,2020-10-05 11:42:13,2020-10,08.189.400/0001-07,UN,1.0,22.5,22.5,True
0503c2fa5dc5f5e8,DET.PO INVICTO 1KG SUPERACAO,2020-10-05 11:42:13,2020-10,08.189.400/0001-07,UN,1.0,7.25,7.25,True
0503c2fa5dc5f5e8,DET.PO INVICTO 1KG SUPERACAO,2020-10-05 11:42:13,2020-10,08.189.400/0001-07,UN,1.0,7.25,7.25,True
1655d4855259d5c8,FORMA PGELO EURO SILICONE REFSIL3062-VM,2020-10-05 11:42:13,2020-10,08.189.400/0001-07,UN,1.0,22.63,22.63,True
7a78422c88e0ffc1,DESODORANTE AEROSOL AXE BLACK 150ML96G.,2020-10-05 11:42:13,2020-10,08.189.400/0001-07,UN,1.0,10.59,110.3125,True
7c10874e0864b0cf,DESOD.AERO.AXE APOLLO 150ML96G,2020-10-05 11:42:13,2020-10,08.189.400/0001-07,UN,1.0,10.59,110.3125,True
d87ce60927775bf6,DESOD.AERO.AXE SECO PEACE 152ML90G,2020-10-05 11:42:13,2020-10,08.189.400/0001-07,UN,1.0,10.59,117.66666666666669,True
3725f0a320d4204e,TOALHA DE PAPEL MILI C2.,2020-10-05 11:42:13,2020-10,08.189.400/0001-07,UN,1.0,3.99,3.99,True
3725f0a320d4204e,TOALHA DE PAPEL MILI C2.,2020-10-05 11:42:13,2020-10,08.189.400/0001-07,UN,1.0,3.99,3.99,True
6c01760878f447f7,DESOD.AERO.REXONA FRUTAS VERMELHAS 150ML90G,2020-10-05 11:42:13,2020-10,08.189.400/0001-07,UN,1.0,11.99,133.22222222222223,True
b949166d088a3524,DESOD.AERO.NIVEA FEM INVISIBLE BW TQ SEDA 150ML8,2020-10-05 11:42:13,2020-10,08.189.400/0001-07,UN,1.0,9.45,9.45,True
7c10874e0864b0cf,DESOD.AERO.AXE APOLLO 150ML96G,2020-10-05 11:42:13,2020-10,08.189.400/0001-07,UN,1.0,10.59,110.3125,True
8b3f4eb40e3593e3,PAPEL HIG.PERSONAL F.DUPLA NEUTRO L12 P11 30MT,2020-10-05 11:42:13,2020-10,08.189.400/0001-07,UN,1.0,14.35,14.35,True
d2ad1b8d3aaa9463,REPELENTE OFF FAMILY LOCAO 200ML,2020-10-05 11:42:13,2020-10,08.189.400/0001-07,UN,1.0,23.89,119.45,True
d2ad1b8d3aaa9463,REPELENTE OFF FAMILY LOCAO 200ML,2020-10-05 11:42:13,2020-10,08.189.400/0001-07,UN,1.0,23.89,119.45,True
94d9344c976a4a2c,DET.LIQ.YPE 500ML NEUTRO,2020-10-05 11:42:13,2020-10,08.189.400/0001-07,UN,1.0,1.96,3.92,True
94d9344c976a4a2c,DET.LIQ.YPE 500ML NEUTRO,2020-10-05 11:42:13,2020-10,08.189.400/0001-07,UN,1.0,1.96,3.92,True
18606cb93a283997,FERTILIZANTE FOLIAR NUTRIVERDE C GAT.500ML,2020-10-05 11:42:13,2020-10,08.189.400/0001-07,UN,1.0,19.79,39.58,True
2a5385cb9f40872a,RACAO PEDIGREE BISCROK 300G JUNIOR,2020-10-05 11:42:13,2020-10,08.189.400/0001-07,UN,1.0,12.25,40.833333333333336,True
7614014816e2bd6a,MOUSSE DE CHOCOLATE,2020-10-02 14:46:34,2020-10,21.346.387/0001-02,und,1.0,8.0,8.0,True
efac5111fd92bb28,REFRIGERANTE 1 LITRO,2020-10-02 14:46:34,2020-10,21.346.387/0001-02,und,1.0,7.5,7.5,True
f4afbb1eb2d3daac,MEATBALLS,2020-10-02 14:46:34,2020-10,21.346.387/0001-02,und,1.0,27.99,27.99,True
ea9e0d0fb7353c3c,TAXA DE ENTREGA,2020-10-02 14:46:34,2020-10,21.346.387/0001-02,und,1.0,9.8,9.8,True
9a9f98a744ca52a0,DV TORTA TRUFADA,2020-09-23 20:05:28,2020-09,12.289.102/0001-58,UND,2.0,22.0,22.0,True
d9203501f90c378f,FONTE COLMEIA  5A FTC1205 BIV HAYONIK,2020-09-01 09:58:08,2020-09,10.752.483/0001-34,PECA,1.0,55.0,55.0,True
7614014816e2bd6a,MOUSSE DE CHOCOLATE,2020-08-29 22:39:11,2020-08,21.346.387/0001-02,und,3.0,8.0,8.0,True
f08e055b02c8f7c9,FILE M,2020-08-29 22:39:11,2020-08,21.346.387/0001-02,und,1.0,49.0,49.0,True
ea9e0d0fb7353c3c,TAXA DE ENTREGA,2020-08-29 22:39:11,2020-08,21.346.387/0001-02,und,1.0,9.8,9.8,True
7614014816e2bd6a,MOUSSE DE CHOCOLATE,2020-08-29 22:03:30,2020-08,21.346.387/0001-02,und,3.0,8.0,8.0,True
f08e055b02c8f7c9,FILE M,2020-08-29 22:03:30,2020-08,21.346.387/0001-02,und,1.0,49.0,49.0,True
ea9e0d0fb7353c3c,TAXA DE ENTREGA,2020-08-29 22:03:30,2020-08,21.346.387/0001-02,und,1.0,9.8,9.8,True
69c14aecdab175be,SUCO NATURAL ONE 900ML INTEGRAL UVA,2020-08-13 11:43:20,2020-08,08.189.400/0001-07,UN,1.0,10.79,11.988888888888887,True
6c31ce625dc4ccf0,CAFE SANTA CLARA 250G CLASSICO ALMOFADA,2020-08-13 11:43:20,2020-08,08.189.400/0001-07,UN,1.0,3.59,14.36,True
19b4404d22d9e525,CAPSULA TRES 80G CAFE ESPRESSO SUPREMO C10,2020-08-13 11:43:20,2020-08,08.189.400/0001-07,UN,1.0,13.89,173.625,True
02b6c4d997149494,CAPSULA TRES 80G CAFE ESPRESSO VIBRANTE C10,2020-08-13 11:43:20,2020-08,08.189.400/0001-07,UN,1.0,13.89,173.625,True
19b4404d22d9e525,CAPSULA TRES 80G CAFE ESPRESSO SUPREMO C10,2020-08-13 11:43:20,2020-08,08.189.400/0001-07,UN,1.0,13.89,173.625,True
02b6c4d997149494,CAPSULA TRES 80G CAFE ESPRESSO VIBRANTE C10,2020-08-13 11:43:20,2020-08,08.189.400/0001-07,UN,1.0,13.89,173.625,True
222f6b951683b2bc,GATORADE 500ML MARACUJA,2020-08-13 11:43:20,2020-08,08.189.400/0001-07,UN,1.0,4.89,9.78,True
16edd20fdf451d9b,GATORADE 500ML MORANGOMARACUJA,2020-08-13 11:43:20,2020-08,08.189.400/0001-07,UN,1.0,4.89,9.78,True
a9d64b0e17c25e0c,AZEITONA LA VIOLETERA 130G VDE CANCHOVA,2020-08-13 11:43:20,2020-08,08.189.400/0001-07,UN,1.0,10.38,79.84615384615385,True
a9d64b0e17c25e0c,AZEITONA LA VIOLETERA 130G VDE CANCHOVA,2020-08-13 11:43:20,2020-08,08.189.400/0001-07,UN,1.0,10.38,79.84615384615385,True
3bcddeb11b446e6c,PALMITO PALMEIRON EXTRA PT 300GR,2020-08-13 11:43:20,2020-08,08.189.400/0001-07,UN,1.0,14.69,14.69,True
07db4cacc1cfe71d,SOBRECOXA BOM TODO CONG.1KG BDJ,2020-08-13 11:43:20,2020-08,08.189.400/0001-07,UN,1.0,9.65,9.65,True
38e8ecb93cef12ba,CREME DE ACAI ETHIC 250G,2020-08-13 11:43:20,2020-08,08.189.400/0001-07,UN,1.0,8.98,35.92,True
38e8ecb93cef12ba,CREME DE ACAI ETHIC 250G,2020-08-13 11:43:20,2020-08,08.189.400/0001-07,UN,1.0,8.98,35.92,True
045c792877840eed,MOLHO DE TOMATE MASTROIANI 420G PASSATA,2020-08-13 11:43:20,2020-08,08.189.400/0001-07,UN,1.0,7.47,17.785714285714285,True
8fa9a10acb0109cb,CREME DE ACAI ETHIC 900G,2020-08-13 11:43:20,2020-08,08.189.400/0001-07,UN,1.0,22.45,24.944444444444443,True
e15e54a7ac22b451,ALCAPARRAS CEPERA 65GR,2020-08-13 11:43:20,2020-08,08.189.400/0001-07,UN,1.0,9.7,9.7,True
fc1e3b4498a58d4c,LIMAO TAITI KG,2020-08-13 11:43:20,2020-08,08.189.400/0001-07,KG,1.04,5.25,5.25,True
74492162f11c4cba,REFRIGERANTE COCA-COLA 250ML PET,2020-08-13 11:43:20,2020-08,08.189.400/0001-07,UN,1.0,1.75,7.0,True
2768ff579d3bda08,TAFF MAN-EX 110ML UND,2020-08-13 11:43:20,2020-08,08.189.400/0001-07,UN,1.0,3.1,28.181818181818183,True
6e4f2e91665e5ae9,LTE.FERM.ACTIVIA 850G AVEIA,2020-08-13 11:43:20,2020-08,08.189.400/0001-07,UN,1.0,10.97,12.905882352941177,True
2768ff579d3bda08,TAFF MAN-EX 110ML UND,2020-08-13 11:43:20,2020-08,08.189.400/0001-07,UN,1.0,3.1,28.181818181818183,True
2768ff579d3bda08,TAFF MAN-EX 110ML UND,2020-08-13 11:43:20,2020-08,08.189.400/0001-07,UN,1.0,3.1,28.181818181818183,True
74492162f11c4cba,REFRIGERANTE COCA-COLA 250ML PET,2020-08-13 11:43:20,2020-08,08.189.400/0001-07,UN,1.0,1.75,7.0,True
6e274310c223526b,TAFF MAN-EX 110ML UND,2020-08-13 11:43:20,2020-08,08.189.400/0001-07,UN,1.0,18.6,169.0909090909091,True
b3ad7e82de3ce147,LTE.FERM.YAKULT 480G,2020-08-13 11:43:20,2020-08,08.189.400/0001-07,UN,2.0,9.15,19.0625,True
38345a8961931c11,AGUA TONICA ANTARCTICA 350ML ZERO ACUCAR,2020-08-13 11:43:20,2020-08,08.189.400/0001-07,UN,1.0,2.73,7.800000000000001,True
38345a8961931c11,AGUA TONICA ANTARCTICA 350ML ZERO ACUCAR,2020-08-13 11:43:20,2020-08,08.189.400/0001-07,UN,1.0,2.73,7.800000000000001,True
79c5e503193af765,QUEIJO ILPLA COALHO NATURAL KG,2020-08-13 11:43:20,2020-08,08.189.400/0001-07,UN,0.28,28.98,28.98,True
154f2ffba3f42226,REFRIG.COCA-COLA 500ML,2020-08-13 11:43:20,2020-08,08.189.400/0001-07,UN,1.0,3.49,6.98,True
871d00c22f9519b4,CHA LEAO ICE TEA 300ML LIMAO PET,2020-08-13 11:43:20,2020-08,08.189.400/0001-07,UN,1.0,2.79,9.3,True
871d00c22f9519b4,CHA LEAO ICE TEA 300ML LIMAO PET,2020-08-13 11:43:20,2020-08,08.189.400/0001-07,UN,1.0,2.79,9.3,True
cad1bfb332ca89e8,CENOURA KG,2020-08-13 11:43:20,2020-08,08.189.400/0001-07,KG,1.345,3.99,3.99,True
ee68707e1099fc41,JERIMUM LEITE KG,2020-08-13 11:43:20,2020-08,08.189.400/0001-07,UN,0.849,3.3,3.3,True
232958f27266dae5,PAO DE QUEIJO FORNO MINAS 400G TRADICIONAL,2020-08-13 11:43:20,2020-08,08.189.400/0001-07,UN,1.0,10.95,27.375,True
232958f27266dae5,PAO DE QUEIJO FORNO MINAS 400G TRADICIONAL,2020-08-13 11:43:20,2020-08,08.189.400/0001-07,UN,1.0,10.95,27.375,True
a2f39b14ff4c0b01,CEBOLA BRANCA KG,2020-08-13 11:43:20,2020-08,08.189.400/0001-07,KG,0.59,3.99,3.99,True
2089164b9c0e3347,INHAME KG,2020-08-13 11:43:20,2020-08,08.189.400/0001-07,UN,0.6,8.65,8.65,True
6e1b0c3e2aa6e177,ACHOC.LIQ.TODDYNHO 200ML TRADICIONAL,2020-08-13 11:43:20,2020-08,08.189.400/0001-07,UN,3.0,1.69,8.45,True
9a84a1aa0c5e9a8a,PIMENTAO VERDE KG,2020-08-13 11:43:20,2020-08,08.189.400/0001-07,KG,0.23,4.29,4.29,True
ede1226d80301690,SALG.DORITOS 84G QUEIJO NACHO,2020-08-13 11:43:20,2020-08,08.189.400/0001-07,UN,1.0,5.47,65.1190476190476,True
8476b8553b2915b8,VINAGRE MINHOTO 500ML MACA,2020-08-13 11:43:20,2020-08,08.189.400/0001-07,UN,1.0,5.2,10.4,True
94bf4c5b69c7ae81,BACON SADIA FATIADO BAF 250G,2020-08-13 11:43:20,2020-08,08.189.400/0001-07,UN,1.0,23.3,93.2,True
2d801f35a808f81b,"BISC.NESTLE KIT KAT 41,5G AO LEITE",2020-08-13 11:43:20,2020-08,08.189.400/0001-07,UN,1.0,2.52,60.722891566265055,True
a15e5c56669118f2,BISC.LACTA BIS 126G CHOC.AO LEITE,2020-08-13 11:43:20,2020-08,08.189.400/0001-07,UN,1.0,4.35,34.52380952380952,True
2d801f35a808f81b,"BISC.NESTLE KIT KAT 41,5G AO LEITE",2020-08-13 11:43:20,2020-08,08.189.400/0001-07,UN,1.0,2.52,60.722891566265055,True
68ca161a0103ac9e,BISC.LACTA BIS 126G LAKA,2020-08-13 11:43:20,2020-08,08.189.400/0001-07,UN,1.0,4.35,34.52380952380952,True
b9122287a1b826e3,VINAGRE MINHOTO 500ML ALCOOL,2020-08-13 11:43:20,2020-08,08.189.400/0001-07,UN,1.0,2.99,5.98,True
0aaf8a13142f0162,CHOC.SNICKERS 45G,2020-08-13 11:43:20,2020-08,08.189.400/0001-07,UN,1.0,2.56,56.88888888888889,True
4a534f5772043636,CONFEITOS MMS 45G CHOC.AO LEITE,2020-08-13 11:43:20,2020-08,08.189.400/0001-07,UN,1.0,3.1,68.8888888888889,True
0aaf8a13142f0162,CHOC.SNICKERS 45G,2020-08-13 11:43:20,2020-08,08.189.400/0001-07,UN,1.0,2.56,56.88888888888889,True
0aaf8a13142f0162,CHOC.SNICKERS 45G,2020-08-13 11:43:20,2020-08,08.189.400/0001-07,UN,1.0,2.56,56.88888888888889,True
4eec59f28af2ac9e,CHOC.HERSHEYS SPECIAL DARK 85G TRADICIONAL,2020-08-13 11:43:20,2020-08,08.189.400/0001-07,UN,1.0,5.98,70.3529411764706,True
5f1d9d3848fcc42b,CHOC.HERSHEYS SPECIAL DARK 85G CRANBERRY,2020-08-13 11:43:20,2020-08,08.189.400/0001-07,UN,1.0,5.98,70.3529411764706,True
15488aa1a69f6224,ACUCAR DE COCO COPRA 100G,2020-08-13 11:43:20,2020-08,08.189.400/0001-07,UN,1.0,6.35,63.49999999999999,True
6dfe9fbd923ea1a9,SALG.BACONZITOS 55G,2020-08-13 11:43:20,2020-08,08.189.400/0001-07,UN,1.0,5.18,94.18181818181816,True
59e168ab8f45f8d8,MOLHO INGLES CEPERA 150ML,2020-08-13 11:43:20,2020-08,08.189.400/0001-07,UN,1.0,3.32,22.133333333333333,True
59e168ab8f45f8d8,MOLHO INGLES CEPERA 150ML,2020-08-13 11:43:20,2020-08,08.189.400/0001-07,UN,1.0,3.32,22.133333333333333,True
7a78422c88e0ffc1,DESODORANTE AEROSOL AXE BLACK 150ML96G.,2020-08-13 11:43:20,2020-08,08.189.400/0001-07,UN,1.0,9.98,103.95833333333331,True
d87ce60927775bf6,DESOD.AERO.AXE SECO PEACE 152ML90G,2020-08-13 11:43:20,2020-08,08.189.400/0001-07,UN,1.0,9.98,110.8888888888889,True
d87ce60927775bf6,DESOD.AERO.AXE SECO PEACE 152ML90G,2020-08-13 11:43:20,2020-08,08.189.400/0001-07,UN,1.0,9.98,110.8888888888889,True
7c10874e0864b0cf,DESOD.AERO.AXE APOLLO 150ML96G,2020-08-13 11:43:20,2020-08,08.189.400/0001-07,UN,1.0,9.98,103.95833333333331,True
356894c48e04e725,ACENDEDOR FIAT LUX A ALCOOL C4 TABLETES,2020-08-13 11:43:20,2020-08,08.189.400/0001-07,UN,1.0,6.48,6.48,True
7a78422c88e0ffc1,DESODORANTE AEROSOL AXE BLACK 150ML96G.,2020-08-13 11:43:20,2020-08,08.189.400/0001-07,UN,1.0,9.98,103.95833333333331,True
ba97f764c3c3e22b,INSET.MORTEIN ISCA MATA BARATAS C2 UNID,2020-08-13 11:43:20,2020-08,08.189.400/0001-07,UN,1.0,6.78,6.78,True
1ad3cf281d40c3b8,COTONETES JOHNSONS CX C150UN,2020-08-13 11:43:20,2020-08,08.189.400/0001-07,UN,1.0,8.89,8.89,True
e0542af16d429711,BOM AR AIR WICK LAV.12ML50 GRATIS NO SEG.,2020-08-13 11:43:20,2020-08,08.189.400/0001-07,UN,1.0,11.89,11.89,True
ba97f764c3c3e22b,INSET.MORTEIN ISCA MATA BARATAS C2 UNID,2020-08-13 11:43:20,2020-08,08.189.400/0001-07,UN,1.0,6.78,6.78,True
ba97f764c3c3e22b,INSET.MORTEIN ISCA MATA BARATAS C2 UNID,2020-08-13 11:43:20,2020-08,08.189.400/0001-07,UN,1.0,6.78,6.78,True
e7b0bf80eeaba731,ODOR.AMB.PRATIK 12ML8G TALCO REFIL,2020-08-13 11:43:20,2020-08,08.189.400/0001-07,UN,1.0,5.35,668.7499999999999,True
6d81f38a4eee8d03,NAFTALINA IGUAL 40GR,2020-08-13 11:43:20,2020-08,08.189.400/0001-07,UN,1.0,2.15,2.15,True
6d81f38a4eee8d03,NAFTALINA IGUAL 40GR,2020-08-13 11:43:20,2020-08,08.189.400/0001-07,UN,1.0,2.15,2.15,True
6d81f38a4eee8d03,NAFTALINA IGUAL 40GR,2020-08-13 11:43:20,2020-08,08.189.400/0001-07,UN,1.0,2.15,2.15,True
05ec6001ae42e727,AROM.AMB.COALA 120ML CITRONELA,2020-08-13 11:43:20,2020-08,08.189.400/0001-07,UN,1.0,10.95,91.25,True
05ec6001ae42e727,AROM.AMB.COALA 120ML CITRONELA,2020-08-13 11:43:20,2020-08,08.189.400/0001-07,UN,1.0,10.95,91.25,True
2c8b005b1bb391a0,DET.LIQ.BRILUX 500ML NEUTRO,2020-08-13 11:43:20,2020-08,08.189.400/0001-07,UN,1.0,1.79,3.58,True
6d81f38a4eee8d03,NAFTALINA IGUAL 40GR,2020-08-13 11:43:20,2020-08,08.189.400/0001-07,UN,1.0,2.15,2.15,True
2c8b005b1bb391a0,DET.LIQ.BRILUX 500ML NEUTRO,2020-08-13 11:43:20,2020-08,08.189.400/0001-07,UN,1.0,1.79,3.58,True
086ce23f1af2d5a0,SABONETE REXONA 84G SPORT MEN,2020-08-13 11:43:20,2020-08,08.189.400/0001-07,UN,1.0,1.49,17.738095238095237,True
5c1f61a66d8c4edc,SABONETE PROTEX MEN 85G ENERGY,2020-08-13 11:43:20,2020-08,08.189.400/0001-07,UN,1.0,2.39,28.11764705882353,True
086ce23f1af2d5a0,SABONETE REXONA 84G SPORT MEN,2020-08-13 11:43:20,2020-08,08.189.400/0001-07,UN,1.0,1.49,17.738095238095237,True
5c1f61a66d8c4edc,SABONETE PROTEX MEN 85G ENERGY,2020-08-13 11:43:20,2020-08,08.189.400/0001-07,UN,1.0,2.39,28.11764705882353,True
5befa6442db9d22f,ESC.DENTAL ORAL-B CLASSIC MACIA LV3 PG2,2020-08-13 11:43:20,2020-08,08.189.400/0001-07,UN,1.0,14.35,14.35,True
5c1f61a66d8c4edc,SABONETE PROTEX MEN 85G ENERGY,2020-08-13 11:43:20,2020-08,08.189.400/0001-07,UN,1.0,2.39,28.11764705882353,True
5c1f61a66d8c4edc,SABONETE PROTEX MEN 85G ENERGY,2020-08-13 11:43:20,2020-08,08.189.400/0001-07,UN,1.0,2.39,28.11764705882353,True
086ce23f1af2d5a0,SABONETE REXONA 84G SPORT MEN,2020-08-13 11:43:20,2020-08,08.189.400/0001-07,UN,1.0,1.49,17.738095238095237,True
5c1f61a66d8c4edc,SABONETE PROTEX MEN 85G ENERGY,2020-08-13 11:43:20,2020-08,08.189.400/0001-07,UN,1.0,2.39,28.11764705882353,True
0b3498d39a4cc444,INSETICIDA SBP AERO LV MAIS PG MENOS 450ML EUCALIP,2020-08-13 11:43:20,2020-08,08.189.400/0001-07,UN,1.0,9.98,22.177777777777777,True
eb9de74b753c601b,FIO DENTAL COLGATE ENCERADO 50M,2020-08-13 11:43:20,2020-08,08.189.400/0001-07,UN,1.0,9.31,9.31,True
5c1f61a66d8c4edc,SABONETE PROTEX MEN 85G ENERGY,2020-08-13 11:43:20,2020-08,08.189.400/0001-07,UN,1.0,2.39,28.11764705882353,True
086ce23f1af2d5a0,SABONETE REXONA 84G SPORT MEN,2020-08-13 11:43:20,2020-08,08.189.400/0001-07,UN,1.0,1.49,17.738095238095237,True
086ce23f1af2d5a0,SABONETE REXONA 84G SPORT MEN,2020-08-13 11:43:20,2020-08,08.189.400/0001-07,UN,1.0,1.49,17.738095238095237,True
5c1f61a66d8c4edc,SABONETE PROTEX MEN 85G ENERGY,2020-08-13 11:43:20,2020-08,08.189.400/0001-07,UN,1.0,2.39,28.11764705882353,True
3ec362ebbac59f77,SAND.RIDER STRIKE PRETOVERMELHO REF 23542,2020-08-13 11:43:20,2020-08,08.189.400/0001-07,UN,1.0,24.98,24.98,True
5f9229d8637d9f14,"AMACIANTE DOWNY CONCENTRADO 1,5L LIRIOS DO CAMPO",2020-08-13 11:43:20,2020-08,08.189.400/0001-07,UN,1.0,22.6,15.066666666666668,True
f1f896f864341c20,OVOS SOUZA BRANCOS C15 GRANDE,2020-08-13 11:43:20,2020-08,08.189.400/0001-07,UN,1.0,5.65,5.65,True
0be008b80885fc61,PD PUDIM DU CHEF,2020-08-04 13:18:26,2020-08,33.788.064/0001-58,UND,3.0,9.0,9.0,True
98df12976432a36b,TAXA DE ENTREGA,2020-08-04 13:18:26,2020-08,33.788.064/0001-58,und,1.0,14.0,14.0,True
3bf168a4b6bc67b8,PRODUTO IFOOD,2020-07-10 22:35:12,2020-07,27.146.700/0001-45,UN,1.0,5.0,5.0,True
3bf168a4b6bc67b8,PRODUTO IFOOD,2020-07-10 22:35:12,2020-07,27.146.700/0001-45,UN,1.0,0.0,0.0,True
3bf168a4b6bc67b8,PRODUTO IFOOD,2020-07-10 22:35:12,2020-07,27.146.700/0001-45,UN,1.0,0.0,0.0,True
3bf168a4b6bc67b8,PRODUTO IFOOD,2020-07-10 22:35:12,2020-07,27.146.700/0001-45,UN,1.0,0.0,0.0,True
3bf168a4b6bc67b8,PRODUTO IFOOD,2020-07-10 22:35:12,2020-07,27.146.700/0001-45,UN,1.0,0.0,0.0,True
3bf168a4b6bc67b8,PRODUTO IFOOD,2020-07-10 22:35:12,2020-07,27.146.700/0001-45,UN,1.0,47.0,47.0,True
0021abc7e70e9c95,PARMIGIANINO,2020-07-09 14:22:50,2020-07,21.346.387/0001-02,und,1.0,26.99,26.99,True
7614014816e2bd6a,MOUSSE DE CHOCOLATE,2020-07-09 14:22:50,2020-07,21.346.387/0001-02,und,2.0,8.0,8.0,True
ea9e0d0fb7353c3c,TAXA DE ENTREGA,2020-07-09 14:22:50,2020-07,21.346.387/0001-02,und,1.0,9.8,9.8,True
9f5755fd9032dd2c,GO BURGUER,2020-06-19 20:57:23,2020-06,33.017.881/0001-02,und,1.0,20.0,20.0,True
0268163c732d6675,TAXA DE ENTREGA,2020-06-19 20:57:23,2020-06,33.017.881/0001-02,und,1.0,10.0,10.0,True
6df1c22b643e56d5,#1700900#18069000#TRU TRADIC 30G,2020-06-16 19:00:41,2020-06,17.611.014/0083-90,UN,8.0,2.9,96.66666666666669,True
d5fbe5b424d22a1d,"#1700100#17049010#TRU LN PIST 13,5G",2020-06-16 19:00:41,2020-06,17.611.014/0083-90,UN,10.0,2.0,148.14814814814815,True
12b82dda0d5703aa,NEOSORO SOLUCAO NASAL ADULTO 30ML,2020-05-07 13:38:15,2020-05,06.626.253/0260-37,CX,1.0,8.95,298.3333333333333,True
638b5feea493b53d,CATAFLAM 50MG CPD/20,2020-05-07 13:38:15,2020-05,06.626.253/0260-37,CX,1.0,37.78,37.78,True
3c6102676d39687a,BEPANTOL BABY CREME 30G PR ESP,2020-05-07 13:38:15,2020-05,06.626.253/0260-37,UN,1.0,14.68,489.3333333333333,True
6535656c871d73f8,Chocolate Snickers 45G,2020-05-07 13:38:15,2020-05,06.626.253/0260-37,UN,1.0,3.45,76.66666666666667,True
8bcf0caa4dec7823,ENX AGUA RABELO C/ROMA 250ML,2020-05-07 13:38:15,2020-05,06.626.253/0260-37,UN,1.0,19.2,76.8,True
b9e82a13ff86cd34,"SORO FISIOL FARMAX 0,9/500ML",2020-05-07 13:38:15,2020-05,06.626.253/0260-37,UN,1.0,4.92,9.84,True
d40f32de9cbed269,DV VINHO VENT CABERNET SAUVIGNON 750ML,2020-05-01 18:31:58,2020-05,12.289.102/0001-58,UND,2.0,49.9,66.53333333333333,True
2e643084705a91a0,TADALAFILA 5MG CPD/30 GN-MEDLEY,2020-05-01 15:31:37,2020-05,06.626.253/0260-37,UN,1.0,84.26,84.26,True
866fdc37dc3d8397,SERV. EM DOMICILIO,2020-05-01 15:31:37,2020-05,06.626.253/0260-37,UN,1.0,4.2,4.2,True
fb0893cad961b11b,PEIXE EXPRESSO,2020-04-15 13:20:18,2020-04,28.673.991/0001-92,und,1.0,40.1,40.1,True
8ab9b694783a4b0f,TAXA DE ENTREGA,2020-04-15 13:20:18,2020-04,28.673.991/0001-92,UND,1.0,11.0,11.0,True
a5a4c312e8aebc52,CERV HEINEKEN L/N 330ML,2020-03-16 10:17:12,2020-03,05.088.847/0001-93,UND,14.0,4.99,15.12121212121212,True
7f8fdd3be56a07f3,FIGADO BOVINO CONG KG,2020-03-16 10:17:12,2020-03,05.088.847/0001-93,KG,4.112,9.9,9.9,True
77326f9ac4a10d21,BISTECA SUINA  KG,2020-03-16 10:17:12,2020-03,05.088.847/0001-93,KG,3.102,19.59,19.59,True
1945a9403f447505,CARNE BOVINA DE PRIMEIRA KG,2020-03-16 10:17:12,2020-03,05.088.847/0001-93,KG,2.956,33.9,33.9,True
b3aa0721fc21751b,AGUA SANT BRILUX 2L,2020-03-16 10:17:12,2020-03,05.088.847/0001-93,UND,3.0,6.09,3.045,True
f77c3fd11999a1b4,DESENTUPIDOR DE PIA DIABO VERDE 300G,2020-03-16 10:17:12,2020-03,05.088.847/0001-93,UND,2.0,13.99,46.63333333333333,True
13cbc3cde9c2e362,DESINF URCA EUCAL FRESH 500ML,2020-03-16 10:17:12,2020-03,05.088.847/0001-93,UND,3.0,2.99,5.98,True
6b662f3709bc1607,DESINF PINHO SOL 500ML ORIG,2020-03-16 10:17:12,2020-03,05.088.847/0001-93,UND,3.0,4.99,9.98,True
0ab666e3c6b7ef72,DESODORANTE AER AXE BLACK 150ML/96G,2020-03-16 10:17:12,2020-03,05.088.847/0001-93,UND,2.0,10.19,67.93333333333334,True
43f110fe47efcd0a,VEJA COZINHA DESEMB SQUEEZ LIMAO 500ML,2020-03-16 10:17:12,2020-03,05.088.847/0001-93,UND,2.0,9.99,19.98,True
1687bbd8d4c5b0bb,LIMPA VIDROS VEJA C/ ALCOOL LV500ML PG 400ML,2020-03-16 10:17:12,2020-03,05.088.847/0001-93,UND,1.0,7.49,14.98,True
21b8067b1bd7733f,CR DENT COLGATE 90G MPA,2020-03-16 10:17:12,2020-03,05.088.847/0001-93,UND,5.0,3.59,39.888888888888886,True
c5197a6bbdb99f2f,MORTEIN ISCA MATA BARATA 2UNI,2020-03-16 10:17:12,2020-03,05.088.847/0001-93,UND,5.0,9.99,9.99,True
81579a85c00544ac,INSET BARATOL IMIDACLOPRID GEL 10G,2020-03-16 10:17:12,2020-03,05.088.847/0001-93,UND,2.0,13.59,1359.0,True
0a055c11cfa89446,NAFTALINA PRATIK BOLAS 30G,2020-03-16 10:17:12,2020-03,05.088.847/0001-93,UND,5.0,2.39,79.66666666666667,True
3f30f29476799765,LAVA LOUCAS LIQ LIMPOL 500ML NEUTRO,2020-03-16 10:17:12,2020-03,05.088.847/0001-93,UND,4.0,2.25,4.5,True
ba9b5615cde7ebb1,PAPEL HIG. NEVE 4X20MT NEUTRO,2020-03-16 10:17:12,2020-03,05.088.847/0001-93,UND,9.0,7.49,7.49,True
39249624322a8ba5,FEIJAO CARIOCA KICALDO 1kg,2020-03-16 10:17:12,2020-03,05.088.847/0001-93,UND,3.0,8.79,8.79,True
098f734337fb5fe5,MILHO DE PIPOCA YOKI PREMIUM 500G,2020-03-16 10:17:12,2020-03,05.088.847/0001-93,UND,2.0,3.49,6.98,True
d7e7fb75bedb8487,Arroz Tio Joao Branco  1Kg,2020-03-16 10:17:12,2020-03,05.088.847/0001-93,UND,3.0,5.59,5.59,True
b7cc3baceb9125a9,CARBONARA COM FILE,2020-03-14 21:32:51,2020-03,30.591.490/0001-09,und,1.0,25.8,25.8,True
dddc372ac074c5d9,MOTOBOY ALTIPLANO,2020-03-14 21:32:51,2020-03,30.591.490/0001-09,und,1.0,10.0,10.0,True
812ebd3661c22706,CARBONARA COM CAMAROES,2020-03-01 22:59:48,2020-03,30.591.490/0001-09,und,1.0,39.0,39.0,True
e5f75c660e5c2d3a,COCA IFOOD,2020-03-01 22:59:48,2020-03,30.591.490/0001-09,und,1.0,6.0,6.0,True
dddc372ac074c5d9,MOTOBOY ALTIPLANO,2020-03-01 22:59:48,2020-03,30.591.490/0001-09,und,1.0,10.0,10.0,True
b7cc3baceb9125a9,CARBONARA COM FILE,2020-02-19 02:05:50,2020-02,30.591.490/0001-09,und,1.0,36.0,36.0,True
e5f75c660e5c2d3a,COCA IFOOD,2020-02-19 02:05:50,2020-02,30.591.490/0001-09,und,1.0,6.0,6.0,True
dddc372ac074c5d9,MOTOBOY ALTIPLANO,2020-02-19 02:05:50,2020-02,30.591.490/0001-09,und,1.0,10.0,10.0,True
6f5b18dc46af6d21,"SORO FISIOL PROSORO DAUF 0,9/ 500ML",2020-01-30 14:58:42,2020-01,06.626.253/0260-37,UN,1.0,7.33,14.66,True
12b82dda0d5703aa,NEOSORO SOLUCAO NASAL ADULTO 30ML,2020-01-30 14:58:42,2020-01,06.626.253/0260-37,CX,1.0,8.95,298.3333333333333,True
d1d6536c30062277,ESC DTL ORAL B INDICAT 30 L2P1,2020-01-30 14:58:42,2020-01,06.626.253/0260-37,UN,1.0,16.57,16.57,True
219651d597d74053,COCA-COLA 2L,2020-01-26 21:04:56,2020-01,27.146.700/0001-45,UN,1.0,10.0,5.0,True
3bf168a4b6bc67b8,PRODUTO IFOOD,2020-01-26 21:04:56,2020-01,27.146.700/0001-45,UN,1.0,0.0,0.0,True
3bf168a4b6bc67b8,PRODUTO IFOOD,2020-01-26 21:04:56,2020-01,27.146.700/0001-45,UN,1.0,0.0,0.0,True
d08293d387e1dff7,BORDA TRADICIONAL,2020-01-26 21:04:56,2020-01,27.146.700/0001-45,UN,1.0,0.0,0.0,True
3bf168a4b6bc67b8,PRODUTO IFOOD,2020-01-26 21:04:56,2020-01,27.146.700/0001-45,UN,1.0,46.0,46.0,True
9d163ec4a4c2fdb6,FILE A PARMEGIANA P/1,2020-01-04 13:03:01,2020-01,28.673.991/0001-92,und,1.0,41.8,41.8,True
cb93318f4994a24a,REFRI 1L,2020-01-04 13:03:01,2020-01,28.673.991/0001-92,und,1.0,8.0,8.0,True
8ab9b694783a4b0f,TAXA DE ENTREGA,2020-01-04 13:03:01,2020-01,28.673.991/0001-92,UND,1.0,11.0,11.0,True
bcf943f7f7062be1,PROT AUDIT SILIC K 10 KALIPSO,2026-08-26 15:27:32,2026-08,03.656.804/0015-37,UN,2.0,2.99,2.99,True
854763902dc261ab,FITA ADESIVA SILVER TAPE SCOTCH 45MMX5M 3M,2026-08-26 15:27:32,2026-08,03.656.804/0015-37,UN,1.0,27.99,27.99,True
1a9a427f71144dcf,FITA DUPLA FACE FIXA 19MMX2M FORTE 4910 3M,2026-08-26 15:27:32,2026-08,03.656.804/0015-37,UN,1.0,31.9,31.9,True
1d5474535809a9c0,FITA CORTA FACIL 45MMX40M 120 3M,2026-08-26 15:27:32,2026-08,03.656.804/0015-37,UN,1.0,21.99,21.99,True
5db4b5fabbbc428c,PATCH CORD SEQ LOGICA RJ/RJ 568B 20M INTERNEED,2026-08-26 15:27:32,2026-08,03.656.804/0015-37,UN,1.0,61.9,61.9,True
97556b98221f3cd1,ORGAN DE FIO ESPIRAL 1/2 5M BR TRAMONTINA,2026-08-26 15:27:32,2026-08,03.656.804/0015-37,UN,1.0,45.9,45.9,True
2449ba75349a223d,FITA ISOLANTE 20MX19MM PT FOXLUX,2026-08-26 15:27:32,2026-08,03.656.804/0015-37,UN,1.0,6.69,6.69,True
48bc93fb997ec965,POLPETINI DE ORIGEM,2026-08-24 22:12:35,2026-08,06.289.452/0001-11,und,1.0,63.0,63.0,True
33689979c5e31791,POLPETAS NO MOLHO ALFREDO,2026-08-24 22:12:35,2026-08,06.289.452/0001-11,und,1.0,74.0,74.0,True
0dfbe6d49f2fe5a3,TAXA DE ENTREGA,2026-08-24 22:12:35,2026-08,06.289.452/0001-11,UND,1.0,18.0,18.0,True
d76bdf5d87b0ba80,TAXA IFOOD EXTRA,2026-08-24 22:12:35,2026-08,06.289.452/0001-11,und,1.0,2.49,2.49,True
1267c092f3ed1cd5,Espumante Freixenet 750Ml Cord,2026-07-16 20:40:05,2026-07,08.189.400/0001-07,UN,1.0,89.99,119.98666666666666,True
a1ccf5330de77a2f,Cerveja Blue Moon Gf 355Ml Bel,2026-07-16 20:40:05,2026-07,08.189.400/0001-07,UN,6.0,9.89,27.859154929577468,True
7e9b08db304012b7,OVOS BRANCO AVINE EXT C 30,2026-07-16 20:40:05,2026-07,08.189.400/0001-07,UN,1.0,17.99,17.99,True
2f7a4617e8470d26,Cerveja Blue Moon Lt 350Ml Bel,2026-07-16 20:40:05,2026-07,08.189.400/0001-07,UN,1.0,7.99,22.82857142857143,True
2f7a4617e8470d26,Cerveja Blue Moon Lt 350Ml Bel,2026-07-16 20:40:05,2026-07,08.189.400/0001-07,UN,1.0,7.99,22.82857142857143,True
9542b4012183c0d1,Couve Folha Organico Sempre Ve,2026-07-16 20:40:05,2026-07,08.189.400/0001-07,UN,1.0,4.99,4.99,True
d4ce43228af2e9a6,Mini Tomate Italiano Trebeschi,2026-07-16 20:40:05,2026-07,08.189.400/0001-07,UN,1.0,13.99,13.99,True
079ae1f0c2a76a68,Copa Sadia Suina Fatiado 100G,2026-07-16 20:40:05,2026-07,08.189.400/0001-07,UN,1.0,13.99,139.9,True
f8b0fb3f3ef9dd29,MORTADELA DEF SADIA 200G FATIAS FINAS,2026-07-16 20:40:05,2026-07,08.189.400/0001-07,UN,1.0,8.99,44.95,True
7d139a6c3313586d,Salame Sadia Pepperoni Fat.100G Spf,2026-07-16 20:40:05,2026-07,08.189.400/0001-07,UN,1.0,12.49,124.9,True
7d139a6c3313586d,Salame Sadia Pepperoni Fat.100G Spf,2026-07-16 20:40:05,2026-07,08.189.400/0001-07,UN,1.0,12.49,124.9,True
6e7567d22747d53f,Salame Milano Vito Balducci Fa,2026-07-16 20:40:05,2026-07,08.189.400/0001-07,UN,1.0,23.99,23.99,True
18924eb7c3217dfc,Presunto Cru Rar Fatiado 80G,2026-07-16 20:40:05,2026-07,08.189.400/0001-07,UN,1.0,29.5,368.75,True
41c1bda1398a8dbf,Queijo Coalho Ilpla Kg,2026-07-16 20:40:05,2026-07,08.189.400/0001-07,KG,0.352,43.99,43.99,True
15967fa8a0baaa68,Queijo Petit Suisse 320G Danon,2026-07-16 20:40:05,2026-07,08.189.400/0001-07,UN,1.0,11.89,37.15625,True
6ae6e52aa70d911b,Queijo Parmesao President 180G,2026-07-16 20:40:05,2026-07,08.189.400/0001-07,UN,1.0,19.99,111.05555555555556,True
e1d3233a63ae501b,Requeijao Catupiry 250G Poly,2026-07-16 20:40:05,2026-07,08.189.400/0001-07,UN,1.0,18.99,75.96,True
8d58aa9487e506ed,Leite Fermentado Danone Activi,2026-07-16 20:40:05,2026-07,08.189.400/0001-07,UN,1.0,16.59,16.59,True
170b2a13ad709e73,Manteiga Aviacao Com Sal Pt 20,2026-07-16 20:40:05,2026-07,08.189.400/0001-07,UN,1.0,17.29,17.29,True
dc91aa2dc603fe2b,Leite Fermentado Yakult 480G T,2026-07-16 20:40:05,2026-07,08.189.400/0001-07,UN,2.0,16.99,35.39583333333333,True
8df522621feee253,Requeijao Catupiry Cremoso 180,2026-07-16 20:40:05,2026-07,08.189.400/0001-07,UN,1.0,10.49,10.49,True
a37c82fad5bb2411,AVEIA FLOCOS SAO BRAZ 165G GROSSOS,2026-07-16 20:40:05,2026-07,08.189.400/0001-07,UN,1.0,3.99,24.181818181818183,True
ac24c12e820b883f,Aveia Sao Braz Flocos Fino Cx,2026-07-16 20:40:05,2026-07,08.189.400/0001-07,UN,1.0,3.99,3.99,True
df7feb272a38e096,Salgadinho Eqlibri Panetini Pr,2026-07-16 20:40:05,2026-07,08.189.400/0001-07,UN,1.0,4.49,4.49,True
df7feb272a38e096,Salgadinho Eqlibri Panetini Pr,2026-07-16 20:40:05,2026-07,08.189.400/0001-07,UN,1.0,4.49,4.49,True
36388fafcd27b46f,BISC C CRACKER VITARELLA 350G TOST,2026-07-16 20:40:05,2026-07,08.189.400/0001-07,UN,1.0,5.29,15.114285714285716,True
ac24c12e820b883f,Aveia Sao Braz Flocos Fino Cx,2026-07-16 20:40:05,2026-07,08.189.400/0001-07,UN,1.0,3.99,3.99,True
ac24c12e820b883f,Aveia Sao Braz Flocos Fino Cx,2026-07-16 20:40:05,2026-07,08.189.400/0001-07,UN,1.0,3.99,3.99,True
8ede809f2c98f0ed,Torrada Marilan Magic Toast 11,2026-07-16 20:40:05,2026-07,08.189.400/0001-07,UN,1.0,8.29,8.29,True
8ede809f2c98f0ed,Torrada Marilan Magic Toast 11,2026-07-16 20:40:05,2026-07,08.189.400/0001-07,UN,1.0,8.29,8.29,True
8ede809f2c98f0ed,Torrada Marilan Magic Toast 11,2026-07-16 20:40:05,2026-07,08.189.400/0001-07,UN,1.0,8.29,8.29,True
110590cad9becd59,REFRIGERANTE COCA COLA PET 250ML,2026-07-16 20:40:05,2026-07,08.189.400/0001-07,UN,1.0,2.59,10.36,True
d452dd000566044c,Biscoito Piraque Roladinho De,2026-07-16 20:40:05,2026-07,08.189.400/0001-07,UN,1.0,4.99,4.99,True
d452dd000566044c,Biscoito Piraque Roladinho De,2026-07-16 20:40:05,2026-07,08.189.400/0001-07,UN,1.0,4.99,4.99,True
e98e47add90b79a7,BEBIDA LACT TODDYNHO TRAD 200ML,2026-07-16 20:40:05,2026-07,08.189.400/0001-07,UN,8.0,2.89,14.45,True
31edfb10b4d49a46,PEPINO RODELAS HEMMER 440G,2026-07-16 20:40:05,2026-07,08.189.400/0001-07,UN,1.0,23.49,53.38636363636363,True
585d1f6596a6608e,Palmito Golden Palm Extra Maci,2026-07-16 20:40:05,2026-07,08.189.400/0001-07,UN,1.0,21.69,21.69,True
1477e27a00d1d88a,AGUA TONICA SCHWEPPES LT 350ML S/ACUCAR,2026-07-16 20:40:05,2026-07,08.189.400/0001-07,UN,1.0,3.29,9.4,True
1477e27a00d1d88a,AGUA TONICA SCHWEPPES LT 350ML S/ACUCAR,2026-07-16 20:40:05,2026-07,08.189.400/0001-07,UN,1.0,3.29,9.4,True
110590cad9becd59,REFRIGERANTE COCA COLA PET 250ML,2026-07-16 20:40:05,2026-07,08.189.400/0001-07,UN,1.0,2.59,10.36,True
6e0476ac74f71ac6,CAFE 3CORACOES 250G ALMOF TRAD,2026-07-16 20:40:05,2026-07,08.189.400/0001-07,UN,1.0,12.99,51.96,True
87ebdf91df62aff7,CAFE CAPS 3CORACOES C.10UN CAPP. DOCE LEIT,2026-07-16 20:40:05,2026-07,08.189.400/0001-07,UN,1.0,23.99,23.99,True
d7e8fc7ff66418a7,CAFE 3 CORACOES 10 CAPSULAS REG COLOMB,2026-07-16 20:40:05,2026-07,08.189.400/0001-07,UN,1.0,23.99,23.99,True
d7e8fc7ff66418a7,CAFE 3 CORACOES 10 CAPSULAS REG COLOMB,2026-07-16 20:40:05,2026-07,08.189.400/0001-07,UN,1.0,23.99,23.99,True
feb64d38fb3153e7,CAFE CAPS 3CORACOES C.10UN ESPRESS VIBRANT,2026-07-16 20:40:05,2026-07,08.189.400/0001-07,UN,1.0,23.99,23.99,True
5f78c9fd11bdb226,Capsula Tres C.Cappuccino Napo,2026-07-16 20:40:05,2026-07,08.189.400/0001-07,UN,1.0,23.99,23.99,True
7e454c8dd72e3b55,Capsula Tres C.Espresso Ameno,2026-07-16 20:40:05,2026-07,08.189.400/0001-07,UN,1.0,23.99,23.99,True
7e454c8dd72e3b55,Capsula Tres C.Espresso Ameno,2026-07-16 20:40:05,2026-07,08.189.400/0001-07,UN,1.0,23.99,23.99,True
feb64d38fb3153e7,CAFE CAPS 3CORACOES C.10UN ESPRESS VIBRANT,2026-07-16 20:40:05,2026-07,08.189.400/0001-07,UN,1.0,23.99,23.99,True
54e1b6a6e69dd65d,Pacoquita Mini 216gr,2026-07-16 20:40:05,2026-07,08.189.400/0001-07,UN,1.0,11.99,11.99,True
6bdf445192831ea9,"CHOC KIT KAT NESTLE 41,5G",2026-07-16 20:40:05,2026-07,08.189.400/0001-07,UN,3.0,4.79,115.42168674698794,True
6bdf445192831ea9,"CHOC KIT KAT NESTLE 41,5G",2026-07-16 20:40:05,2026-07,08.189.400/0001-07,UN,1.0,4.79,115.42168674698794,True
6535656c871d73f8,Chocolate Snickers 45G,2026-07-16 20:40:05,2026-07,08.189.400/0001-07,UN,1.0,3.99,88.66666666666667,True
6535656c871d73f8,Chocolate Snickers 45G,2026-07-16 20:40:05,2026-07,08.189.400/0001-07,UN,1.0,3.99,88.66666666666667,True
0e011b54ef990538,Arroz Urbano Parboilizado 1Kg,2026-07-16 20:40:05,2026-07,08.189.400/0001-07,UN,1.0,5.49,5.49,True
0e011b54ef990538,Arroz Urbano Parboilizado 1Kg,2026-07-16 20:40:05,2026-07,08.189.400/0001-07,UN,1.0,5.49,5.49,True
67dde2c8bc597182,Cenoura Kg,2026-07-16 20:40:05,2026-07,08.189.400/0001-07,KG,1.025,9.99,9.99,True
65f71fe7e8e6d2bf,Manga Rosa Kg,2026-07-16 20:40:05,2026-07,08.189.400/0001-07,KG,0.97,13.99,13.99,True
87a8c414e519de55,Copo Silver Festas Papel Branc,2026-07-16 20:40:05,2026-07,08.189.400/0001-07,UN,1.0,11.79,11.79,True
d8efa7690f2e21b3,Macarrao Vitarella Speciale 40,2026-07-16 20:40:05,2026-07,08.189.400/0001-07,UN,1.0,3.99,3.99,True
141863ab2377b7a1,GRAO BICO KICALDO 500G,2026-07-16 20:40:05,2026-07,08.189.400/0001-07,UN,1.0,9.59,19.18,True
e507dc5c1f1925c5,Milho Pipoca Yoki Premium 400G,2026-07-16 20:40:05,2026-07,08.189.400/0001-07,UN,1.0,5.99,14.975,True
78d1d9c650965510,Bucha Marcoboni Vegetal Ref.84,2026-07-16 20:40:05,2026-07,08.189.400/0001-07,UN,1.0,11.99,11.99,True
44e4d120833183b1,Beterraba Kg,2026-07-16 20:40:05,2026-07,08.189.400/0001-07,KG,1.55,7.99,7.99,True
6d04d8253d18d93d,Cocada Docelicia Coco 260G Cre,2026-07-16 20:40:05,2026-07,08.189.400/0001-07,UN,1.0,10.99,42.26923076923077,True
557c578c801afd42,Limao Taiti Kg,2026-07-16 20:40:05,2026-07,08.189.400/0001-07,KG,0.57,4.39,4.39,True
136fe95d44d68270,Esponja Bombril Multi Uso Lv4,2026-07-16 20:40:05,2026-07,08.189.400/0001-07,UN,1.0,5.39,5.39,True
0e00f247b46b7787,Toalha De Papel Absoluto Decor,2026-07-16 20:40:05,2026-07,08.189.400/0001-07,UN,1.0,4.29,4.29,True
9939ec27db459172,Oleo Peroba 500Ml Jasmim,2026-07-16 20:40:05,2026-07,08.189.400/0001-07,UN,1.0,35.99,71.98,True
d1c8eda3894d8852,Inseticida Sbp Aero.Multiinset,2026-07-16 20:40:05,2026-07,08.189.400/0001-07,UN,1.0,16.99,16.99,True
d1c8eda3894d8852,Inseticida Sbp Aero.Multiinset,2026-07-16 20:40:05,2026-07,08.189.400/0001-07,UN,1.0,16.99,16.99,True
75700ed225cdf3a6,AGUA MIN INDAIA PET 330ML C/GAS,2026-07-16 20:40:05,2026-07,08.189.400/0001-07,UN,1.0,2.39,7.242424242424242,True
75700ed225cdf3a6,AGUA MIN INDAIA PET 330ML C/GAS,2026-07-16 20:40:05,2026-07,08.189.400/0001-07,UN,1.0,2.39,7.242424242424242,True
75700ed225cdf3a6,AGUA MIN INDAIA PET 330ML C/GAS,2026-07-16 20:40:05,2026-07,08.189.400/0001-07,UN,1.0,2.39,7.242424242424242,True
75700ed225cdf3a6,AGUA MIN INDAIA PET 330ML C/GAS,2026-07-16 20:40:05,2026-07,08.189.400/0001-07,UN,1.0,2.39,7.242424242424242,True
a9689b1787f055dd,TALCO BARLA 140G,2026-07-16 20:40:05,2026-07,08.189.400/0001-07,UN,1.0,7.39,52.78571428571428,True
54bad3afc7f3c1e4,Desodorante Aero.Rexona Men 25,2026-07-16 20:40:05,2026-07,08.189.400/0001-07,UN,1.0,25.99,25.99,True
3803caa5f8334f17,Tic Tac 49G Laranja,2026-07-16 20:40:05,2026-07,08.189.400/0001-07,UN,1.0,11.39,232.44897959183675,True
08fc52413664b8e9,Tic Tac 49G Frutas   Como Te G,2026-07-16 20:40:05,2026-07,08.189.400/0001-07,UN,1.0,11.39,232.44897959183675,True
b995064c6700aa1a,Queijo Reino Piracanjuba Fatia,2026-07-16 20:40:05,2026-07,08.189.400/0001-07,UN,1.0,17.99,17.99,True
fcd16098ba68f6e1,TADALAFILA 5MG EUG 30S,2026-07-03 13:30:54,2026-07,61.585.865/0710-91,UN,1.0,439.82,439.82,True
1267c092f3ed1cd5,Espumante Freixenet 750Ml Cord,2026-07-02 20:33:51,2026-07,08.189.400/0001-07,UN,1.0,89.99,119.98666666666666,True
1267c092f3ed1cd5,Espumante Freixenet 750Ml Cord,2026-07-02 20:33:51,2026-07,08.189.400/0001-07,UN,1.0,89.99,119.98666666666666,True
75700ed225cdf3a6,AGUA MIN INDAIA PET 330ML C/GAS,2026-07-02 20:33:51,2026-07,08.189.400/0001-07,UN,1.0,2.39,7.242424242424242,True
a16c3b9521a1a027,CORONITA EXTRA N OW 210ML,2026-07-02 20:33:51,2026-07,08.189.400/0001-07,UN,24.0,5.99,28.52380952380953,True
a16c3b9521a1a027,CORONITA EXTRA N OW 210ML,2026-07-02 20:33:51,2026-07,08.189.400/0001-07,UN,1.0,5.99,28.52380952380953,True
d2747b15d7019cf1,Pao De Queijo F.De Minas Pc 82,2026-07-02 20:33:51,2026-07,08.189.400/0001-07,UN,1.0,37.99,37.99,True
7e9b08db304012b7,OVOS BRANCO AVINE EXT C 30,2026-07-02 20:33:51,2026-07,08.189.400/0001-07,UN,1.0,17.99,17.99,True
d941cc7f69f4edef,TAFFMAN EX YAKULT 110ML,2026-07-02 20:33:51,2026-07,08.189.400/0001-07,UN,1.0,6.99,63.54545454545455,True
72d581f65e336dc1,Kiwi Sungold Zespri  440G,2026-07-02 20:33:51,2026-07,08.189.400/0001-07,UN,1.0,25.99,59.06818181818181,True
dc91aa2dc603fe2b,Leite Fermentado Yakult 480G T,2026-07-02 20:33:51,2026-07,08.189.400/0001-07,UN,2.0,16.99,35.39583333333333,True
2cd4f3e6f45748ce,Queijo Petit Suisse 320G Danon,2026-07-02 20:33:51,2026-07,08.189.400/0001-07,UN,2.0,11.89,37.15625,True
085a3f4321b2460f,Req. Catupiry 400g,2026-07-02 20:33:51,2026-07,08.189.400/0001-07,UN,1.0,20.99,52.475,True
41c1bda1398a8dbf,Queijo Coalho Ilpla Kg,2026-07-02 20:33:51,2026-07,08.189.400/0001-07,KG,0.4,41.39,41.39,True
41c1bda1398a8dbf,Queijo Coalho Ilpla Kg,2026-07-02 20:33:51,2026-07,08.189.400/0001-07,KG,0.366,41.39,41.39,True
41c1bda1398a8dbf,Queijo Coalho Ilpla Kg,2026-07-02 20:33:51,2026-07,08.189.400/0001-07,KG,0.338,41.39,41.39,True
7d139a6c3313586d,Salame Sadia Pepperoni Fat.100G Spf,2026-07-02 20:33:51,2026-07,08.189.400/0001-07,UN,1.0,12.99,129.9,True
0efd159e0ed69215,Bacon Dalia Ext.Lombo Fat Kg,2026-07-02 20:33:51,2026-07,08.189.400/0001-07,KG,0.282,44.99,44.99,True
d836e752ce538f77,Salame Italiano Montanera 80G,2026-07-02 20:33:51,2026-07,08.189.400/0001-07,UN,1.0,22.99,287.375,True
d836e752ce538f77,Salame Italiano Montanera 80G,2026-07-02 20:33:51,2026-07,08.189.400/0001-07,UN,1.0,22.99,287.375,True
1134ec6f808eb8f1,Copa Espanhola Montanera 80G F,2026-07-02 20:33:51,2026-07,08.189.400/0001-07,UN,1.0,28.99,362.375,True
7c5a89cf2ef7f147,Presunto Cru Serrano Montanera,2026-07-02 20:33:51,2026-07,08.189.400/0001-07,UN,2.0,22.99,22.99,True
04e0ce016b201b67,Salame Sadia Italiano Fat.Sssf,2026-07-02 20:33:51,2026-07,08.189.400/0001-07,UN,1.0,14.99,14.99,True
079ae1f0c2a76a68,Copa Sadia Suina Fatiado 100G,2026-07-02 20:33:51,2026-07,08.189.400/0001-07,UN,1.0,13.99,139.9,True
0efd159e0ed69215,Bacon Dalia Ext.Lombo Fat Kg,2026-07-02 20:33:51,2026-07,08.189.400/0001-07,KG,0.324,44.99,44.99,True
079ae1f0c2a76a68,Copa Sadia Suina Fatiado 100G,2026-07-02 20:33:51,2026-07,08.189.400/0001-07,UN,1.0,13.99,139.9,True
012e06487f180360,AZEITONA VERDE V FERT SCH 120G S C,2026-07-02 20:33:51,2026-07,08.189.400/0001-07,UN,1.0,5.99,49.91666666666667,True
012e06487f180360,AZEITONA VERDE V FERT SCH 120G S C,2026-07-02 20:33:51,2026-07,08.189.400/0001-07,UN,1.0,5.99,49.91666666666667,True
e1d3233a63ae501b,Requeijao Catupiry 250G Poly,2026-07-02 20:33:51,2026-07,08.189.400/0001-07,UN,1.0,18.99,75.96,True
73493d31fa48168a,Req. Catupiry 180g,2026-07-02 20:33:51,2026-07,08.189.400/0001-07,UN,1.0,10.49,58.27777777777778,True
e4de0443bd94a74a,Queijo President Petit 125G Br,2026-07-02 20:33:51,2026-07,08.189.400/0001-07,UN,1.0,19.99,159.92,True
1477e27a00d1d88a,AGUA TONICA SCHWEPPES LT 350ML S/ACUCAR,2026-07-02 20:33:51,2026-07,08.189.400/0001-07,UN,1.0,3.29,9.4,True
1477e27a00d1d88a,AGUA TONICA SCHWEPPES LT 350ML S/ACUCAR,2026-07-02 20:33:51,2026-07,08.189.400/0001-07,UN,1.0,3.29,9.4,True
8cc17d939d3ac7af,Leite Fermentado Danone Activi,2026-07-02 20:33:51,2026-07,08.189.400/0001-07,UN,1.0,16.59,16.59,True
1f4ed5c471abd0e4,VINAGRE MINHOTO ALCOOL 750ML,2026-07-02 20:33:51,2026-07,08.189.400/0001-07,UN,1.0,4.79,6.386666666666667,True
b2a151c89b6384ee,Vinagre Fazenda Sao Roque Gf 5,2026-07-02 20:33:51,2026-07,08.189.400/0001-07,UN,1.0,29.99,29.99,True
d452dd000566044c,Biscoito Piraque Roladinho De,2026-07-02 20:33:51,2026-07,08.189.400/0001-07,UN,2.0,4.99,4.99,True
2f7a4617e8470d26,Cerveja Blue Moon Lt 350Ml Bel,2026-07-02 20:33:51,2026-07,08.189.400/0001-07,UN,1.0,7.99,22.82857142857143,True
2f7a4617e8470d26,Cerveja Blue Moon Lt 350Ml Bel,2026-07-02 20:33:51,2026-07,08.189.400/0001-07,UN,1.0,7.99,22.82857142857143,True
8ede809f2c98f0ed,Torrada Marilan Magic Toast 11,2026-07-02 20:33:51,2026-07,08.189.400/0001-07,UN,1.0,6.69,6.69,True
5b079711de1ed45d,TORRADA M TOAST MARILAN 110G INTEGRAL,2026-07-02 20:33:51,2026-07,08.189.400/0001-07,UN,1.0,6.69,60.81818181818182,True
ac24c12e820b883f,Aveia Sao Braz Flocos Fino Cx,2026-07-02 20:33:51,2026-07,08.189.400/0001-07,UN,3.0,3.99,3.99,True
d7e7fb75bedb8487,Arroz Tio Joao Branco  1Kg,2026-07-02 20:33:51,2026-07,08.189.400/0001-07,UN,1.0,7.99,7.99,True
d7e7fb75bedb8487,Arroz Tio Joao Branco  1Kg,2026-07-02 20:33:51,2026-07,08.189.400/0001-07,UN,1.0,7.99,7.99,True
311ef9aa491e10ec,SAL GROSSO LEBRE 1KG,2026-07-02 20:33:51,2026-07,08.189.400/0001-07,UN,1.0,2.89,2.89,True
87ebdf91df62aff7,CAFE CAPS 3CORACOES C.10UN CAPP. DOCE LEIT,2026-07-02 20:33:51,2026-07,08.189.400/0001-07,UN,1.0,23.99,23.99,True
2d78857129e6f65f,Capsula Tres C. Espresso Gourm,2026-07-02 20:33:51,2026-07,08.189.400/0001-07,UN,1.0,23.99,23.99,True
c3c88a2f8c4e77eb,Capsula Tres Rituais Cerrado D,2026-07-02 20:33:51,2026-07,08.189.400/0001-07,UN,1.0,23.99,23.99,True
f971949f422e7888,Capsula Tres C.Robusta Amazoni,2026-07-02 20:33:51,2026-07,08.189.400/0001-07,UN,1.0,23.99,23.99,True
5ae6ad41e5f69f89,Capsula Tres C.Espresso Suprem,2026-07-02 20:33:51,2026-07,08.189.400/0001-07,UN,1.0,23.99,23.99,True
76d4833ef5cd347d,Capsula Tres Rituais 80G Exoti,2026-07-02 20:33:51,2026-07,08.189.400/0001-07,UN,1.0,23.99,299.875,True
7e454c8dd72e3b55,Capsula Tres C.Espresso Ameno,2026-07-02 20:33:51,2026-07,08.189.400/0001-07,UN,1.0,23.99,23.99,True
5ae6ad41e5f69f89,Capsula Tres C.Espresso Suprem,2026-07-02 20:33:51,2026-07,08.189.400/0001-07,UN,1.0,23.99,23.99,True
7b97a80fffbde4ca,Detergente Liquido Ype 500Ml L,2026-07-02 20:33:51,2026-07,08.189.400/0001-07,UN,1.0,2.49,4.98,True
e9c2685ff24ca2fd,Engate Rapido Tramontina Para,2026-07-02 20:33:51,2026-07,08.189.400/0001-07,UN,1.0,3.99,3.99,True
557c578c801afd42,Limao Taiti Kg,2026-07-02 20:33:51,2026-07,08.189.400/0001-07,KG,0.585,3.99,3.99,True
31edfb10b4d49a46,PEPINO RODELAS HEMMER 440G,2026-07-02 20:33:51,2026-07,08.189.400/0001-07,UN,1.0,23.49,53.38636363636363,True
75700ed225cdf3a6,AGUA MIN INDAIA PET 330ML C/GAS,2026-07-02 20:33:51,2026-07,08.189.400/0001-07,UN,2.0,2.39,7.242424242424242,True
585d1f6596a6608e,Palmito Golden Palm Extra Maci,2026-07-02 20:33:51,2026-07,08.189.400/0001-07,UN,1.0,21.69,21.69,True
585d1f6596a6608e,Palmito Golden Palm Extra Maci,2026-07-02 20:33:51,2026-07,08.189.400/0001-07,UN,1.0,21.69,21.69,True
0ab666e3c6b7ef72,DESODORANTE AER AXE BLACK 150ML/96G,2026-07-02 20:33:51,2026-07,08.189.400/0001-07,UN,1.0,15.59,103.93333333333334,True
8e8bc890ccd06778,Odorizante Glade 360Ml F.Flore,2026-07-02 20:33:51,2026-07,08.189.400/0001-07,UN,1.0,15.99,44.41666666666667,True
78ca6b1c5945eee8,Limpa Couro Tecbril 200Ml,2026-07-02 20:33:51,2026-07,08.189.400/0001-07,UN,1.0,19.99,99.95,True
000d4a718e976ca3,Fosforo Fiat Lux Casa Longo C,2026-07-02 20:33:51,2026-07,08.189.400/0001-07,UN,1.0,4.39,4.39,True
5eebe0310fea398a,Fita Multi Uso Adere Silver Ta,2026-07-02 20:33:51,2026-07,08.189.400/0001-07,UN,1.0,12.99,12.99,True
a53f6a066e92552d,Amaciante Ype Ternura 500Ml,2026-07-02 20:33:51,2026-07,08.189.400/0001-07,UN,1.0,3.99,7.98,True
a42f9bf742cb6411,Abracadeira Em Nylon Tramontin,2026-07-02 20:33:51,2026-07,08.189.400/0001-07,UN,1.0,14.99,14.99,True
9419195e50670dfa,ENRAIAÃÃO POR RODAS,2026-06-30 13:11:57,2026-06,41.869.095/0001-61,UN,2.0,100.0,100.0,True
d86148d1b2e4d04b,REVISÃO ROST OFF/GRAXA WURTH,2026-06-30 13:11:57,2026-06,41.869.095/0001-61,UN,1.0,180.0,180.0,True
c9d6f82c4d1a66b5,"RAIO INOX NIPLE 2,0 X 260MM",2026-06-30 13:11:57,2026-06,41.869.095/0001-61,UN,64.0,2.85,2.85,True
c437cd537ec5eb48,CORRENTE KMC 8V Z8.3 CINZA 116 ELOS,2026-06-30 13:11:57,2026-06,41.869.095/0001-61,UN,1.0,95.0,95.0,True
26d7c74afe698f0a,FITA DE ARO PROTETORA 26 MTB 18MM NYLON,2026-06-30 13:11:57,2026-06,41.869.095/0001-61,UN,2.0,5.0,5.0,True
57bebac15114b080,"ABRAÃADEIRA NYLON 6.6 PTA WURTH 3,5X200MM UNID.",2026-06-30 13:11:57,2026-06,41.869.095/0001-61,UN,2.0,0.9,0.9,True
8473afd89d78ca34,CHIC. MENTOS PURE FRUIT TUTTI-FRUTTI 6G,2026-06-30 13:11:57,2026-06,41.869.095/0001-61,UN,1.0,3.0,500.0,True
9b6bd0bd00a91e41,COXA S COXA CG IN NAT CANCAO KG,2026-06-22 14:04:40,2026-06,03.721.769/0003-59,Kg,36.0,9.19,9.19,True
a30aabc265406994,SARDINHA LAGE HG IQF 1KG,2026-06-22 14:04:40,2026-06,03.721.769/0003-59,Kg,30.0,12.99,12.99,True
7bcabd9dfaf570cf,MAMINHA MB CG KG,2026-06-22 14:04:40,2026-06,03.721.769/0003-59,Kg,2.158,47.988879,47.988879,True
3207890c68894195,LING TOSC C PIM NA BRASA PERD 60,2026-06-22 14:04:40,2026-06,03.721.769/0003-59,PAC,2.0,26.79,26.79,True
87f30fd2cf4c70ac,MOCOTO FAT VAC KG,2026-06-22 14:04:40,2026-06,03.721.769/0003-59,Kg,5.114,17.989832,17.989832,True
66eaf46f9718627d,LING GOURM CUIABANA SEARA 500G,2026-06-22 14:04:40,2026-06,03.721.769/0003-59,Un,2.0,23.39,46.78,True
f168837bf9baad41,ESP CARNE MB,2026-06-22 14:04:40,2026-06,03.721.769/0003-59,Kg,0.958,45.490605,45.490605,True
d581ed72cc3de3b6,COSTELA SUI IN FRIMESA CG KG,2026-06-22 14:04:40,2026-06,03.721.769/0003-59,Kg,3.57,41.490196,41.490196,True
26c1f6787502717f,FILE SUINO IN FRIMESA CG KG,2026-06-22 14:04:40,2026-06,03.721.769/0003-59,Kg,2.292,42.993019,42.993019,True
59aa1aaaa882159d,FILE SALMAO PEDAA O KD 500 1000G,2026-06-22 14:04:40,2026-06,03.721.769/0003-59,Kg,1.538,120.988296,120.988296,True
88f559553dddda4c,MAMINHA MASTER GRILL RF KG,2026-06-22 14:04:40,2026-06,03.721.769/0003-59,Kg,2.444,71.988543,71.988543,True
7f5f166f9e7bf2fa,FIGADO BOV PORC MB,2026-06-22 14:04:40,2026-06,03.721.769/0003-59,Kg,3.322,26.390728,26.390728,True
60dc05ec5c89d797,BACON FATIADO FLESTE CG KG,2026-06-22 14:04:40,2026-06,03.721.769/0003-59,Kg,1.0,47.49,47.49,True
4b9c63976d35a6e2,PICANHA SUI IN FRIM CG KG,2026-06-22 14:04:40,2026-06,03.721.769/0003-59,Kg,2.182,41.787351,41.787351,True
d0d5a0f45931b52b,COPA LOMBO INT FLESTE CG KG,2026-06-22 14:04:40,2026-06,03.721.769/0003-59,Kg,1.962,33.491335,33.491335,True
1e465e0140ebb9f0,MANJUBA INTEIRA MB PCTE 800G,2026-06-22 14:04:40,2026-06,03.721.769/0003-59,Un,3.0,22.79,28.4875,True
b77e57172f5cb54f,COSTELA MINGA FAT MBLACK CG KG,2026-06-22 14:04:40,2026-06,03.721.769/0003-59,Kg,1.016,37.785433,37.785433,True
02a0ccede4c833a8,PEITO BRISKET FAT MBLACK CG KG,2026-06-22 14:04:40,2026-06,03.721.769/0003-59,Kg,2.114,49.692526,49.692526,True
774406beebec4534,ALCATRA BABYBEEF MBLACK CG KG,2026-06-22 14:04:40,2026-06,03.721.769/0003-59,Kg,1.55,81.987097,81.987097,True
182e1b996a312d31,ENTRECOTE MB F COST FAT GRILL CG,2026-06-22 14:04:40,2026-06,03.721.769/0003-59,Kg,2.038,59.990186,59.990186,True
82497919560a2ee5,ALCATRA BOMBOM MBLACK CG KG,2026-06-22 14:04:40,2026-06,03.721.769/0003-59,Kg,1.422,93.987342,93.987342,True
64274636144787b3,PAO DE ALHO SANTA MASSA 400G  TR,2026-06-22 14:04:40,2026-06,03.721.769/0003-59,Un,2.0,13.99,34.975,True
453354d4a0722718,PAO DE ALHO MB 300G,2026-06-22 14:04:40,2026-06,03.721.769/0003-59,Un,1.0,12.29,40.96666666666667,True
36b6f1dcc7083c4b,LINGUICA BOV  CONG  MASTERBLACK,2026-06-22 14:04:40,2026-06,03.721.769/0003-59,PAC,3.0,14.39,14.39,True
5532df22b2f6f4ae,CHORIZO FAT MB CONTRA FILE GRILL,2026-06-22 14:04:40,2026-06,03.721.769/0003-59,Kg,1.576,65.989848,65.989848,True
c73ddc7a474cae1e,CERV HEINEKEN L NECK 330ML,2026-06-22 14:04:40,2026-06,03.721.769/0003-59,Un,1.0,5.99,18.151515151515152,True
0efd159e0ed69215,Bacon Dalia Ext.Lombo Fat Kg,2026-06-17 18:16:17,2026-06,08.189.400/0001-07,KG,0.202,44.99,44.99,True
0efd159e0ed69215,Bacon Dalia Ext.Lombo Fat Kg,2026-06-17 18:16:17,2026-06,08.189.400/0001-07,KG,0.236,44.99,44.99,True
72d581f65e336dc1,Kiwi Sungold Zespri  440G,2026-06-17 18:16:17,2026-06,08.189.400/0001-07,UN,1.0,20.99,47.70454545454545,True
557c578c801afd42,Limao Taiti Kg,2026-06-17 18:16:17,2026-06,08.189.400/0001-07,KG,0.37,3.99,3.99,True
3e7d1c47c75f8271,Queijo President Petit 125G Ca,2026-06-17 18:16:17,2026-06,08.189.400/0001-07,UN,1.0,22.99,183.92,True
5ac20a2136a19544,SALAME ITALIANO AURORA 100G,2026-06-17 18:16:17,2026-06,08.189.400/0001-07,UN,1.0,11.79,117.9,True
6e7567d22747d53f,Salame Milano Vito Balducci Fa,2026-06-17 18:16:17,2026-06,08.189.400/0001-07,UN,1.0,23.99,23.99,True
7c7e89524276e4e9,PRESUNTO CRU ITALIANO VITO B. 100G,2026-06-17 18:16:17,2026-06,08.189.400/0001-07,UN,1.0,25.99,259.9,True
5ac20a2136a19544,SALAME ITALIANO AURORA 100G,2026-06-17 18:16:17,2026-06,08.189.400/0001-07,UN,1.0,11.79,117.9,True
317cb10c2652864f,Salame Tipo Hamburgues Dor 80G,2026-06-17 18:16:17,2026-06,08.189.400/0001-07,UN,1.0,18.99,237.375,True
adbf8945c13c9985,Pastilha Ades.Pato C 6 Citrus,2026-06-17 18:16:17,2026-06,08.189.400/0001-07,UN,1.0,13.49,13.49,True
580938d01c6f1f96,SABONETE PHEBO ODOR DE ROSAS 90G,2026-06-17 18:16:17,2026-06,08.189.400/0001-07,UN,2.0,5.29,58.77777777777778,True
8df522621feee253,Requeijao Catupiry Cremoso 180,2026-06-17 18:16:17,2026-06,08.189.400/0001-07,UN,1.0,10.49,10.49,True
2f7a4617e8470d26,Cerveja Blue Moon Lt 350Ml Bel,2026-06-17 18:16:17,2026-06,08.189.400/0001-07,UN,5.0,7.99,22.82857142857143,True
1c4de4b6a8b0b5bd,AGUA MIN INDAIA PET 500ML C GAS,2026-06-17 18:16:17,2026-06,08.189.400/0001-07,UN,1.0,2.39,4.78,True
9b4d479a89a8183b,BEBIDA ISOT GATORADE PT 500ML MORAN MARAC,2026-06-17 18:16:17,2026-06,08.189.400/0001-07,UN,1.0,5.99,11.98,True
76d4833ef5cd347d,Capsula Tres Rituais 80G Exoti,2026-06-17 18:16:17,2026-06,08.189.400/0001-07,UN,1.0,19.99,249.875,True
76d4833ef5cd347d,Capsula Tres Rituais 80G Exoti,2026-06-17 18:16:17,2026-06,08.189.400/0001-07,UN,1.0,19.99,249.875,True
d452dd000566044c,Biscoito Piraque Roladinho De,2026-06-17 18:16:17,2026-06,08.189.400/0001-07,UN,3.0,4.99,4.99,True
7e454c8dd72e3b55,Capsula Tres C.Espresso Ameno,2026-06-17 18:16:17,2026-06,08.189.400/0001-07,UN,1.0,19.99,19.99,True
7e454c8dd72e3b55,Capsula Tres C.Espresso Ameno,2026-06-17 18:16:17,2026-06,08.189.400/0001-07,UN,1.0,19.99,19.99,True
7e454c8dd72e3b55,Capsula Tres C.Espresso Ameno,2026-06-17 18:16:17,2026-06,08.189.400/0001-07,UN,1.0,19.99,19.99,True
41c1bda1398a8dbf,Queijo Coalho Ilpla Kg,2026-06-17 18:16:17,2026-06,08.189.400/0001-07,KG,0.382,41.39,41.39,True
dc91aa2dc603fe2b,Leite Fermentado Yakult 480G T,2026-06-17 18:16:17,2026-06,08.189.400/0001-07,UN,2.0,16.99,35.39583333333333,True
8ede809f2c98f0ed,Torrada Marilan Magic Toast 11,2026-06-17 18:16:17,2026-06,08.189.400/0001-07,UN,2.0,6.69,6.69,True
a8ae30115f5baada,Arroz  Branco Arretado 1Kg,2026-06-17 18:16:17,2026-06,08.189.400/0001-07,UN,2.0,3.99,3.99,True
13cbe91fc3507f60,FLOCAO MILHO VITAMILHO 500G,2026-06-17 18:16:17,2026-06,08.189.400/0001-07,UN,2.0,1.64,3.28,True
8e50f6c5c22c872d,Toalha De Papel Mili Branco C,2026-06-17 18:16:17,2026-06,08.189.400/0001-07,UN,1.0,4.99,4.99,True
4926261357c990c0,Lencos Umed.Huggies 48un Rosto,2026-06-17 18:16:17,2026-06,08.189.400/0001-07,UN,1.0,17.99,17.99,True
472ed4d0ec1a7623,Aveia Em Flocos Finos Yoki 170,2026-06-17 18:16:17,2026-06,08.189.400/0001-07,UN,2.0,4.69,4.69,True
d8b6469efbff7e3d,Aveia Em Flocos Yoki 170G Cx.,2026-06-17 18:16:17,2026-06,08.189.400/0001-07,UN,2.0,4.69,27.58823529411765,True
a3fc122249f5fdbc,Gel Dental Colgate Natural Ext,2026-06-17 18:16:17,2026-06,08.189.400/0001-07,UN,1.0,18.99,18.99,True
40d10dfbd810170e,Copo Termico Copobras 120Ml C,2026-06-17 18:16:17,2026-06,08.189.400/0001-07,UN,1.0,9.99,83.25,True
3f699d8d79da3074,Geleia St.Dalfour Cranberries,2026-06-17 18:16:17,2026-06,08.189.400/0001-07,UN,1.0,36.99,36.99,True
fb78aaba876896d9,Desodorante Aero Axe 152Ml  90,2026-06-17 18:16:17,2026-06,08.189.400/0001-07,UN,1.0,15.59,102.5657894736842,True
db79b8e078aed59f,Peixe Sardinha P. Da Cruz Char,2026-06-17 18:16:17,2026-06,08.189.400/0001-07,UN,4.0,17.49,17.49,True
6a50ceac4ca02b40,MOCOTO BOV kg,2026-05-19 20:14:00,2026-05,08.414.996/0002-74,KG,0.828,11.99,11.99,True
71196d56dd72f2bd,TORRADA M TOAST MARILAN 110G CACAU CEREAIS,2026-05-19 20:14:00,2026-05,08.414.996/0002-74,UN,1.0,6.99,63.54545454545455,True
8ede809f2c98f0ed,Torrada Marilan Magic Toast 11,2026-05-19 20:14:00,2026-05,08.414.996/0002-74,UN,1.0,6.99,6.99,True
8ede809f2c98f0ed,Torrada Marilan Magic Toast 11,2026-05-19 20:14:00,2026-05,08.414.996/0002-74,UN,1.0,6.99,6.99,True
ba68c850bd49d660,QUEIJO BRIE SAO VICENTE kg FORMA,2026-05-19 20:14:00,2026-05,08.414.996/0002-74,KG,0.122,109.9,109.9,True
b33072183eb85439,PAO FRANCES kg,2026-05-19 20:14:00,2026-05,08.414.996/0002-74,KG,0.095,15.99,15.99,True
cb3da34ea4e791f4,COENTRO NV UND,2026-05-19 20:14:00,2026-05,08.414.996/0002-74,UN,1.0,3.99,3.99,True
1c4de4b6a8b0b5bd,AGUA MIN INDAIA PET 500ML C GAS,2026-05-19 20:14:00,2026-05,08.414.996/0002-74,UN,1.0,2.09,4.18,True
04e0ce016b201b67,Salame Sadia Italiano Fat.Sssf,2026-05-19 20:14:00,2026-05,08.414.996/0002-74,UN,1.0,14.99,14.99,True
f8b0fb3f3ef9dd29,MORTADELA DEF SADIA 200G FATIAS FINAS,2026-05-19 20:14:00,2026-05,08.414.996/0002-74,UN,1.0,9.49,47.45,True
3f22ce356d3a4e17,SALAME MILANO D OR 100G,2026-05-19 20:14:00,2026-05,08.414.996/0002-74,UN,1.0,21.9,219.0,True
223d9fbf31234288,BACON DEFUMADO SADIA PCT 250G FATIADO,2026-05-19 20:14:00,2026-05,08.414.996/0002-74,UN,1.0,22.9,91.6,True
7c7e89524276e4e9,PRESUNTO CRU ITALIANO VITO B. 100G,2026-05-19 20:14:00,2026-05,08.414.996/0002-74,UN,1.0,23.9,239.0,True
7c7e89524276e4e9,PRESUNTO CRU ITALIANO VITO B. 100G,2026-05-19 20:14:00,2026-05,08.414.996/0002-74,UN,1.0,23.9,239.0,True
def7e56bfa83dcba,BOLO ROLO UNIRELLA 350G CHOCOLATE,2026-05-19 20:14:00,2026-05,08.414.996/0002-74,UN,1.0,16.99,48.54285714285714,True
76c4866bab4c6756,BATATA DOCE ROXA kg,2026-05-19 20:14:00,2026-05,08.414.996/0002-74,KG,0.85,5.99,5.99,True
7520174d153b9ab3,CENOURA kg,2026-05-19 20:14:00,2026-05,08.414.996/0002-74,KG,0.995,8.99,8.99,True
9baeab828b3f28fb,BATATA INGLESA kg,2026-05-19 20:14:00,2026-05,08.414.996/0002-74,KG,0.58,12.9,12.9,True
d320881ee9570766,"CS PASTILHA TIC TAC 14,5G LARANJA",2026-05-19 20:14:00,2026-05,08.414.996/0002-74,UN,1.0,3.79,261.3793103448276,True
f3b0692ffd767296,"CS PASTILHA TIC TAC 14,5G MENTA",2026-05-19 20:14:00,2026-05,08.414.996/0002-74,UN,2.0,3.79,261.3793103448276,True
d320881ee9570766,"CS PASTILHA TIC TAC 14,5G LARANJA",2026-05-19 20:14:00,2026-05,08.414.996/0002-74,UN,1.0,3.79,261.3793103448276,True
d99266aa7da4ab00,PE FRANGO kg RESF.,2026-05-19 20:14:00,2026-05,08.414.996/0002-74,KG,0.764,8.99,8.99,True
d99266aa7da4ab00,PE FRANGO kg RESF.,2026-05-19 20:14:00,2026-05,08.414.996/0002-74,KG,0.72,8.99,8.99,True
d99266aa7da4ab00,PE FRANGO kg RESF.,2026-05-19 20:14:00,2026-05,08.414.996/0002-74,KG,0.694,8.99,8.99,True
d99266aa7da4ab00,PE FRANGO kg RESF.,2026-05-19 20:14:00,2026-05,08.414.996/0002-74,KG,0.7,8.99,8.99,True
2b86ad3b67c06f80,QUEIJO MUSSARELA DIBUFALO 250G PT,2026-05-19 20:14:00,2026-05,08.414.996/0002-74,UN,1.0,28.49,113.96,True
dc91aa2dc603fe2b,Leite Fermentado Yakult 480G T,2026-05-19 20:14:00,2026-05,08.414.996/0002-74,UN,1.0,14.79,30.8125,True
dc91aa2dc603fe2b,Leite Fermentado Yakult 480G T,2026-05-19 20:14:00,2026-05,08.414.996/0002-74,UN,1.0,14.79,30.8125,True
49ec21415871968f,SALADA FRUTAS kg,2026-05-19 20:14:00,2026-05,08.414.996/0002-74,KG,0.354,24.9,24.9,True
49ec21415871968f,SALADA FRUTAS kg,2026-05-19 20:14:00,2026-05,08.414.996/0002-74,KG,0.404,24.9,24.9,True
cb168b32a4982ec6,DAMASCO SECO kg,2026-05-19 20:14:00,2026-05,08.414.996/0002-74,KG,0.156,209.9,209.9,True
48e8c66df735281d,UVA PASSA S SEMENTE kg,2026-05-19 20:14:00,2026-05,08.414.996/0002-74,KG,0.31,27.9,27.9,True
36f288b29946695f,REQUEIJAO CREM CATUPIRY 200G TRAD,2026-05-19 20:14:00,2026-05,08.414.996/0002-74,UN,1.0,10.29,51.45,True
227cb1bccb510b51,MANTEIGA ITACOLOMY PT 200G C/SAL,2026-05-19 20:14:00,2026-05,08.414.996/0002-74,UN,1.0,14.99,74.95,True
e98e47add90b79a7,BEBIDA LACT TODDYNHO TRAD 200ML,2026-05-19 20:14:00,2026-05,08.414.996/0002-74,UN,6.0,2.99,14.95,True
feb64d38fb3153e7,CAFE CAPS 3CORACOES C.10UN ESPRESS VIBRANT,2026-05-19 20:14:00,2026-05,08.414.996/0002-74,UN,2.0,24.99,24.99,True
5ae6ad41e5f69f89,Capsula Tres C.Espresso Suprem,2026-05-19 20:14:00,2026-05,08.414.996/0002-74,UN,2.0,24.99,24.99,True
c0d2a4c9c9dfcea9,CAFE 3 CORACOES 10 CAPSULAS FORZA,2026-05-19 20:14:00,2026-05,08.414.996/0002-74,UN,1.0,24.99,24.99,True
8877c9e5479f806a,AVEIA FLOCOS NESTLE CX 170G FINOS,2026-05-19 20:14:00,2026-05,08.414.996/0002-74,UN,5.0,3.49,20.52941176470588,True
1c4de4b6a8b0b5bd,AGUA MIN INDAIA PET 500ML C GAS,2026-05-19 20:14:00,2026-05,08.414.996/0002-74,UN,1.0,2.09,4.18,True
847c35aa53e1e2dd,VINAGRE MACA MINHOTO LV750PG500ML,2026-05-19 20:14:00,2026-05,08.414.996/0002-74,UN,1.0,7.89,15.78,True
1f4ed5c471abd0e4,VINAGRE MINHOTO ALCOOL 750ML,2026-05-19 20:14:00,2026-05,08.414.996/0002-74,UN,1.0,5.39,7.1866666666666665,True
21b9ee396bebc4a4,ESPUMANTE ESP CODORNIU 750ML BRUT,2026-05-19 20:14:00,2026-05,08.414.996/0002-74,UN,1.0,79.9,106.53333333333336,True
21b9ee396bebc4a4,ESPUMANTE ESP CODORNIU 750ML BRUT,2026-05-19 20:14:00,2026-05,08.414.996/0002-74,UN,1.0,79.9,106.53333333333336,True
5f0b0069061914bd,COPO DESC TERM TOTALPLAST 120ML,2026-05-19 20:14:00,2026-05,08.414.996/0002-74,UN,1.0,5.99,49.91666666666667,True
ae2d50c10c7d570f,CR DENT COLGATE 90G SENS P ALIVIO IMED BRANQEADOR,2026-05-19 20:14:00,2026-05,08.414.996/0002-74,UN,1.0,21.99,244.3333333333333,True
fc264cf0d359985b,CR DENT COLGATE 70G LUM WHITE BRILLIANT,2026-05-19 20:14:00,2026-05,08.414.996/0002-74,UN,1.0,13.99,199.85714285714283,True
d1c8eda3894d8852,Inseticida Sbp Aero.Multiinset,2026-05-19 20:14:00,2026-05,08.414.996/0002-74,UN,1.0,15.99,15.99,True
d1c8eda3894d8852,Inseticida Sbp Aero.Multiinset,2026-05-19 20:14:00,2026-05,08.414.996/0002-74,UN,1.0,15.99,15.99,True
d54faec5470983b7,SABONETE BARRA PHEBO 90G RAIZ ORIENTE,2026-05-19 20:14:00,2026-05,08.414.996/0002-74,UN,4.0,5.99,66.55555555555556,True
ed300fe97fcf7f43,SABONETE BARRA PHEBO 100G CREM ALFAZ PROVENCIAL,2026-05-19 20:14:00,2026-05,08.414.996/0002-74,UN,1.0,6.99,69.89999999999999,True
6163c84a1389ac53,APARELHO BARB GILLETTE C.4UN PROMO FRESH,2026-05-19 20:14:00,2026-05,08.414.996/0002-74,UN,1.0,33.99,33.99,True
aa705b784c25c1eb,PAST SANIT ADESI PATO OFERT ESP C.3 TROPICAL,2026-05-19 20:14:00,2026-05,08.414.996/0002-74,UN,1.0,6.99,6.99,True
df31b6ad16c1913e,CS PILHA ALC RAYOVAC AAA C.2UN,2026-05-19 20:14:00,2026-05,08.414.996/0002-74,UN,1.0,14.99,14.99,True
ab4abe0e0955262e,FIO DENTAL COLGATE 50M MENTA,2026-05-19 20:14:00,2026-05,08.414.996/0002-74,UN,1.0,16.99,16.99,True
c5e5558273a44067,PAPEL TOALHA SCALA C.2 UND 120 FOLHAS,2026-05-19 20:14:00,2026-05,08.414.996/0002-74,UN,1.0,6.79,6.79,True
f34d2df59d0ff477,PAPEL HIG NEVE FD LV12PG11 30M,2026-05-19 20:14:00,2026-05,08.414.996/0002-74,UN,1.0,23.99,23.99,True
c693a96bf2489347,WHISKY OLD PARR GF 500ML 12 ANOS,2026-04-17 12:41:48,2026-04,08.414.996/0002-74,UN,1.0,79.9,159.8,True
85642248e5ab4f8f,BEBIDA ENERG RED BULL LT 250ML MELANCIA,2026-04-17 12:41:48,2026-04,08.414.996/0002-74,UN,1.0,8.99,35.96,True
c9da45c1196ed720,ESPUMANTE CHI LOMA NEGRA 750ML BRUT,2026-04-17 12:41:48,2026-04,08.414.996/0002-74,UN,1.0,49.9,66.53333333333333,True
21b9ee396bebc4a4,ESPUMANTE ESP CODORNIU 750ML BRUT,2026-04-17 12:41:48,2026-04,08.414.996/0002-74,UN,1.0,79.9,106.53333333333336,True
c86daecd4bc578ba,LICOR AMARULA GF 750ML TRAD,2026-04-17 12:41:48,2026-04,08.414.996/0002-74,UN,1.0,124.99,166.65333333333334,True
e0e490b3d91f8cea,VERMOUTH MARTINI GF 750ML ROSSO,2026-04-17 12:41:48,2026-04,08.414.996/0002-74,UN,1.0,53.9,71.86666666666666,True
5dc9caa5f608278a,GIN TANQUERAY 750ML,2026-04-17 12:41:48,2026-04,08.414.996/0002-74,UN,1.0,99.9,133.20000000000002,True
11ab4ab69d548523,VODKA ABSOLUT GF 1L,2026-04-17 12:41:48,2026-04,08.414.996/0002-74,UN,1.0,99.9,99.9,True
d57abc2ba1642fa1,LICOR COINTREAU GF 700ML,2026-04-17 12:41:48,2026-04,08.414.996/0002-74,UN,1.0,158.9,227.00000000000003,True
789e55c826775994,BEB APERITIVO CAMPARI VD 748ML,2026-04-17 12:41:48,2026-04,08.414.996/0002-74,UN,1.0,53.99,72.17914438502675,True
c9da45c1196ed720,ESPUMANTE CHI LOMA NEGRA 750ML BRUT,2026-04-17 12:41:48,2026-04,08.414.996/0002-74,UN,1.0,49.9,66.53333333333333,True
b0737eba5d72153f,"REFRI SCHWEPPES PET 1,5L CITRUS",2026-04-17 12:41:48,2026-04,08.414.996/0002-74,UN,1.0,7.99,5.326666666666667,True
0841b278f64e13fc,QUEIJO REINO SAO VICENTE kg CRY,2026-04-17 12:41:48,2026-04,08.414.996/0002-74,KG,0.095,104.9,104.9,True
1477e27a00d1d88a,AGUA TONICA SCHWEPPES LT 350ML S/ACUCAR,2026-04-17 12:41:48,2026-04,08.414.996/0002-74,UN,6.0,3.29,9.4,True
63475ee4e799036d,FACA P. CARNE INOX TRAMONTINA 8POL CHURR.,2026-04-17 12:41:48,2026-04,08.414.996/0002-74,UN,1.0,32.99,32.99,True
1d37f5b7bac50d9f,TORRADA PANVEIGA 150G ALHO,2026-04-17 12:41:48,2026-04,08.414.996/0002-74,UN,1.0,6.49,43.26666666666667,True
8011b95eaaea7570,TORRADA PANVEIGA 150G AMANTEIGADA,2026-04-17 12:41:48,2026-04,08.414.996/0002-74,UN,1.0,6.49,43.26666666666667,True
c560a8b13cb4ea0d,COPO PLAST WHISKY C10 300ML,2026-04-17 12:41:48,2026-04,08.414.996/0002-74,UN,1.0,11.99,39.96666666666667,True
07612a27836a820d,COPO DESC PP TOTALPLAST 300ML TRANSP.,2026-04-17 12:41:48,2026-04,08.414.996/0002-74,UN,1.0,11.99,39.96666666666667,True
85642248e5ab4f8f,BEBIDA ENERG RED BULL LT 250ML MELANCIA,2026-04-17 12:41:48,2026-04,08.414.996/0002-74,UN,1.0,8.99,35.96,True
2f68057ade724705,BEBIDA ENERG RED BULL LT 250ML,2026-04-17 12:41:48,2026-04,08.414.996/0002-74,UN,1.0,8.99,35.96,True
628a75d3e750f2c1,MOLHO PASSATA CIRIO VD 700G TRAD,2026-04-17 12:41:48,2026-04,08.414.996/0002-74,UN,1.0,16.99,24.27142857142857,True
369f2526964f27d3,ALCOOL LIQ SANTA CRUZ 1L 54,2026-04-17 12:41:48,2026-04,08.414.996/0002-74,UN,1.0,8.99,8.99,True
5f0b0069061914bd,COPO DESC TERM TOTALPLAST 120ML,2026-04-17 12:41:48,2026-04,08.414.996/0002-74,UN,1.0,5.99,49.91666666666667,True
07612a27836a820d,COPO DESC PP TOTALPLAST 300ML TRANSP.,2026-04-17 12:41:48,2026-04,08.414.996/0002-74,UN,1.0,11.99,39.96666666666667,True
74dabbe4687cde8f,COPO DESC COPOBRAS 250ML TRANSP,2026-04-17 12:41:48,2026-04,08.414.996/0002-74,UN,1.0,11.99,47.96,True
703fbbc53aac91e4,OVOS VERM SOUZA GD C 30,2026-04-17 12:41:48,2026-04,08.414.996/0002-74,UN,1.0,21.9,21.9,True
27e918466c1e17f2,PRATO DESC COPOBRAS C10 PRF012 12X10,2026-04-17 12:41:48,2026-04,08.414.996/0002-74,UN,3.0,1.99,1.99,True
86c6b2f4dea3fc17,PRATO DESC COPOBRAS FUNDO PRF15,2026-04-17 12:41:48,2026-04,08.414.996/0002-74,UN,3.0,2.29,2.29,True
86c6b2f4dea3fc17,PRATO DESC COPOBRAS FUNDO PRF15,2026-04-17 12:41:48,2026-04,08.414.996/0002-74,UN,1.0,2.29,2.29,True
66c40033582c9834,CANUDO PAPEL BOMPACK 6MM C25,2026-04-17 12:41:48,2026-04,08.414.996/0002-74,UN,1.0,4.99,4.99,True
66c40033582c9834,CANUDO PAPEL BOMPACK 6MM C25,2026-04-17 12:41:48,2026-04,08.414.996/0002-74,UN,1.0,4.99,4.99,True
66c40033582c9834,CANUDO PAPEL BOMPACK 6MM C25,2026-04-17 12:41:48,2026-04,08.414.996/0002-74,UN,1.0,4.99,4.99,True
44bedb1995c41f0e,GEL ADESI PATO C.6 OFERTA ESPECIAL LAVANDA,2026-04-17 12:41:48,2026-04,08.414.996/0002-74,UN,1.0,14.99,14.99,True
a8bb6c678ed659bf,GARFO REFEICAO STRAW C50 CRISTAL,2026-04-17 12:41:48,2026-04,08.414.996/0002-74,UN,1.0,4.99,4.99,True
ccb3083781f37cb0,FACA REFEICAO STRAWPLAST C50 FORTE BCO,2026-04-17 12:41:48,2026-04,08.414.996/0002-74,UN,1.0,12.99,12.99,True
a8bb6c678ed659bf,GARFO REFEICAO STRAW C50 CRISTAL,2026-04-17 12:41:48,2026-04,08.414.996/0002-74,UN,1.0,4.99,4.99,True
a8bb6c678ed659bf,GARFO REFEICAO STRAW C50 CRISTAL,2026-04-17 12:41:48,2026-04,08.414.996/0002-74,UN,1.0,4.99,4.99,True
5369e4027711a971,COLHER REFEICAO STRAW C50 CRISTAL,2026-04-17 12:41:48,2026-04,08.414.996/0002-74,UN,1.0,4.99,4.99,True
855fcb9180a929c8,LEITE CONDENS CAMPONESA TP 395G INTEGRAL,2026-04-17 12:41:48,2026-04,08.414.996/0002-74,UN,1.0,7.89,19.9746835443038,True
855fcb9180a929c8,LEITE CONDENS CAMPONESA TP 395G INTEGRAL,2026-04-17 12:41:48,2026-04,08.414.996/0002-74,UN,1.0,7.89,19.9746835443038,True
c560a8b13cb4ea0d,COPO PLAST WHISKY C10 300ML,2026-04-17 12:41:48,2026-04,08.414.996/0002-74,UN,1.0,11.99,39.96666666666667,True
f34d2df59d0ff477,PAPEL HIG NEVE FD LV12PG11 30M,2026-04-17 12:41:48,2026-04,08.414.996/0002-74,UN,1.0,23.99,23.99,True
7b7a938cd625bb81,VELA ANIV REGINA C4 ESTRELA PRATA,2026-04-17 12:41:48,2026-04,08.414.996/0002-74,UN,1.0,5.99,5.99,True
f9c3829ebc577e0c,"PAPEL ALUM TERMICA 7,5MX45CM",2026-04-17 12:41:48,2026-04,08.414.996/0002-74,UN,1.0,9.99,9.99,True
b6c31f6f188d4ba1,ACEND SOLIDO PRIME GRILL C8 BASTON,2026-04-17 12:41:48,2026-04,08.414.996/0002-74,UN,1.0,25.9,25.9,True
27e918466c1e17f2,PRATO DESC COPOBRAS C10 PRF012 12X10,2026-04-17 12:41:48,2026-04,08.414.996/0002-74,UN,2.0,1.99,1.99,True
18d1480bfe065dbe,COXA C SOBREC FGO BOM TODO BD 1kg,2026-04-17 12:41:48,2026-04,08.414.996/0002-74,UN,1.0,11.99,11.99,True
d99266aa7da4ab00,PE FRANGO kg RESF.,2026-04-17 12:41:48,2026-04,08.414.996/0002-74,KG,0.918,8.99,8.99,True
d99266aa7da4ab00,PE FRANGO kg RESF.,2026-04-17 12:41:48,2026-04,08.414.996/0002-74,KG,0.918,8.99,8.99,True
d99266aa7da4ab00,PE FRANGO kg RESF.,2026-04-17 12:41:48,2026-04,08.414.996/0002-74,KG,0.902,8.99,8.99,True
5ac20a2136a19544,SALAME ITALIANO AURORA 100G,2026-04-17 12:41:48,2026-04,08.414.996/0002-74,UN,1.0,12.99,129.9,True
5ac20a2136a19544,SALAME ITALIANO AURORA 100G,2026-04-17 12:41:48,2026-04,08.414.996/0002-74,UN,1.0,12.99,129.9,True
5586404fd374bf8a,SALSA NV UND,2026-04-17 12:41:48,2026-04,08.414.996/0002-74,UN,1.0,2.89,2.89,True
182afcff536a0183,ALECRIM NV UND,2026-04-17 12:41:48,2026-04,08.414.996/0002-74,UN,1.0,3.49,3.49,True
30520fad31066f09,UVA BCA LUVVI 400G SEM SEMENTE,2026-04-17 12:41:48,2026-04,08.414.996/0002-74,UN,1.0,10.89,27.225,True
5ec007f5bd55bfbd,PEPINO V FERT SCH 300G,2026-04-17 12:41:48,2026-04,08.414.996/0002-74,UN,1.0,10.99,36.63333333333333,True
d9c2b754b4c06900,AZEITONA VERDE MARIZA SCH 500G INT,2026-04-17 12:41:48,2026-04,08.414.996/0002-74,UN,1.0,18.99,37.98,True
18d1480bfe065dbe,COXA C SOBREC FGO BOM TODO BD 1kg,2026-04-17 12:41:48,2026-04,08.414.996/0002-74,UN,1.0,11.99,11.99,True
590f95072d702490,QUEIJO COALHO STO EXPEDITO kg PECA,2026-04-17 12:41:48,2026-04,08.414.996/0002-74,KG,2.124,46.9,46.9,True
313a8cb28428116e,TOMATE CEREJA RAMA 200G,2026-04-17 12:41:48,2026-04,08.414.996/0002-74,UN,1.0,7.39,36.95,True
313a8cb28428116e,TOMATE CEREJA RAMA 200G,2026-04-17 12:41:48,2026-04,08.414.996/0002-74,UN,1.0,7.39,36.95,True
73abdcb00974d239,"CS PASTILHA TIC TAC 14,5G FRUTAS",2026-04-17 12:41:48,2026-04,08.414.996/0002-74,UN,1.0,3.49,240.6896551724138,True
d320881ee9570766,"CS PASTILHA TIC TAC 14,5G LARANJA",2026-04-17 12:41:48,2026-04,08.414.996/0002-74,UN,1.0,3.49,240.6896551724138,True
32ced4a6ce51eb6a,QUEIJO PROVOLONE REGINA kg,2026-04-17 12:41:48,2026-04,08.414.996/0002-74,KG,0.648,99.9,99.9,True
a1e9a2be721a3e2d,QUEIJO AZUL TIROLEZ kg FRACAO,2026-04-17 12:41:48,2026-04,08.414.996/0002-74,KG,0.166,119.9,119.9,True
6753f902573c69e8,QUEIJO PARMESAO PRESIDENT 180G CILINDRO,2026-04-17 12:41:48,2026-04,08.414.996/0002-74,UN,1.0,22.9,127.2222222222222,True
3cf25c140913ac36,QUEIJO PARMESAO QUATA kg CAPA PRETA,2026-04-17 12:41:48,2026-04,08.414.996/0002-74,KG,0.244,129.9,129.9,True
5ec007f5bd55bfbd,PEPINO V FERT SCH 300G,2026-04-17 12:41:48,2026-04,08.414.996/0002-74,UN,1.0,10.99,36.63333333333333,True
3d6dfb606774a1e8,QUEIJO REINO REGINA 1 4 kg,2026-04-17 12:41:48,2026-04,08.414.996/0002-74,KG,0.244,128.9,128.9,True
6a0c07fd0732a939,GALETO ASSADO CASA UND,2026-04-17 12:41:48,2026-04,08.414.996/0002-74,UN,1.0,34.99,34.99,True
54323557f200ef0c,ALCAPARRAS V FERT SCH 100G,2026-04-17 12:41:48,2026-04,08.414.996/0002-74,UN,1.0,9.99,99.9,True
ffe894fab7c96ab1,MAIONESE HEINZ 390G,2026-04-17 12:41:48,2026-04,08.414.996/0002-74,UN,1.0,18.99,48.692307692307686,True
ffe894fab7c96ab1,MAIONESE HEINZ 390G,2026-04-17 12:41:48,2026-04,08.414.996/0002-74,UN,1.0,18.99,48.692307692307686,True
7e454c8dd72e3b55,Capsula Tres C.Espresso Ameno,2026-04-17 12:41:48,2026-04,08.414.996/0002-74,UN,1.0,23.98,23.98,True
87ebdf91df62aff7,CAFE CAPS 3CORACOES C.10UN CAPP. DOCE LEIT,2026-04-17 12:41:48,2026-04,08.414.996/0002-74,UN,1.0,23.98,23.98,True
a37c82fad5bb2411,AVEIA FLOCOS SAO BRAZ 165G GROSSOS,2026-04-17 12:41:48,2026-04,08.414.996/0002-74,UN,1.0,3.59,21.757575757575754,True
a37c82fad5bb2411,AVEIA FLOCOS SAO BRAZ 165G GROSSOS,2026-04-17 12:41:48,2026-04,08.414.996/0002-74,UN,1.0,3.59,21.757575757575754,True
c5e5558273a44067,PAPEL TOALHA SCALA C.2 UND 120 FOLHAS,2026-04-17 12:41:48,2026-04,08.414.996/0002-74,UN,1.0,6.79,6.79,True
c5e5558273a44067,PAPEL TOALHA SCALA C.2 UND 120 FOLHAS,2026-04-17 12:41:48,2026-04,08.414.996/0002-74,UN,1.0,6.79,6.79,True
87ebdf91df62aff7,CAFE CAPS 3CORACOES C.10UN CAPP. DOCE LEIT,2026-04-17 12:41:48,2026-04,08.414.996/0002-74,UN,1.0,23.98,23.98,True
7e454c8dd72e3b55,Capsula Tres C.Espresso Ameno,2026-04-17 12:41:48,2026-04,08.414.996/0002-74,UN,1.0,23.98,23.98,True
87ebdf91df62aff7,CAFE CAPS 3CORACOES C.10UN CAPP. DOCE LEIT,2026-04-17 12:41:48,2026-04,08.414.996/0002-74,UN,1.0,23.98,23.98,True
feb64d38fb3153e7,CAFE CAPS 3CORACOES C.10UN ESPRESS VIBRANT,2026-04-17 12:41:48,2026-04,08.414.996/0002-74,UN,1.0,23.98,23.98,True
87ebdf91df62aff7,CAFE CAPS 3CORACOES C.10UN CAPP. DOCE LEIT,2026-04-17 12:41:48,2026-04,08.414.996/0002-74,UN,1.0,23.98,23.98,True
feb64d38fb3153e7,CAFE CAPS 3CORACOES C.10UN ESPRESS VIBRANT,2026-04-17 12:41:48,2026-04,08.414.996/0002-74,UN,1.0,23.98,23.98,True
5eea06a1bd92693a,VINAGRE ALCOOL MINHOTO LV750PG500ML,2026-04-17 12:41:48,2026-04,08.414.996/0002-74,UN,1.0,4.39,8.78,True
8d7fe8c7a823058f,MOLHO INGLES GOTA 150ML,2026-04-17 12:41:48,2026-04,08.414.996/0002-74,UN,1.0,2.99,19.933333333333337,True
f312bcbbcbcc9c58,MOSTARDA HEINZ 235G ESCURA,2026-04-17 12:41:48,2026-04,08.414.996/0002-74,UN,1.0,21.99,93.57446808510636,True
750b87e9b324754d,ARROZ PARB KIKA 1kg,2026-04-17 12:41:48,2026-04,08.414.996/0002-74,UN,1.0,3.99,3.99,True
e2860958966ba7b7,ACUCAR UNIAO 1kg REFINADO,2026-04-17 12:41:48,2026-04,08.414.996/0002-74,UN,1.0,6.99,6.99,True
889726f90416f15c,ACUCAR MASCAVO BS 500G,2026-04-17 12:41:48,2026-04,08.414.996/0002-74,UN,1.0,5.99,11.98,True
53997cbedc6b63e6,BACON DEF KG,2026-04-17 11:45:38,2026-04,47.876.184/0003-83,KG,1.002,49.9,49.9,True
599313fea735192d,PAO DE ALHO SANTA MA,2026-04-17 11:45:38,2026-04,47.876.184/0003-83,UN,3.0,18.99,18.99,True
8fdae729d37788c0,COXINHA DA ASA KG,2026-04-17 11:45:38,2026-04,47.876.184/0003-83,KG,2.168,27.99,27.99,True
f0884568f2fde05d,CARVAO BRAS 10KG C A,2026-04-17 11:45:38,2026-04,47.876.184/0003-83,UN,1.0,52.99,5.299,True
eb5209fc488a6160,SAL DE PARRILLA PIME,2026-04-17 11:45:38,2026-04,47.876.184/0003-83,UN,1.0,7.99,7.99,True
ca4249906b247f1c,MAMINHA ORANGES KG B,2026-04-17 11:45:38,2026-04,47.876.184/0003-83,KG,1.57,69.99,69.99,True
46dfec2f5c0073d1,FRALDINHA GRI RIO MA,2026-04-17 11:45:38,2026-04,47.876.184/0003-83,KG,0.856,69.99,69.99,True
5db0bd3bb383f169,CONTTRA FILE FRIBEV,2026-04-17 11:45:38,2026-04,47.876.184/0003-83,KG,1.56,69.99,69.99,True
c9287921e96a7e75,PICANHA BOV NAC KG,2026-04-17 11:45:38,2026-04,47.876.184/0003-83,KG,2.395,68.99,68.99,True
f19030cdae5badc7,CORONA LONG NECK 330,2026-04-17 11:45:38,2026-04,47.876.184/0003-83,UN,1.0,8.99,8.99,True
14f024e24c1b24c1,LING TOSC FRIMESA 1K,2026-04-17 11:45:38,2026-04,47.876.184/0003-83,UN,2.0,31.99,31.99,True
1f6a7d10473f18c3,LING SUI APIMENTADA,2026-04-17 11:45:38,2026-04,47.876.184/0003-83,UN,2.0,34.99,34.99,True
2c55f1eaf78ba670,FARINHA PANKO KARUI 200G,2026-04-16 20:48:02,2026-04,13.752.178/0003-00,UN,7.0,11.99,59.95,True
80fdfb3ed25687cc,ATEMOIA KG,2026-04-16 20:48:02,2026-04,13.752.178/0003-00,KG,0.745,14.99,14.99,True
5a890e3b2c6a4bad,PADARIA - COOKIES DE CHOCOLATE,2026-04-16 20:48:02,2026-04,13.752.178/0003-00,KG,0.134,45.99,45.99,True
9222b9e7d20f2279,PADARIA - COOKIES TRADICIONAL,2026-04-16 20:48:02,2026-04,13.752.178/0003-00,KG,0.098,45.99,45.99,True
bb5f296b0b24daa7,PADARIA - BOLO MACAXEIRA C/ COCO FLOCADO KG,2026-04-16 20:48:02,2026-04,13.752.178/0003-00,KG,0.206,40.99,40.99,True
df9f93b261a4f063,PADARIA - BOLO DE BANANA,2026-04-16 20:48:02,2026-04,13.752.178/0003-00,KG,0.48,34.99,34.99,True
1a171655ee943b60,ARROZ TIO JOAO PARBOILIZADO - KG,2026-04-16 20:48:02,2026-04,13.752.178/0003-00,UN,1.0,4.99,4.99,True
e7bf2cfabdde4bfa,AVEIA EM FLOCOS QUAKER 165G,2026-04-16 20:48:02,2026-04,13.752.178/0003-00,UN,1.0,3.89,23.57575757575757,True
e7bf2cfabdde4bfa,AVEIA EM FLOCOS QUAKER 165G,2026-04-16 20:48:02,2026-04,13.752.178/0003-00,UN,1.0,3.89,23.57575757575757,True
9caea3a4c0bd28e1,ALHO ROXO DESCASCADO KG,2026-04-16 20:48:02,2026-04,13.752.178/0003-00,KG,0.2,44.99,44.99,True
fb75877f1e6fb8af,PROCESSADOS - VINAGRETE KG,2026-04-16 20:48:02,2026-04,13.752.178/0003-00,KG,0.274,22.99,22.99,True
fb75877f1e6fb8af,PROCESSADOS - VINAGRETE KG,2026-04-16 20:48:02,2026-04,13.752.178/0003-00,KG,0.31,22.99,22.99,True
4fecd65d998ec6a4,SEQ - CASTANHA DO PARA 100GR,2026-04-16 20:48:02,2026-04,13.752.178/0003-00,UN,1.0,16.99,16.99,True
821e357ea9a335b1,PROCESSADOS - PICLES DE CEBOLA KG,2026-04-16 20:48:02,2026-04,13.752.178/0003-00,KG,0.284,19.99,19.99,True
fb75877f1e6fb8af,PROCESSADOS - VINAGRETE KG,2026-04-16 20:48:02,2026-04,13.752.178/0003-00,KG,0.308,22.99,22.99,True
821e357ea9a335b1,PROCESSADOS - PICLES DE CEBOLA KG,2026-04-16 20:48:02,2026-04,13.752.178/0003-00,KG,0.368,19.99,19.99,True
6334ae8c8c169d69,MANTEIGA A GRANEL IMPERIAL KG,2026-04-16 20:48:02,2026-04,13.752.178/0003-00,KG,0.182,52.99,52.99,True
42c367352de190c4,AZEITE EXT VIRG BORGES VD 500ML,2026-04-16 20:48:02,2026-04,13.752.178/0003-00,UN,1.0,37.99,75.98,True
a55c85ac4498519e,MOLHO DE PIMENTA RED 60ML VDR - TABASCO,2026-04-16 20:48:02,2026-04,13.752.178/0003-00,UN,1.0,25.99,433.1666666666666,True
854655c284c8c2b5,MOSTARDA AMARELA HEINZ 255G,2026-04-16 20:48:02,2026-04,13.752.178/0003-00,UN,1.0,18.99,74.47058823529412,True
2af9f976f4ce64d5,PIMENTAO SWEET PALERMO 300G TREBESCHI,2026-04-16 20:48:02,2026-04,13.752.178/0003-00,UN,1.0,10.99,36.63333333333333,True
5eb539c5c5bd04a7,COCO SECO UNID,2026-04-16 20:48:02,2026-04,13.752.178/0003-00,UN,1.0,2.99,2.99,True
5820c09f8985cb1d,MINI - PIMENTA CALABRESA 10GR,2026-04-16 20:48:02,2026-04,13.752.178/0003-00,UN,1.0,1.99,1.99,True
57f699d17113c742,SEQ - PIMENTA DO REINO MOIDA 40G,2026-04-16 20:48:02,2026-04,13.752.178/0003-00,UN,1.0,4.49,112.25,True
50c135727a61441d,VINAGRE MINHOTO ALCOOL LV500ML PG450ML,2026-04-16 20:48:02,2026-04,13.752.178/0003-00,UN,1.0,3.49,6.98,True
2367bd250cdc575e,VINAGRE MINHOTO MACA LV500PG450ML,2026-04-16 20:48:02,2026-04,13.752.178/0003-00,UN,1.0,6.99,15.533333333333331,True
94839f7923a764d1,LIMAO SICILIANO KG,2026-04-16 20:48:02,2026-04,13.752.178/0003-00,KG,0.595,16.99,16.99,True
1696e68b8d8b60ef,LIMAO KG,2026-04-16 20:48:02,2026-04,13.752.178/0003-00,KG,1.62,2.99,2.99,True
6d9261a6add6a290,CONG. POLPA DE MARACUJA 500ML,2026-04-16 20:48:02,2026-04,13.752.178/0003-00,UN,1.0,19.99,39.98,True
6d9261a6add6a290,CONG. POLPA DE MARACUJA 500ML,2026-04-16 20:48:02,2026-04,13.752.178/0003-00,UN,1.0,19.99,39.98,True
6d9261a6add6a290,CONG. POLPA DE MARACUJA 500ML,2026-04-16 20:48:02,2026-04,13.752.178/0003-00,UN,1.0,19.99,39.98,True
a2c3c675bc71dde9,PROCESSADOS - MORANGO CONG 500G,2026-04-16 20:48:02,2026-04,13.752.178/0003-00,UN,1.0,16.99,33.98,True
406cfbe18189b108,UMBU CAJA KG,2026-04-16 20:48:02,2026-04,13.752.178/0003-00,KG,0.71,19.99,19.99,True
406cfbe18189b108,UMBU CAJA KG,2026-04-16 20:48:02,2026-04,13.752.178/0003-00,KG,0.718,19.99,19.99,True
7c8741f9db710c32,PROCESSADOS - MORANGO CONG 250G,2026-04-16 20:48:02,2026-04,13.752.178/0003-00,UN,1.0,6.99,27.96,True
7c8741f9db710c32,PROCESSADOS - MORANGO CONG 250G,2026-04-16 20:48:02,2026-04,13.752.178/0003-00,UN,1.0,6.99,27.96,True
7c8741f9db710c32,PROCESSADOS - MORANGO CONG 250G,2026-04-16 20:48:02,2026-04,13.752.178/0003-00,UN,1.0,6.99,27.96,True
4e8aa033f0931a12,CEBOLA BRANCA KG,2026-04-16 20:48:02,2026-04,13.752.178/0003-00,KG,1.125,5.49,5.49,True
ac4249308c2be34b,CENOURA KG,2026-04-16 20:48:02,2026-04,13.752.178/0003-00,KG,1.49,9.99,9.99,True
7c43d9c31c290eb4,BATATA INGLESA KG,2026-04-16 20:48:02,2026-04,13.752.178/0003-00,KG,2.755,5.99,5.99,True
6f3d2caaf52de08c,CEBOLA ROXA KG,2026-04-16 20:48:02,2026-04,13.752.178/0003-00,KG,0.415,6.49,6.49,True
cef3ba54b672440a,OVOS BCO GRANDE DO CAMPO BDJ C/30UND,2026-04-16 20:48:02,2026-04,13.752.178/0003-00,UN,1.0,17.99,17.99,True
cd923bf4114b7534,CAFETEIRA ESPRESSO LUNA PT 220V TRES CORACOES,2026-04-02 19:04:41,2026-04,03.656.804/0015-37,UN,1.0,461.9,461.9,True
3286714a41429251,KIT FITA LED 5050 14.4W/M 6000K 12V 5M GAYA,2026-04-02 12:35:43,2026-04,03.656.804/0015-37,UN,2.0,91.99,91.99,True
8b0bb93e07d2fcc9,EXTENSAO 3 TOMADAS BI 10A 3M PT INTELBRAS,2026-04-02 12:35:43,2026-04,03.656.804/0015-37,UN,1.0,25.9,25.9,True
cd923bf4114b7534,CAFETEIRA ESPRESSO LUNA PT 220V TRES CORACOES,2026-04-02 12:35:43,2026-04,03.656.804/0015-37,UN,1.0,461.9,461.9,True
d935e9432ceba798,COXA FGO SADIA PCT 1kg,2026-03-11 21:18:13,2026-03,08.414.996/0002-74,UN,1.0,12.99,12.99,True
d935e9432ceba798,COXA FGO SADIA PCT 1kg,2026-03-11 21:18:13,2026-03,08.414.996/0002-74,UN,1.0,12.99,12.99,True
d935e9432ceba798,COXA FGO SADIA PCT 1kg,2026-03-11 21:18:13,2026-03,08.414.996/0002-74,UN,1.0,12.99,12.99,True
6a50ceac4ca02b40,MOCOTO BOV kg,2026-03-11 21:18:13,2026-03,08.414.996/0002-74,KG,0.82,8.99,8.99,True
6a50ceac4ca02b40,MOCOTO BOV kg,2026-03-11 21:18:13,2026-03,08.414.996/0002-74,KG,0.814,8.99,8.99,True
fab8cb0945c7bc62,FIGADO BOV CONG kg,2026-03-11 21:18:13,2026-03,08.414.996/0002-74,KG,0.874,15.99,15.99,True
fab8cb0945c7bc62,FIGADO BOV CONG kg,2026-03-11 21:18:13,2026-03,08.414.996/0002-74,KG,1.126,15.99,15.99,True
d935e9432ceba798,COXA FGO SADIA PCT 1kg,2026-03-11 21:18:13,2026-03,08.414.996/0002-74,UN,1.0,12.99,12.99,True
49ec21415871968f,SALADA FRUTAS kg,2026-03-11 21:18:13,2026-03,08.414.996/0002-74,KG,0.396,24.9,24.9,True
49ec21415871968f,SALADA FRUTAS kg,2026-03-11 21:18:13,2026-03,08.414.996/0002-74,KG,0.386,24.9,24.9,True
3cf25c140913ac36,QUEIJO PARMESAO QUATA kg CAPA PRETA,2026-03-11 21:18:13,2026-03,08.414.996/0002-74,KG,0.112,129.9,129.9,True
f629fbb5d6a53482,QUEIJO AZUL SAO VICENTE kg FORMA,2026-03-11 21:18:13,2026-03,08.414.996/0002-74,KG,0.126,89.9,89.9,True
cf3b46877c519a81,QUEIJO GOUDA ISIS kg,2026-03-11 21:18:13,2026-03,08.414.996/0002-74,KG,0.194,129.9,129.9,True
34c9bec27d46df45,SALAME ITALIANO PERDIGAO 100G,2026-03-11 21:18:13,2026-03,08.414.996/0002-74,UN,1.0,11.99,119.9,True
142b32acb811739a,MORTADELA DEFUMADA AURORA 180G FATIADA,2026-03-11 21:18:13,2026-03,08.414.996/0002-74,UN,1.0,7.29,40.5,True
6753f902573c69e8,QUEIJO PARMESAO PRESIDENT 180G CILINDRO,2026-03-11 21:18:13,2026-03,08.414.996/0002-74,UN,1.0,22.99,127.7222222222222,True
a1d7331b88ea33cf,QUEIJO MAASDAM PRESIDENT 160G,2026-03-11 21:18:13,2026-03,08.414.996/0002-74,UN,1.0,24.9,155.625,True
36f288b29946695f,REQUEIJAO CREM CATUPIRY 200G TRAD,2026-03-11 21:18:13,2026-03,08.414.996/0002-74,UN,1.0,9.49,47.45,True
5ac20a2136a19544,SALAME ITALIANO AURORA 100G,2026-03-11 21:18:13,2026-03,08.414.996/0002-74,UN,1.0,10.49,104.9,True
69afe2f8b4a6b53c,MORTADELA BOLOGNA CERATTI 150G DEFUMADO,2026-03-11 21:18:13,2026-03,08.414.996/0002-74,UN,1.0,15.9,106.0,True
7c7e89524276e4e9,PRESUNTO CRU ITALIANO VITO B. 100G,2026-03-11 21:18:13,2026-03,08.414.996/0002-74,UN,1.0,25.9,258.99999999999994,True
1c21d559c58d9fc2,PRESUNTO SERRANO CASA BASCA 100G,2026-03-11 21:18:13,2026-03,08.414.996/0002-74,UN,1.0,25.49,254.9,True
de8f2bd14c6e6276,PRESUNTO CRU ITALIANO D OR 80G,2026-03-11 21:18:13,2026-03,08.414.996/0002-74,UN,1.0,26.9,336.25,True
3f22ce356d3a4e17,SALAME MILANO D OR 100G,2026-03-11 21:18:13,2026-03,08.414.996/0002-74,UN,1.0,24.9,249.0,True
3e78912d51433487,SALAME PEPPERONI MONTANERA 80G,2026-03-11 21:18:13,2026-03,08.414.996/0002-74,UN,1.0,22.9,286.25,True
5ec007f5bd55bfbd,PEPINO V FERT SCH 300G,2026-03-11 21:18:13,2026-03,08.414.996/0002-74,UN,1.0,10.99,36.63333333333333,True
54323557f200ef0c,ALCAPARRAS V FERT SCH 100G,2026-03-11 21:18:13,2026-03,08.414.996/0002-74,UN,1.0,9.99,99.9,True
b433650129f3fcdc,CASTANHA CAJU kg SALGADA,2026-03-11 21:18:13,2026-03,08.414.996/0002-74,KG,0.17,99.9,99.9,True
978bf0d6cbb418fe,COXINHA COQ FRANGO kg DA CASA,2026-03-11 21:18:13,2026-03,08.414.996/0002-74,KG,0.27,49.99,49.99,True
63a14f1358836fd3,PICLES MISTO MARIZA 200G,2026-03-11 21:18:13,2026-03,08.414.996/0002-74,UN,1.0,11.99,59.95,True
c647c6ab66fff8e8,TOMATE GRAPE MEL 180G,2026-03-11 21:18:13,2026-03,08.414.996/0002-74,UN,1.0,6.99,38.833333333333336,True
76c4866bab4c6756,BATATA DOCE ROXA kg,2026-03-11 21:18:13,2026-03,08.414.996/0002-74,KG,0.865,5.79,5.79,True
cb3da34ea4e791f4,COENTRO NV UND,2026-03-11 21:18:13,2026-03,08.414.996/0002-74,UN,1.0,2.29,2.29,True
b536886404d4e94a,COUVE MANTEIGA NV UND,2026-03-11 21:18:13,2026-03,08.414.996/0002-74,UN,1.0,2.89,2.89,True
8efbc342848f6fd1,CEBOLINHA NV UND,2026-03-11 21:18:13,2026-03,08.414.996/0002-74,UN,1.0,2.29,2.29,True
b536886404d4e94a,COUVE MANTEIGA NV UND,2026-03-11 21:18:13,2026-03,08.414.996/0002-74,UN,1.0,2.89,2.89,True
2d952e195c917d2d,BETERRABA kg,2026-03-11 21:18:13,2026-03,08.414.996/0002-74,KG,1.01,8.49,8.49,True
62d72f7638688fc9,LIMAO TAHITI kg,2026-03-11 21:18:13,2026-03,08.414.996/0002-74,KG,0.735,2.99,2.99,True
5f09b9c6e09badba,LARANJA PERA kg,2026-03-11 21:18:13,2026-03,08.414.996/0002-74,KG,5.0,2.39,2.39,True
7520174d153b9ab3,CENOURA kg,2026-03-11 21:18:13,2026-03,08.414.996/0002-74,KG,0.91,7.59,7.59,True
4e00df1488540b68,PAO 12 GRAOS CASA kg,2026-03-11 21:18:13,2026-03,08.414.996/0002-74,KG,0.194,24.99,24.99,True
0668108be5204ccd,BOLO CAFE DA CASA kg,2026-03-11 21:18:13,2026-03,08.414.996/0002-74,KG,0.252,32.99,32.99,True
2beaf382f9377bcb,COOKIES kg TRADICIONAL,2026-03-11 21:18:13,2026-03,08.414.996/0002-74,KG,0.168,49.99,49.99,True
bdbad7343919a140,BISC RECH LANC BAUDUCCO 30G GOIABIN,2026-03-11 21:18:13,2026-03,08.414.996/0002-74,UN,3.0,1.59,53.00000000000001,True
cc1ad82c39fa8c93,BISC C CRACKER VITARELLA 350G TRAD,2026-03-11 21:18:13,2026-03,08.414.996/0002-74,UN,1.0,6.99,19.97142857142857,True
2f59c9e7620e7854,GOMA MANDIOCA DA TERRA PCT 1kg,2026-03-11 21:18:13,2026-03,08.414.996/0002-74,UN,1.0,6.99,6.99,True
502a432d528804d4,MASSA SEMOLA VITARELLA 400G FETTUC,2026-03-11 21:18:13,2026-03,08.414.996/0002-74,UN,1.0,3.99,9.975,True
e9d7c5a103c7302e,FLOCAO MILHO NOVOMILHO 500G,2026-03-11 21:18:13,2026-03,08.414.996/0002-74,UN,2.0,1.85,3.7,True
311ef9aa491e10ec,SAL GROSSO LEBRE 1KG,2026-03-11 21:18:13,2026-03,08.414.996/0002-74,UN,1.0,2.79,2.79,True
2b352cfff9f3259b,AVEIA FLOCOS TRADINE CX 170G FINOS,2026-03-11 21:18:13,2026-03,08.414.996/0002-74,UN,5.0,3.19,18.76470588235294,True
00174c07f29434aa,LEITE PO CAMPONESA 200G INT,2026-03-11 21:18:13,2026-03,08.414.996/0002-74,UN,1.0,7.99,39.95,True
fa59a623298c1316,ARROZ BRANCO KIKA 1kg,2026-03-11 21:18:13,2026-03,08.414.996/0002-74,UN,2.0,3.69,3.69,True
cbd9082ab33c1e04,MOLHO INGLES MINHOTO 150ML,2026-03-11 21:18:13,2026-03,08.414.996/0002-74,UN,1.0,6.99,46.6,True
b21f7cfa6d21de1a,CAFE CAPS 3CORACOES COMPAT. C.10UN INTENSO,2026-03-11 21:18:13,2026-03,08.414.996/0002-74,UN,1.0,21.99,21.99,True
a28e126a4174afe6,CAFE CAPS 3CORACOES COMPAT. C.10UN COLOMBIA,2026-03-11 21:18:13,2026-03,08.414.996/0002-74,UN,2.0,21.99,21.99,True
65ca30f5ad40c40d,CAFE CAPS STA CLARA COMPAT. C.10UN G. CHAP DIAMANT,2026-03-11 21:18:13,2026-03,08.414.996/0002-74,UN,1.0,21.99,21.99,True
de34daf2299b035e,CAFE CAPS 3CORACOES COMPAT. C.10UN M PAULISTA,2026-03-11 21:18:13,2026-03,08.414.996/0002-74,UN,1.0,21.99,21.99,True
e98e47add90b79a7,BEBIDA LACT TODDYNHO TRAD 200ML,2026-03-11 21:18:13,2026-03,08.414.996/0002-74,UN,4.0,2.59,12.95,True
e1c37082aaed7d6a,INSET AER SBP 300 150ML EUCALIPTO,2026-03-11 21:18:13,2026-03,08.414.996/0002-74,UN,1.0,17.99,119.93333333333332,True
21b9ee396bebc4a4,ESPUMANTE ESP CODORNIU 750ML BRUT,2026-03-11 21:18:13,2026-03,08.414.996/0002-74,UN,1.0,79.9,106.53333333333336,True
21b9ee396bebc4a4,ESPUMANTE ESP CODORNIU 750ML BRUT,2026-03-11 21:18:13,2026-03,08.414.996/0002-74,UN,1.0,79.9,106.53333333333336,True
f9437fdabfc275e1,CHA LEAO PET 1L TEA FZ LIM,2026-03-11 21:18:13,2026-03,08.414.996/0002-74,UN,1.0,7.49,7.49,True
1b5dad3f9d80525f,WHISKY BUCHANANS GF 750ML 12 ANOS,2026-03-11 21:18:13,2026-03,08.414.996/0002-74,UN,1.0,149.9,199.86666666666667,True
c043c804c5b711f0,AZEITE EXT VIRG ESPORAO VD 500ML,2026-03-11 21:18:13,2026-03,08.414.996/0002-74,UN,1.0,70.9,141.8,True
75700ed225cdf3a6,AGUA MIN INDAIA PET 330ML C/GAS,2026-03-11 21:18:13,2026-03,08.414.996/0002-74,UN,1.0,1.99,6.03030303030303,True
75700ed225cdf3a6,AGUA MIN INDAIA PET 330ML C/GAS,2026-03-11 21:18:13,2026-03,08.414.996/0002-74,UN,1.0,1.99,6.03030303030303,True
201999a11a793c74,AZEITE EXT VIRG ANDORINHA VD 500ML,2026-03-11 21:18:13,2026-03,08.414.996/0002-74,UN,1.0,29.9,59.8,True
628a75d3e750f2c1,MOLHO PASSATA CIRIO VD 700G TRAD,2026-03-11 21:18:13,2026-03,08.414.996/0002-74,UN,1.0,13.99,19.985714285714288,True
5f0b0069061914bd,COPO DESC TERM TOTALPLAST 120ML,2026-03-11 21:18:13,2026-03,08.414.996/0002-74,UN,1.0,5.49,45.75,True
75700ed225cdf3a6,AGUA MIN INDAIA PET 330ML C/GAS,2026-03-11 21:18:13,2026-03,08.414.996/0002-74,UN,1.0,1.99,6.03030303030303,True
9b4d479a89a8183b,BEBIDA ISOT GATORADE PT 500ML MORAN MARAC,2026-03-11 21:18:13,2026-03,08.414.996/0002-74,UN,1.0,5.99,11.98,True
9b4d479a89a8183b,BEBIDA ISOT GATORADE PT 500ML MORAN MARAC,2026-03-11 21:18:13,2026-03,08.414.996/0002-74,UN,1.0,5.99,11.98,True
401e2e00ab471f79,OLEO SOJA SOYA PET 900ML,2026-03-11 21:18:13,2026-03,08.414.996/0002-74,UN,1.0,9.59,10.655555555555557,True
031bbd793b4e9854,SABONETE BARRA ALMA FLORES 130G TRAD,2026-03-11 21:18:13,2026-03,08.414.996/0002-74,UN,1.0,6.99,53.76923076923077,True
979001dee56fb4dc,SABONETE BARRA PHEBO 100G CREM LIMAO SICILIANO,2026-03-11 21:18:13,2026-03,08.414.996/0002-74,UN,1.0,6.99,69.89999999999999,True
703fbbc53aac91e4,OVOS VERM SOUZA GD C 30,2026-03-11 21:18:13,2026-03,08.414.996/0002-74,UN,1.0,20.9,20.9,True
90f6cfbadc3f82c0,REFRI COCA COLA LT 220ML ZERO,2026-03-11 21:18:13,2026-03,08.414.996/0002-74,UN,1.0,2.69,12.227272727272728,True
19fb82179a3da0f9,#2300100#21050010#SORV DR MOR 70,2026-01-19 10:54:13,2026-01,36.333.522/0001-52,UN,1.0,16.99,16.99,True
eaba7f858e9177c0,#2300100#21050010#SORV PISTACHE 70,2026-01-15 13:26:50,2026-01,36.333.522/0001-52,UN,1.0,19.99,19.99,True
fadc1a233c829d8d,RUCULA 2MFC UNIDADE,2026-01-13 11:33:42,2026-01,08.189.400/0001-07,UN,1.0,3.99,3.99,True
fadc1a233c829d8d,RUCULA 2MFC UNIDADE,2026-01-13 11:33:42,2026-01,08.189.400/0001-07,UN,1.0,3.99,3.99,True
6a6a39671d571810,MANGA ROSA KG,2026-01-13 11:33:42,2026-01,08.189.400/0001-07,KG,2.1742,9.99,9.99,True
a265a35e75b6218a,CEBOLINHA HSV ORGANICA UN,2026-01-13 11:33:42,2026-01,08.189.400/0001-07,UN,1.0,3.99,3.99,True
59a6232e27e0746d,SALSA 2MFC UNIDADE,2026-01-13 11:33:42,2026-01,08.189.400/0001-07,UN,1.0,3.99,3.99,True
20eb6437edb6ed19,COENTRO HSV ORGANICO UN,2026-01-13 11:33:42,2026-01,08.189.400/0001-07,UN,2.0,5.59,5.59,True
b0e739f5ef196b59,COUVE FOLHA HSV ORGANICA UN,2026-01-13 11:33:42,2026-01,08.189.400/0001-07,UN,1.0,2.59,2.59,True
b0e739f5ef196b59,COUVE FOLHA HSV ORGANICA UN,2026-01-13 11:33:42,2026-01,08.189.400/0001-07,UN,1.0,2.59,2.59,True
c9ab8fd6a5ad42f1,UVA DOCE MEL LEVISSA 500G THOMPSON,2026-01-13 11:33:42,2026-01,08.189.400/0001-07,UN,1.0,10.99,21.98,True
a11cddae4b0e95b6,ALFACE AMERICANA HSV ORGANICA UN,2026-01-13 11:33:42,2026-01,08.189.400/0001-07,UN,1.0,5.99,5.99,True
2b1c41dca941be22,BEBIDA LACTEA ISIS 900G AMEIXA,2026-01-13 11:33:42,2026-01,08.189.400/0001-07,UN,1.0,6.39,7.1,True
1467036c46c2acee,BEBIDA LACTEA ISIS 900G MORANGO,2026-01-13 11:33:42,2026-01,08.189.400/0001-07,UN,1.0,6.39,7.1,True
bf70a933b97e4bcc,PERA ROCHA PICK E NICKY 1KG,2026-01-13 11:33:42,2026-01,08.189.400/0001-07,UN,1.0,21.99,21.99,True
8316820c4c0d7333,ALHO ESTRELA 200G,2026-01-13 11:33:42,2026-01,08.189.400/0001-07,UN,1.0,8.99,44.95,True
6f596bf49b51e058,PEPINO JAPONES KG,2026-01-13 11:33:42,2026-01,08.189.400/0001-07,UN,0.351,5.99,5.99,True
c3568b52a3774134,PASSATA DI POMOD.LA PASTINA 680G VD,2026-01-13 11:33:42,2026-01,08.189.400/0001-07,UN,1.0,26.59,39.10294117647059,True
17976b076b4b0a12,PEPINO HEMMER CONDIMENTO SUAVE VD. 300G,2026-01-13 11:33:42,2026-01,08.189.400/0001-07,UN,1.0,21.99,73.3,True
62e496f3ee7f8f25,REQUEIJAO CATUPIRY 180G ERVAS FINAS,2026-01-13 11:33:42,2026-01,08.189.400/0001-07,UN,1.0,9.29,51.61111111111111,True
09405243568c08db,REQUEIJAO CATUPIRY 180G AZEITONAS PRETAS,2026-01-13 11:33:42,2026-01,08.189.400/0001-07,UN,1.0,9.29,51.61111111111111,True
c804f78ba433598e,CEBOLA ROXA KG,2026-01-13 11:33:42,2026-01,08.189.400/0001-07,KG,0.3193,9.99,9.99,True
a2f39b14ff4c0b01,CEBOLA BRANCA KG,2026-01-13 11:33:42,2026-01,08.189.400/0001-07,KG,0.1741,6.49,6.49,True
64adeca64b59b3ca,TOMATE KG,2026-01-13 11:33:42,2026-01,08.189.400/0001-07,KG,0.815,5.99,5.99,True
cd340d8fc9f14ba8,BANANA PRATA KG,2026-01-13 11:33:42,2026-01,08.189.400/0001-07,KG,2.045,7.79,7.79,True
6c31ce625dc4ccf0,CAFE SANTA CLARA 250G CLASSICO ALMOFADA,2026-01-13 11:33:42,2026-01,08.189.400/0001-07,UN,1.0,14.49,57.96,True
6c31ce625dc4ccf0,CAFE SANTA CLARA 250G CLASSICO ALMOFADA,2026-01-13 11:33:42,2026-01,08.189.400/0001-07,UN,1.0,14.49,57.96,True
4d1e391e1075b514,"MAMAO PAPAYA GOLDEN 1,5KG BOX",2026-01-13 11:33:42,2026-01,08.189.400/0001-07,UN,1.0,20.99,13.993333333333332,True
d893f7b2485c94ea,BISCOITO MARILAN CRACKER INTEGRAL 335GR,2026-01-13 11:33:42,2026-01,08.189.400/0001-07,UN,1.0,5.39,5.39,True
e67179fc65928901,LEITE CONDENSADO ITALAC 395G SEMIDESNATADO TP,2026-01-13 11:33:42,2026-01,08.189.400/0001-07,UN,2.0,6.49,16.430379746835442,True
790ad984b115250e,BISCOITO VITARELLA C.CRACKER TOSTADINHA 350G,2026-01-13 11:33:42,2026-01,08.189.400/0001-07,UN,1.0,4.89,13.971428571428572,True
04042a5aa7c6484a,OVOS AVINE EXTRA C30 BRANCO,2026-01-13 11:33:42,2026-01,08.189.400/0001-07,UN,1.0,13.99,13.99,True
5ab9d76ec6429e25,UVA PASSA DOCE MEL RES.GOURMET 150G ESCURA,2026-01-13 11:33:42,2026-01,08.189.400/0001-07,UN,1.0,9.99,66.60000000000001,True
9b51742774998dee,CAPSULA TRES NESPRESSO 50G INTENSO C10,2026-01-13 11:33:42,2026-01,08.189.400/0001-07,UN,1.0,21.99,439.8,True
6f4f6c08db836b95,CAPSULA TRES NESPRESSO 50G MOGIANA PAULISTA C10,2026-01-13 11:33:42,2026-01,08.189.400/0001-07,UN,1.0,21.99,439.8,True
9cbd980cb055a7dd,CAPSULA TRES NESPRESSO 56G SUL DE MINAS C10,2026-01-13 11:33:42,2026-01,08.189.400/0001-07,UN,1.0,21.99,392.6785714285714,True
a0352acc978f38a6,CAPSULA NESPRESSO 3 CORACOES ESPECIAS 56G MAXIMA I,2026-01-13 11:33:42,2026-01,08.189.400/0001-07,UN,1.0,21.99,392.6785714285714,True
9b51742774998dee,CAPSULA TRES NESPRESSO 50G INTENSO C10,2026-01-13 11:33:42,2026-01,08.189.400/0001-07,UN,1.0,21.99,439.8,True
a0352acc978f38a6,CAPSULA NESPRESSO 3 CORACOES ESPECIAS 56G MAXIMA I,2026-01-13 11:33:42,2026-01,08.189.400/0001-07,UN,1.0,21.99,392.6785714285714,True
6f4f6c08db836b95,CAPSULA TRES NESPRESSO 50G MOGIANA PAULISTA C10,2026-01-13 11:33:42,2026-01,08.189.400/0001-07,UN,1.0,21.99,439.8,True
b5e428a1fab7356b,"BISC.NESTLE KIT KAT 41,5G DARK",2026-01-13 11:33:42,2026-01,08.189.400/0001-07,UN,5.0,5.99,144.33734939759037,True
6a3413ddf213582a,BOLO LITORAL MACAXEIRA KG,2026-01-13 11:33:42,2026-01,08.189.400/0001-07,UN,0.266,33.99,33.99,True
e58960a2bf706642,MELANCIA BABY KG,2026-01-13 11:33:42,2026-01,08.189.400/0001-07,UN,3.0386,6.99,6.99,True
6eb9ef2100a46234,MELAO ESPANHOL KG,2026-01-13 11:33:42,2026-01,08.189.400/0001-07,KG,2.07,4.99,4.99,True
6b9208853a5ffdb5,LEITE NATVILLE 1L INTEGRAL,2026-01-13 11:33:42,2026-01,08.189.400/0001-07,UN,1.0,5.49,5.49,True
6b9208853a5ffdb5,LEITE NATVILLE 1L INTEGRAL,2026-01-13 11:33:42,2026-01,08.189.400/0001-07,UN,1.0,5.49,5.49,True
6a3413ddf213582a,BOLO LITORAL MACAXEIRA KG,2026-01-13 11:33:42,2026-01,08.189.400/0001-07,UN,0.2977,33.99,33.99,True
db70865cebd0d838,MAGIC TOAST MARILAN 110G ORIGINAL,2026-01-13 11:33:42,2026-01,08.189.400/0001-07,UN,1.0,6.69,60.81818181818182,True
db70865cebd0d838,MAGIC TOAST MARILAN 110G ORIGINAL,2026-01-13 11:33:42,2026-01,08.189.400/0001-07,UN,1.0,6.69,60.81818181818182,True
ba9f6b845d506374,QUEIJO CATOLE MUSSARELA KG,2026-01-13 11:33:42,2026-01,08.189.400/0001-07,UN,0.536,36.99,36.99,True
e5358b8e010eb2fc,MORTADELA SEARA GOURMET DEFUMADA KG,2026-01-13 11:33:42,2026-01,08.189.400/0001-07,UN,0.404,21.99,21.99,True
6f3089235e5468e7,GOMA DE MANDIOCA DATERRA 1KG,2026-01-13 11:33:42,2026-01,08.189.400/0001-07,UN,1.0,6.99,6.99,True
0a1905c2aaa0d384,GELEIA RITTER 310G MORANGO VD,2026-01-13 11:33:42,2026-01,08.189.400/0001-07,UN,1.0,21.49,69.32258064516128,True
6b9208853a5ffdb5,LEITE NATVILLE 1L INTEGRAL,2026-01-13 11:33:42,2026-01,08.189.400/0001-07,UN,1.0,5.49,5.49,True
fa2f3fbb2455c07b,PAO DE QUEIJO LITORAL KG,2026-01-13 11:33:42,2026-01,08.189.400/0001-07,UN,0.204,47.5,47.5,True
fa6ecf34109f159c,BOLO LITORAL BANANA COM GRANOLA KG,2026-01-13 11:33:42,2026-01,08.189.400/0001-07,UN,0.334,38.99,38.99,True
7fe10b154608fd47,BROA LITORAL KG,2026-01-13 11:33:42,2026-01,08.189.400/0001-07,KG,0.15,29.99,29.99,True
0a4a49441dc90d96,COCADA DOCELICIA 260G CARAMELIZADA,2026-01-13 11:33:42,2026-01,08.189.400/0001-07,UN,1.0,10.99,42.26923076923077,True
6e53aa0ff0b9a917,PAO PLUS VITA 480G INTEGRAL,2026-01-13 11:33:42,2026-01,08.189.400/0001-07,UN,1.0,12.99,27.0625,True
9cbedb34878483d1,PAO PLUS VITA 480G FORMA ORIGINAL,2026-01-13 11:33:42,2026-01,08.189.400/0001-07,UN,1.0,12.39,25.812500000000004,True
eaeeb8882e4ba7e1,SALGADOS FRITOS LITORAL KG,2026-01-13 11:33:42,2026-01,08.189.400/0001-07,KG,0.448,58.99,58.99,True
502e8f0f33271857,AVEIA SAO BRAZ 165G FLOCOS CAIXA,2026-01-13 11:33:42,2026-01,08.189.400/0001-07,UN,1.0,3.99,24.181818181818183,True
ac03114389254d16,FARELO DE AVEIA SAO BRAZ 165G OAT BRAN,2026-01-13 11:33:42,2026-01,08.189.400/0001-07,UN,1.0,6.99,42.36363636363636,True
ac03114389254d16,FARELO DE AVEIA SAO BRAZ 165G OAT BRAN,2026-01-13 11:33:42,2026-01,08.189.400/0001-07,UN,1.0,6.99,42.36363636363636,True
064b87edaf4901c0,AVEIA QUAKER 165G FLOCOS REGULAR CAIXA,2026-01-13 11:33:42,2026-01,08.189.400/0001-07,UN,1.0,4.19,25.393939393939394,True
502e8f0f33271857,AVEIA SAO BRAZ 165G FLOCOS CAIXA,2026-01-13 11:33:42,2026-01,08.189.400/0001-07,UN,1.0,3.99,24.181818181818183,True
91358cd76e97a138,CANJICA ELSHADAY 220G NATURAL UN,2026-01-13 11:33:42,2026-01,08.189.400/0001-07,UN,2.0,7.79,35.40909090909091,True
9b0c1a5859e3ae9d,ARROZ TIO JOAO 1KG POLIDO,2026-01-13 11:33:42,2026-01,08.189.400/0001-07,UN,1.0,7.89,7.89,True
9b0c1a5859e3ae9d,ARROZ TIO JOAO 1KG POLIDO,2026-01-13 11:33:42,2026-01,08.189.400/0001-07,UN,1.0,7.89,7.89,True
8476b8553b2915b8,VINAGRE MINHOTO 500ML MACA,2026-01-13 11:33:42,2026-01,08.189.400/0001-07,UN,1.0,7.69,15.38,True
74492162f11c4cba,REFRIGERANTE COCA-COLA 250ML PET,2026-01-13 11:33:42,2026-01,08.189.400/0001-07,UN,1.0,2.59,10.36,True
884de06b806f4910,LEITE CONDENSADO NESTLE MOCA 395G INTEGRAL LATA A,2026-01-13 11:33:42,2026-01,08.189.400/0001-07,UN,1.0,10.49,26.55696202531645,True
274426f3aee34a99,BISCOITO PIRAQUE ROLADINHO 75G GOIABINHA,2026-01-13 11:33:42,2026-01,08.189.400/0001-07,UN,4.0,4.99,66.53333333333335,True
c2cbe7463cfdefde,FLOCAO DE MILHO VITAMILHO 500G,2026-01-13 11:33:42,2026-01,08.189.400/0001-07,UN,2.0,1.55,3.1,True
3cf0533e5613a9e0,ARROZ ARRETADO 1KG BRANCO POLIDO,2026-01-13 11:33:42,2026-01,08.189.400/0001-07,UN,1.0,3.99,3.99,True
3cf0533e5613a9e0,ARROZ ARRETADO 1KG BRANCO POLIDO,2026-01-13 11:33:42,2026-01,08.189.400/0001-07,UN,1.0,3.99,3.99,True
24c1237c364eff84,PAPEL TOALHA SOCIAL CLEAN C2 FOLHA DUPLA,2026-01-13 11:33:42,2026-01,08.189.400/0001-07,UN,1.0,4.59,4.59,True
255af25d7851db98,AMACIANTE MON BIJOU 1L MAGIA,2026-01-13 11:33:42,2026-01,08.189.400/0001-07,UN,1.0,18.99,18.99,True
528b6c06473edecd,CREME DENTAL SENSODYNE 90G ESP.BRANQ.EXT.FRESH,2026-01-13 11:33:42,2026-01,08.189.400/0001-07,UN,1.0,21.39,237.66666666666669,True
af4527db7c235d57,SABONETE PHEBO RAIZ DO ORIENTE 90G,2026-01-13 11:33:42,2026-01,08.189.400/0001-07,UN,1.0,5.29,58.77777777777778,True
af4527db7c235d57,SABONETE PHEBO RAIZ DO ORIENTE 90G,2026-01-13 11:33:42,2026-01,08.189.400/0001-07,UN,1.0,5.29,58.77777777777778,True
d1ae27553be58d3c,SABONETE PHEBO TOQ.LAVANDA ROXO 90G,2026-01-13 11:33:42,2026-01,08.189.400/0001-07,UN,1.0,5.29,58.77777777777778,True
d1ae27553be58d3c,SABONETE PHEBO TOQ.LAVANDA ROXO 90G,2026-01-13 11:33:42,2026-01,08.189.400/0001-07,UN,1.0,5.29,58.77777777777778,True
4fa2af39abdc7ca9,TAFF MAN-EX 110ML UND,2026-01-13 11:33:42,2026-01,08.189.400/0001-07,UN,1.0,6.39,58.090909090909086,True
41dcee0c970ccb9c,PAPEL HIG.NEVE NEUTRO C12 30MT LV12 PG11 NEUTRO,2026-01-13 11:33:42,2026-01,08.189.400/0001-07,UN,1.0,25.79,25.79,True
e8c0ebdff8320ef4,DESODORANTE AEROSOL AXE MARINE 152ML90G,2026-01-13 11:33:42,2026-01,08.189.400/0001-07,UN,1.0,15.59,173.22222222222223,True
1d15420a6b3949cf,DESODORANTE AEROSOL REXONA MEN ACTIVE DRY 148G250,2026-01-13 11:33:42,2026-01,08.189.400/0001-07,UN,1.0,25.99,25.99,True
20b33335fc1959f9,"DET.PO TIXAN YPE MACIEZ 1,6KG",2026-01-13 11:33:42,2026-01,08.189.400/0001-07,UN,1.0,18.99,11.86875,True
20b89c1712418e95,"DET.LIQ.INVICTO 1,8L NEUTRO",2026-01-13 11:33:42,2026-01,08.189.400/0001-07,UN,1.0,9.29,5.161111111111111,True
3b0e46950f0f9464,DESINFETANTE PINHO BRIL SILVESTRE LV1L PG900ML,2026-01-13 11:33:42,2026-01,08.189.400/0001-07,UN,1.0,9.99,9.99,True
1d7592aaa5ca56f6,DESINFETANTE KALIPTO 5L EUCALIPTO,2026-01-13 11:33:42,2026-01,08.189.400/0001-07,UN,1.0,23.49,4.698,True
8b408719ead81942,AGUA SANITARIA OLIMPO 5L,2026-01-13 11:33:42,2026-01,08.189.400/0001-07,UN,1.0,11.29,2.258,True
74492162f11c4cba,REFRIGERANTE COCA-COLA 250ML PET,2026-01-13 11:33:42,2026-01,08.189.400/0001-07,UN,1.0,2.59,10.36,True
674a748499619e09,"SUCO QUINTA DO MORGADO 1,5L UVA TINTO INTEGRAL",2026-01-13 11:33:42,2026-01,08.189.400/0001-07,UN,1.0,21.99,14.659999999999998,True
0effab0c38fa296d,PEIXE MANJUBA INTEIRO CONG 800G,2026-01-13 11:33:42,2026-01,08.189.400/0001-07,UN,1.0,22.99,28.7375,True
acacebef545e228a,PEIXE SARDINHA CONG.LAJE 800G DUMAR,2026-01-13 11:33:42,2026-01,08.189.400/0001-07,UN,1.0,12.99,16.2375,True
12c3c0c082ee7a24,PEIXE SARDINHA LAGE DUMAR 1KG CONG. SCABECA,2026-01-13 11:33:42,2026-01,08.189.400/0001-07,UN,1.0,14.99,14.99,True
12c3c0c082ee7a24,PEIXE SARDINHA LAGE DUMAR 1KG CONG. SCABECA,2026-01-13 11:33:42,2026-01,08.189.400/0001-07,UN,1.0,14.99,14.99,True
acacebef545e228a,PEIXE SARDINHA CONG.LAJE 800G DUMAR,2026-01-13 11:33:42,2026-01,08.189.400/0001-07,UN,1.0,12.99,16.2375,True
acacebef545e228a,PEIXE SARDINHA CONG.LAJE 800G DUMAR,2026-01-13 11:33:42,2026-01,08.189.400/0001-07,UN,1.0,12.99,16.2375,True
12c3c0c082ee7a24,PEIXE SARDINHA LAGE DUMAR 1KG CONG. SCABECA,2026-01-13 11:33:42,2026-01,08.189.400/0001-07,UN,1.0,14.99,14.99,True
5ed0989fc367979b,COXA SADIA CONG.FRAGO 1KG IQF,2026-01-13 11:33:42,2026-01,08.189.400/0001-07,UN,1.0,13.99,13.99,True
5ed0989fc367979b,COXA SADIA CONG.FRAGO 1KG IQF,2026-01-13 11:33:42,2026-01,08.189.400/0001-07,UN,1.0,13.99,13.99,True
534da142d9315b0e,KIWI SUNGOLD EMB.440G,2026-01-13 11:33:42,2026-01,08.189.400/0001-07,UN,1.0,28.99,65.88636363636363,True
2376862d2c4939c3,TIC TAC MENTA 49G,2026-01-13 11:33:42,2026-01,08.189.400/0001-07,UN,4.0,11.39,232.44897959183675,True
acd0effb9ad8148e,SUCO DE TOMATE SUPERBOM CONDIMENTADO 300ML VD,2026-01-13 11:33:42,2026-01,08.189.400/0001-07,UN,1.0,9.29,30.966666666666665,True
9d130b8b33f9f758,CERVEJA HEINEKEN 330ML LN,2026-01-13 11:33:42,2026-01,08.189.400/0001-07,UN,1.0,40.74,123.45454545454544,True
98170203e98740e9,CERVEJA HEINEKEN 250ML SHOT LONG NECK,2026-01-13 11:33:42,2026-01,08.189.400/0001-07,UN,3.0,5.39,21.56,True
f30a7a38c0bfb51e,MOLHO AJI-NO-SHOYO 500ML,2026-01-13 11:33:42,2026-01,08.189.400/0001-07,UN,1.0,14.99,29.98,True
8e9ca6551811351b,MOLHO INGLES KENKO 150ML,2026-01-13 11:33:42,2026-01,08.189.400/0001-07,UN,1.0,4.49,29.933333333333337,True
92b243f6c0c19554,AGUA MINERAL STERBOM PREMIUM 300ML CGAS,2026-01-13 11:33:42,2026-01,08.189.400/0001-07,UN,12.0,2.19,7.3,True
569954477ec27f45,TORRESMO DO SERTAO 60G PELE SUINA,2026-01-13 11:33:42,2026-01,08.189.400/0001-07,UN,1.0,10.99,183.16666666666669,True
884de06b806f4910,LEITE CONDENSADO NESTLE MOCA 395G INTEGRAL LATA A,2026-01-13 11:33:42,2026-01,08.189.400/0001-07,UN,1.0,10.49,26.55696202531645,True
93caec399ccd0e9d,#2300100#21050010#SORV MEZZO 70,2026-01-12 11:22:16,2026-01,36.333.522/0001-52,UN,1.0,16.99,16.99,True
7d65f72b70ab6375,REFRI COCA COLA LT 350ML,2026-01-11 15:17:00,2026-01,08.414.996/0002-74,UN,1.0,3.59,10.257142857142858,True
1b5dad3f9d80525f,WHISKY BUCHANANS GF 750ML 12 ANOS,2026-01-11 15:17:00,2026-01,08.414.996/0002-74,UN,1.0,149.9,199.86666666666667,True
6d35f02d30e1780e,WHISKY ESC DEWARS GF 750ML 15 ANOS,2026-01-11 15:17:00,2026-01,08.414.996/0002-74,UN,1.0,269.9,359.8666666666666,True
02cb538179c762c9,CARNE BOV MAMINHA MATURATTA kg,2026-01-11 15:17:00,2026-01,08.414.996/0002-74,KG,1.442,59.9,59.9,True
2c6d4fa4619b9776,"#1700900#18069000#TRU LC LEIT 13,5",2026-01-08 12:15:28,2026-01,36.333.522/0001-52,UN,4.0,3.49,3.49,True
3b2d1d95dd9ae427,"#1700900#18069000#TRU LC GIANDU 13,5",2026-01-08 12:15:28,2026-01,36.333.522/0001-52,UN,4.0,3.49,3.49,True
eb2b343cbcf292e1,#1700300#18063210#TAB LC 28 5,2026-01-08 12:15:28,2026-01,36.333.522/0001-52,UN,2.0,1.29,1.29,True
79da964f0be1109f,#1700300#18063210#TAB CS CAFE 5,2026-01-08 12:15:28,2026-01,36.333.522/0001-52,UN,2.0,1.29,1.29,True
dc6160fc85b82938,#2300100#21050010#SORV LC LEIT ZA 70,2026-01-06 13:23:44,2026-01,36.333.522/0001-52,UN,1.0,16.99,16.99,True
eaba7f858e9177c0,#2300100#21050010#SORV PISTACHE 70,2026-01-05 13:59:29,2026-01,36.333.522/0001-52,UN,1.0,19.99,19.99,True
