standard_item_id,canonical_name,observation_date,year_month,merchant_cnpj,uom_com,qty_com,unit_price_com,comparable_price,is_comparable
7a29d99023803d37,FLOCAO DE MILHO NOVOMILHO 500G,2025-12-29 21:03:39,2025-12,08.189.400/0001-07,UN,3.0,1.49,2.98,True
4a318b93b8328ce4,CREME DE LEITE ITALAC 200G LEVE TP,2025-12-29 21:03:39,2025-12,08.189.400/0001-07,UN,1.0,2.99,14.95,True
e67179fc65928901,LEITE CONDENSADO ITALAC 395G SEMIDESNATADO TP,2025-12-29 21:03:39,2025-12,08.189.400/0001-07,UN,2.0,6.99,17.696202531645568,True
6c31ce625dc4ccf0,CAFE SANTA CLARA 250G CLASSICO ALMOFADA,2025-12-29 21:03:39,2025-12,08.189.400/0001-07,UN,1.0,14.79,59.16,True
2ba7b43b878a53cb,AVEIA YOKI 170G FLOCOS FINOS,2025-12-29 21:03:39,2025-12,08.189.400/0001-07,UN,1.0,4.29,25.235294117647054,True
6f3089235e5468e7,GOMA DE MANDIOCA DATERRA 1KG,2025-12-29 21:03:39,2025-12,08.189.400/0001-07,UN,1.0,6.99,6.99,True
90db3547ecea7148,FARINHA DE MAND.ARCO VERDE 1KG AMARELA,2025-12-29 21:03:39,2025-12,08.189.400/0001-07,UN,1.0,6.99,6.99,True
0bbe13b52f6a32bf,ARROZ URBANO 1KG PARBOILIZADO,2025-12-29 21:03:39,2025-12,08.189.400/0001-07,UN,1.0,5.49,5.49,True
de1ddecbf2d19197,PAO BAUDUCO 390G FORMA TRADICIONAL,2025-12-29 21:03:39,2025-12,08.189.400/0001-07,UN,1.0,6.49,16.641025641025642,True
9cbedb34878483d1,PAO PLUS VITA 480G FORMA ORIGINAL,2025-12-29 21:03:39,2025-12,08.189.400/0001-07,UN,1.0,12.39,25.812500000000004,True
cc1527f6bfa6dc64,ARROZ BRILHANTE 1KG BRANCO,2025-12-29 21:03:39,2025-12,08.189.400/0001-07,UN,3.0,3.99,3.99,True
2ba7b43b878a53cb,AVEIA YOKI 170G FLOCOS FINOS,2025-12-29 21:03:39,2025-12,08.189.400/0001-07,UN,2.0,4.29,25.235294117647054,True
6becb982056ea169,SALGADO CROCANTISSIMO 40G QUEIJO E CEBOLA,2025-12-29 21:03:39,2025-12,08.189.400/0001-07,UN,4.0,3.99,99.75,True
75dd3891ef3fa427,PACOQUITA STA.HELENA 150G ROLHA,2025-12-29 21:03:39,2025-12,08.189.400/0001-07,UN,1.0,10.49,69.93333333333334,True
9b51742774998dee,CAPSULA TRES NESPRESSO 50G INTENSO C10,2025-12-29 21:03:39,2025-12,08.189.400/0001-07,UN,2.0,21.99,439.8,True
2e96f9f94060bd93,CAPSULA NESPRESSO SANTA CLARA GOURMET 56G CHAPADA,2025-12-29 21:03:39,2025-12,08.189.400/0001-07,UN,1.0,21.99,392.6785714285714,True
e73d121ed6705401,CAPSULA TRES NESPRESSO 50G CERRADO MINEIRO C10,2025-12-29 21:03:39,2025-12,08.189.400/0001-07,UN,1.0,21.99,439.8,True
80663264f0463a59,CAPSULA NESPRESSO SANTA CLARA GOURMET 56G MATAS DE,2025-12-29 21:03:39,2025-12,08.189.400/0001-07,UN,1.0,21.99,392.6785714285714,True
8129fe8c855dea6f,QUEIJO ISIS GOUDA KG FRAC,2025-12-29 21:03:39,2025-12,08.189.400/0001-07,UN,0.2259,99.99,99.99,True
3f500b60c1e429f6,QUEIJO FAIXA AZUL PARMESAO CILINDRO 195G,2025-12-29 21:03:39,2025-12,08.189.400/0001-07,UN,1.0,31.99,164.05128205128204,True
73d5d48a641c549a,QUEIJO PRESIDENT 100G LE BLUE,2025-12-29 21:03:39,2025-12,08.189.400/0001-07,UN,1.0,18.99,189.9,True
fa6ecf34109f159c,BOLO LITORAL BANANA COM GRANOLA KG,2025-12-29 21:03:39,2025-12,08.189.400/0001-07,UN,0.314,35.9,35.9,True
fe39ba7d2ba13e15,REQUEIJAO TIROLEZ 400G CREMOSO TRADICIONAL,2025-12-29 21:03:39,2025-12,08.189.400/0001-07,UN,1.0,18.99,47.475,True
3bcddeb11b446e6c,PALMITO PALMEIRON EXTRA PT 300GR,2025-12-29 21:03:39,2025-12,08.189.400/0001-07,UN,1.0,18.99,18.99,True
6a3413ddf213582a,BOLO LITORAL MACAXEIRA KG,2025-12-29 21:03:39,2025-12,08.189.400/0001-07,UN,0.406,29.9,29.9,True
4150d20b797f4c8e,BOLO LITORAL FUBA KG,2025-12-29 21:03:39,2025-12,08.189.400/0001-07,UN,0.47,26.3,26.3,True
b0ca47987a76514b,QUEIJO DOR SELECAO 125G CAMEMBERT,2025-12-29 21:03:39,2025-12,08.189.400/0001-07,UN,1.0,14.99,119.92,True
358d68796182835a,AZEITONA LA VIOLETERA 160G VERDE FAT.REFIL,2025-12-29 21:03:39,2025-12,08.189.400/0001-07,UN,1.0,12.89,80.5625,True
044da6c44b7f39af,AZEITE DE OLIVA ANDORINHA 500ML EXT.VIRGEM VIDRO,2025-12-29 21:03:39,2025-12,08.189.400/0001-07,UN,1.0,37.99,75.98,True
8476b8553b2915b8,VINAGRE MINHOTO 500ML MACA,2025-12-29 21:03:39,2025-12,08.189.400/0001-07,UN,1.0,7.69,15.38,True
aedfb10803c65111,AGUA MINERAL INDAIA 330ML CGAS,2025-12-29 21:03:39,2025-12,08.189.400/0001-07,UN,3.0,2.23,6.757575757575757,True
6b9208853a5ffdb5,LEITE NATVILLE 1L INTEGRAL,2025-12-29 21:03:39,2025-12,08.189.400/0001-07,UN,1.0,5.99,5.99,True
79c5e503193af765,QUEIJO ILPLA COALHO NATURAL KG,2025-12-29 21:03:39,2025-12,08.189.400/0001-07,UN,0.394,49.99,49.99,True
79c5e503193af765,QUEIJO ILPLA COALHO NATURAL KG,2025-12-29 21:03:39,2025-12,08.189.400/0001-07,UN,0.31,49.99,49.99,True
b3ad7e82de3ce147,LTE.FERM.YAKULT 480G,2025-12-29 21:03:39,2025-12,08.189.400/0001-07,UN,1.0,16.99,35.39583333333333,True
cb9e4612967dba28,MORTADELA SADIA 200G DEFUMADA,2025-12-29 21:03:39,2025-12,08.189.400/0001-07,UN,1.0,8.89,44.45,True
0116814291fbfd17,BACON DALIA EXTRA LONBO FAT KG,2025-12-29 21:03:39,2025-12,08.189.400/0001-07,UN,0.198,39.99,39.99,True
a992835869d85015,PRESUNTO DOR SELECAO 80G HAMBURGUES FATIADO,2025-12-29 21:03:39,2025-12,08.189.400/0001-07,UN,1.0,18.99,237.375,True
1bbaf6cba108a53e,COPA ESPANHOLA MONTANERA 80G,2025-12-29 21:03:39,2025-12,08.189.400/0001-07,UN,1.0,28.99,362.375,True
e90a0c412b8429a5,QUEIJO TIROLEZ GORG. AZUL PED.KG,2025-12-29 21:03:39,2025-12,08.189.400/0001-07,KG,0.11,99.99,99.99,True
e90a0c412b8429a5,QUEIJO TIROLEZ GORG. AZUL PED.KG,2025-12-29 21:03:39,2025-12,08.189.400/0001-07,KG,0.134,99.99,99.99,True
6a6a39671d571810,MANGA ROSA KG,2025-12-29 21:03:39,2025-12,08.189.400/0001-07,KG,1.265,9.99,9.99,True
884de06b806f4910,LEITE CONDENSADO NESTLE MOCA 395G INTEGRAL LATA A,2025-12-29 21:03:39,2025-12,08.189.400/0001-07,UN,1.0,10.49,26.55696202531645,True
a9d64b0e17c25e0c,AZEITONA LA VIOLETERA 130G VDE CANCHOVA,2025-12-29 21:03:39,2025-12,08.189.400/0001-07,UN,1.0,22.99,176.84615384615384,True
494a0cddb2c6c92b,QUEIJO PIRAC.REINO MEIA LATA KG,2025-12-29 21:03:39,2025-12,08.189.400/0001-07,UN,0.468,118.99,118.99,True
41dcee0c970ccb9c,PAPEL HIG.NEVE NEUTRO C12 30MT LV12 PG11 NEUTRO,2025-12-29 21:03:39,2025-12,08.189.400/0001-07,UN,1.0,25.79,25.79,True
260b46324952d925,ESPUMANTE FREIXENET 750ML CORDON NEGRO BRUT,2025-12-29 21:03:39,2025-12,08.189.400/0001-07,UN,1.0,89.99,119.98666666666666,True
6f3affd220955752,"DESINFETANTE PINHO BRIL 1,75L PINHO SILVESTRE",2025-12-29 21:03:39,2025-12,08.189.400/0001-07,UN,1.0,14.99,8.565714285714286,True
5256578a9ff096dd,LAVA LOUCA BRILUX 3L NEUTRO,2025-12-29 21:03:39,2025-12,08.189.400/0001-07,UN,1.0,12.99,4.33,True
ffe781593895146a,SABONETE LIQUIDO LUX BOTANIC.200ML BUQUE DE JASMIM,2025-12-29 21:03:39,2025-12,08.189.400/0001-07,UN,1.0,9.99,49.95,True
e8c0ebdff8320ef4,DESODORANTE AEROSOL AXE MARINE 152ML90G,2025-12-29 21:03:39,2025-12,08.189.400/0001-07,UN,1.0,15.59,173.22222222222223,True
b5cf37faf4479927,AMACIANTE COMFORT CONCENTRADO 1L PERFUMES SECRETOS,2025-12-29 21:03:39,2025-12,08.189.400/0001-07,UN,1.0,29.79,29.79,True
3725f0a320d4204e,TOALHA DE PAPEL MILI C2.,2025-12-29 21:03:39,2025-12,08.189.400/0001-07,UN,1.0,5.69,5.69,True
24c1237c364eff84,PAPEL TOALHA SOCIAL CLEAN C2 FOLHA DUPLA,2025-12-29 21:03:39,2025-12,08.189.400/0001-07,UN,1.0,4.59,4.59,True
12a61be9eaae6579,"DET.PO OMO 1,6KG LAVAGEM PERFEITA BAG",2025-12-29 21:03:39,2025-12,08.189.400/0001-07,UN,1.0,33.99,21.24375,True
54931aeef77be7e2,GLADE AERO. FRUTAS E FLORES VIBRANTES 360ML305G,2025-12-29 21:03:39,2025-12,08.189.400/0001-07,UN,1.0,15.99,52.42622950819673,True
0dd839f1c139ed19,GLADE AERO. FRESCOR DE AGUAS FLORAIS 360ML305G,2025-12-29 21:03:39,2025-12,08.189.400/0001-07,UN,1.0,15.99,52.42622950819673,True
0e3c78b2d20bd283,CREME DENTAL SENSODYNE 90G ESP.RAPIDO ALIVIO ORIGI,2025-12-29 21:03:39,2025-12,08.189.400/0001-07,UN,1.0,21.39,237.66666666666669,True
69e95afabebae112,AGUA SANITARIA TUBARAO 5L,2025-12-29 21:03:39,2025-12,08.189.400/0001-07,UN,1.0,11.99,2.398,True
52c437efb140a66a,GENGIBRE KG,2025-12-29 21:03:39,2025-12,08.189.400/0001-07,KG,0.1144,15.99,15.99,True
8316820c4c0d7333,ALHO ESTRELA 200G,2025-12-29 21:03:39,2025-12,08.189.400/0001-07,UN,2.0,8.99,44.95,True
a2f39b14ff4c0b01,CEBOLA BRANCA KG,2025-12-29 21:03:39,2025-12,08.189.400/0001-07,KG,0.965,6.49,6.49,True
c804f78ba433598e,CEBOLA ROXA KG,2025-12-29 21:03:39,2025-12,08.189.400/0001-07,KG,0.2192,9.99,9.99,True
cad1bfb332ca89e8,CENOURA KG,2025-12-29 21:03:39,2025-12,08.189.400/0001-07,KG,1.42,6.99,6.99,True
a265a35e75b6218a,CEBOLINHA HSV ORGANICA UN,2025-12-29 21:03:39,2025-12,08.189.400/0001-07,UN,1.0,3.99,3.99,True
fadc1a233c829d8d,RUCULA 2MFC UNIDADE,2025-12-29 21:03:39,2025-12,08.189.400/0001-07,UN,2.0,3.99,3.99,True
4e3945a159d337fe,ALFACE CRESPA 2MFC UNIDADE,2025-12-29 21:03:39,2025-12,08.189.400/0001-07,UN,1.0,4.49,4.49,True
4e3945a159d337fe,ALFACE CRESPA 2MFC UNIDADE,2025-12-29 21:03:39,2025-12,08.189.400/0001-07,UN,1.0,4.49,4.49,True
b0e739f5ef196b59,COUVE FOLHA HSV ORGANICA UN,2025-12-29 21:03:39,2025-12,08.189.400/0001-07,UN,2.0,2.59,2.59,True
8475da0cd93c3905,CERVEJA HEINEKEN 330ML LONG NECK,2025-12-29 21:03:39,2025-12,08.189.400/0001-07,UN,1.0,6.79,20.57575757575757,True
a0e44675156f4208,CARGA GILLETTE MACH 3 L+ P-,2025-12-29 21:03:39,2025-12,08.189.400/0001-07,UN,1.0,65.99,21.996666666666663,True
870d6478e3fd0f56,CASTANHA DE CAJU NATURAL CASEIRA KG,2025-12-29 21:03:39,2025-12,08.189.400/0001-07,kg,0.1919,134.99,134.99,True
43149226c9a085e7,PEPINO KG,2025-12-29 21:03:39,2025-12,08.189.400/0001-07,kg,0.4887,3.99,3.99,True
9a84a1aa0c5e9a8a,PIMENTAO VERDE KG,2025-12-29 21:03:39,2025-12,08.189.400/0001-07,KG,0.455,10.99,10.99,True
4f49127eba2affe0,ALFACE AMERICANA 2MFC EM BOLA UNIDADE,2025-12-29 21:03:39,2025-12,08.189.400/0001-07,UN,1.0,5.99,5.99,True
4ab70865611936ad,BETERRABA KG,2025-12-29 21:03:39,2025-12,08.189.400/0001-07,KG,1.03,6.99,6.99,True
64adeca64b59b3ca,TOMATE KG,2025-12-29 21:03:39,2025-12,08.189.400/0001-07,KG,2.05,5.99,5.99,True
591820f8172ff6fc,MANTEIGA REGENCIA 200G CSAL,2025-12-29 21:03:39,2025-12,08.189.400/0001-07,UN,1.0,9.99,49.95,True
9c52dd71c1b569dc,ALCOOL EM GEL SANTA CRUZ 430G 70INPM,2025-12-29 21:03:39,2025-12,08.189.400/0001-07,UN,1.0,9.99,23.232558139534884,True
04042a5aa7c6484a,OVOS AVINE EXTRA C30 BRANCO,2025-12-29 21:03:39,2025-12,08.189.400/0001-07,UN,1.0,19.99,19.99,True
12c3c0c082ee7a24,PEIXE SARDINHA LAGE DUMAR 1KG CONG. SCABECA,2025-12-29 21:03:39,2025-12,08.189.400/0001-07,UN,5.0,14.99,14.99,True
0effab0c38fa296d,PEIXE MANJUBA INTEIRO CONG 800G,2025-12-29 21:03:39,2025-12,08.189.400/0001-07,UN,1.0,22.99,28.7375,True
5fa455e9ccf68da6,WHISKY CHIVAS REGAL 750ML GOLD SIGN.18 ANOS,2025-12-29 21:03:39,2025-12,08.189.400/0001-07,UN,1.0,349.0,465.3333333333333,True
d01703ed78219fae,PAO DE QUEIJO FORNO MINAS 820G COQUETEL,2025-12-29 21:03:39,2025-12,08.189.400/0001-07,UN,1.0,39.99,48.768292682926834,True
fc1e3b4498a58d4c,LIMAO TAITI KG,2025-12-29 21:03:39,2025-12,08.189.400/0001-07,KG,2.47,4.99,4.99,True
93caec399ccd0e9d,#2300100#21050010#SORV MEZZO 70,2025-12-29 12:33:54,2025-12,36.333.522/0001-52,UN,1.0,16.99,16.99,True
93caec399ccd0e9d,#2300100#21050010#SORV MEZZO 70,2025-12-23 12:08:11,2025-12,36.333.522/0001-52,UN,1.0,16.99,16.99,True
4ada4101798452ef,CAPSULA NESPRESSO 3 CORACOES ESPECIAS 56G COLOMBIA,2025-12-18 20:51:01,2025-12,08.189.400/0001-07,UN,1.0,21.99,392.6785714285714,True
9b51742774998dee,CAPSULA TRES NESPRESSO 50G INTENSO C10,2025-12-18 20:51:01,2025-12,08.189.400/0001-07,UN,1.0,21.99,439.8,True
9b51742774998dee,CAPSULA TRES NESPRESSO 50G INTENSO C10,2025-12-18 20:51:01,2025-12,08.189.400/0001-07,UN,1.0,21.99,439.8,True
9b51742774998dee,CAPSULA TRES NESPRESSO 50G INTENSO C10,2025-12-18 20:51:01,2025-12,08.189.400/0001-07,UN,1.0,21.99,439.8,True
2d801f35a808f81b,"BISC.NESTLE KIT KAT 41,5G AO LEITE",2025-12-18 20:51:01,2025-12,08.189.400/0001-07,UN,5.0,4.49,108.19277108433737,True
566cf5c17cb2c53a,ALFACE CRESPA ROXA 2MFC UNIDADE,2025-12-18 20:51:01,2025-12,08.189.400/0001-07,UN,1.0,4.49,4.49,True
b0e739f5ef196b59,COUVE FOLHA HSV ORGANICA UN,2025-12-18 20:51:01,2025-12,08.189.400/0001-07,UN,1.0,2.59,2.59,True
7e87a542568272ea,COUVE FOLHA 2MFC UNIDADE,2025-12-18 20:51:01,2025-12,08.189.400/0001-07,UN,1.0,3.99,3.99,True
29eeac798c57fb97,RUCULA HSV ORGANICA UN,2025-12-18 20:51:01,2025-12,08.189.400/0001-07,UN,1.0,2.49,2.49,True
c9ab8fd6a5ad42f1,UVA DOCE MEL LEVISSA 500G THOMPSON,2025-12-18 20:51:01,2025-12,08.189.400/0001-07,UN,1.0,11.99,23.98,True
82d9853d695c0886,CHEIRO VERDE 2MFC UNIDADE,2025-12-18 20:51:01,2025-12,08.189.400/0001-07,UN,1.0,3.99,3.99,True
29eeac798c57fb97,RUCULA HSV ORGANICA UN,2025-12-18 20:51:01,2025-12,08.189.400/0001-07,UN,1.0,2.49,2.49,True
5ab9d76ec6429e25,UVA PASSA DOCE MEL RES.GOURMET 150G ESCURA,2025-12-18 20:51:01,2025-12,08.189.400/0001-07,UN,1.0,9.99,66.60000000000001,True
4ab70865611936ad,BETERRABA KG,2025-12-18 20:51:01,2025-12,08.189.400/0001-07,KG,1.16,6.99,6.99,True
a34270ce28679179,MAC.VITARELLA 400G ESPAGUETE FINO,2025-12-18 20:51:01,2025-12,08.189.400/0001-07,UN,1.0,2.89,7.225,True
cad1bfb332ca89e8,CENOURA KG,2025-12-18 20:51:01,2025-12,08.189.400/0001-07,KG,1.95,4.99,4.99,True
79c5e503193af765,QUEIJO ILPLA COALHO NATURAL KG,2025-12-18 20:51:01,2025-12,08.189.400/0001-07,UN,0.366,49.99,49.99,True
6f3089235e5468e7,GOMA DE MANDIOCA DATERRA 1KG,2025-12-18 20:51:01,2025-12,08.189.400/0001-07,UN,1.0,6.99,6.99,True
502e8f0f33271857,AVEIA SAO BRAZ 165G FLOCOS CAIXA,2025-12-18 20:51:01,2025-12,08.189.400/0001-07,UN,1.0,3.39,20.545454545454547,True
502e8f0f33271857,AVEIA SAO BRAZ 165G FLOCOS CAIXA,2025-12-18 20:51:01,2025-12,08.189.400/0001-07,UN,1.0,3.39,20.545454545454547,True
56e32d7cc03899f6,PANETTONE BAUDUCCO MINI 80G CHOCOTTONE FLOWPACK,2025-12-18 20:51:01,2025-12,08.189.400/0001-07,UN,1.0,5.99,74.875,True
56e32d7cc03899f6,PANETTONE BAUDUCCO MINI 80G CHOCOTTONE FLOWPACK,2025-12-18 20:51:01,2025-12,08.189.400/0001-07,UN,1.0,5.99,74.875,True
56e32d7cc03899f6,PANETTONE BAUDUCCO MINI 80G CHOCOTTONE FLOWPACK,2025-12-18 20:51:01,2025-12,08.189.400/0001-07,UN,1.0,5.99,74.875,True
56e32d7cc03899f6,PANETTONE BAUDUCCO MINI 80G CHOCOTTONE FLOWPACK,2025-12-18 20:51:01,2025-12,08.189.400/0001-07,UN,1.0,5.99,74.875,True
56e32d7cc03899f6,PANETTONE BAUDUCCO MINI 80G CHOCOTTONE FLOWPACK,2025-12-18 20:51:01,2025-12,08.189.400/0001-07,UN,1.0,5.99,74.875,True
56e32d7cc03899f6,PANETTONE BAUDUCCO MINI 80G CHOCOTTONE FLOWPACK,2025-12-18 20:51:01,2025-12,08.189.400/0001-07,UN,1.0,5.99,74.875,True
56e32d7cc03899f6,PANETTONE BAUDUCCO MINI 80G CHOCOTTONE FLOWPACK,2025-12-18 20:51:01,2025-12,08.189.400/0001-07,UN,1.0,5.99,74.875,True
56e32d7cc03899f6,PANETTONE BAUDUCCO MINI 80G CHOCOTTONE FLOWPACK,2025-12-18 20:51:01,2025-12,08.189.400/0001-07,UN,1.0,5.99,74.875,True
274426f3aee34a99,BISCOITO PIRAQUE ROLADINHO 75G GOIABINHA,2025-12-18 20:51:01,2025-12,08.189.400/0001-07,UN,3.0,4.99,66.53333333333335,True
56e32d7cc03899f6,PANETTONE BAUDUCCO MINI 80G CHOCOTTONE FLOWPACK,2025-12-18 20:51:01,2025-12,08.189.400/0001-07,UN,1.0,5.99,74.875,True
de1ddecbf2d19197,PAO BAUDUCO 390G FORMA TRADICIONAL,2025-12-18 20:51:01,2025-12,08.189.400/0001-07,UN,1.0,8.99,23.05128205128205,True
c6eb92fcec908aa2,MACAXEIRA KG,2025-12-18 20:51:01,2025-12,08.189.400/0001-07,KG,1.875,4.99,4.99,True
4b5adb1ed139102f,AVEIA SAO BRAZ 165G FLOCOS FINOS CAIXA,2025-12-18 20:51:01,2025-12,08.189.400/0001-07,UN,1.0,3.39,20.545454545454547,True
502e8f0f33271857,AVEIA SAO BRAZ 165G FLOCOS CAIXA,2025-12-18 20:51:01,2025-12,08.189.400/0001-07,UN,1.0,3.39,20.545454545454547,True
c3568b52a3774134,PASSATA DI POMOD.LA PASTINA 680G VD,2025-12-18 20:51:01,2025-12,08.189.400/0001-07,UN,1.0,26.59,39.10294117647059,True
cc1527f6bfa6dc64,ARROZ BRILHANTE 1KG BRANCO,2025-12-18 20:51:01,2025-12,08.189.400/0001-07,UN,1.0,3.99,3.99,True
cc1527f6bfa6dc64,ARROZ BRILHANTE 1KG BRANCO,2025-12-18 20:51:01,2025-12,08.189.400/0001-07,UN,1.0,3.99,3.99,True
6f596bf49b51e058,PEPINO JAPONES KG,2025-12-18 20:51:01,2025-12,08.189.400/0001-07,UN,0.346,5.99,5.99,True
591820f8172ff6fc,MANTEIGA REGENCIA 200G CSAL,2025-12-18 20:51:01,2025-12,08.189.400/0001-07,UN,1.0,9.99,49.95,True
74f1fc65852c6840,OLEO SOYA 900ML DE SOJA PET,2025-12-18 20:51:01,2025-12,08.189.400/0001-07,UN,1.0,10.49,11.655555555555557,True
4468d7c590e56980,DET.LIQ.INVICTO 500ML NEUTRO,2025-12-18 20:51:01,2025-12,08.189.400/0001-07,UN,1.0,1.69,3.38,True
4468d7c590e56980,DET.LIQ.INVICTO 500ML NEUTRO,2025-12-18 20:51:01,2025-12,08.189.400/0001-07,UN,1.0,1.69,3.38,True
7a29d99023803d37,FLOCAO DE MILHO NOVOMILHO 500G,2025-12-18 20:51:01,2025-12,08.189.400/0001-07,UN,1.0,1.49,2.98,True
24c1237c364eff84,PAPEL TOALHA SOCIAL CLEAN C2 FOLHA DUPLA,2025-12-18 20:51:01,2025-12,08.189.400/0001-07,UN,1.0,4.59,4.59,True
7a29d99023803d37,FLOCAO DE MILHO NOVOMILHO 500G,2025-12-18 20:51:01,2025-12,08.189.400/0001-07,UN,1.0,1.49,2.98,True
6a6a39671d571810,MANGA ROSA KG,2025-12-18 20:51:01,2025-12,08.189.400/0001-07,KG,1.2,9.99,9.99,True
64d5a4be895c724f,REQUEIJAO ISIS 200G CREMOSO,2025-12-18 20:51:01,2025-12,08.189.400/0001-07,UN,1.0,8.99,44.95,True
91d7fe2c4267eb50,LEITE FERMENTADO ACTIVIA 800G VITAMINA DE FRUTAS,2025-12-18 20:51:01,2025-12,08.189.400/0001-07,UN,1.0,15.59,19.4875,True
b3ad7e82de3ce147,LTE.FERM.YAKULT 480G,2025-12-18 20:51:01,2025-12,08.189.400/0001-07,UN,1.0,16.99,35.39583333333333,True
044da6c44b7f39af,AZEITE DE OLIVA ANDORINHA 500ML EXT.VIRGEM VIDRO,2025-12-18 20:51:01,2025-12,08.189.400/0001-07,UN,1.0,31.99,63.98,True
790ad984b115250e,BISCOITO VITARELLA C.CRACKER TOSTADINHA 350G,2025-12-18 20:51:01,2025-12,08.189.400/0001-07,UN,1.0,4.89,13.971428571428572,True
56e32d7cc03899f6,PANETTONE BAUDUCCO MINI 80G CHOCOTTONE FLOWPACK,2025-12-18 20:51:01,2025-12,08.189.400/0001-07,UN,1.0,5.99,74.875,True
af4527db7c235d57,SABONETE PHEBO RAIZ DO ORIENTE 90G,2025-12-18 20:51:01,2025-12,08.189.400/0001-07,UN,1.0,5.29,58.77777777777778,True
af4527db7c235d57,SABONETE PHEBO RAIZ DO ORIENTE 90G,2025-12-18 20:51:01,2025-12,08.189.400/0001-07,UN,1.0,5.29,58.77777777777778,True
29dcb05fc1419568,FIO DENTAL JOHNSONS REACH MENTA 100M,2025-12-18 20:51:01,2025-12,08.189.400/0001-07,UN,1.0,15.99,15.99,True
8316820c4c0d7333,ALHO ESTRELA 200G,2025-12-18 20:51:01,2025-12,08.189.400/0001-07,UN,1.0,8.99,44.95,True
64adeca64b59b3ca,TOMATE KG,2025-12-18 20:51:01,2025-12,08.189.400/0001-07,KG,0.505,5.99,5.99,True
a2f39b14ff4c0b01,CEBOLA BRANCA KG,2025-12-18 20:51:01,2025-12,08.189.400/0001-07,KG,0.36,4.49,4.49,True
6a3413ddf213582a,BOLO LITORAL MACAXEIRA KG,2025-12-18 20:51:01,2025-12,08.189.400/0001-07,UN,0.29,29.9,29.9,True
6a3413ddf213582a,BOLO LITORAL MACAXEIRA KG,2025-12-18 20:51:01,2025-12,08.189.400/0001-07,UN,0.298,29.9,29.9,True
ad95d1fa8ddb7e5d,PEPINOS HEMMER EM CONSERVA EM RODELA 800G 440G DR,2025-12-18 20:51:01,2025-12,08.189.400/0001-07,UN,1.0,22.99,28.7375,True
274426f3aee34a99,BISCOITO PIRAQUE ROLADINHO 75G GOIABINHA,2025-12-18 20:51:01,2025-12,08.189.400/0001-07,UN,1.0,4.99,66.53333333333335,True
7a78422c88e0ffc1,DESODORANTE AEROSOL AXE BLACK 150ML96G.,2025-12-18 20:51:01,2025-12,08.189.400/0001-07,UN,1.0,15.59,162.39583333333331,True
20731bb91da2997c,DESODORANTE AEROSOL REXONA MEN INVISIBLE 250ML145,2025-12-18 20:51:01,2025-12,08.189.400/0001-07,UN,1.0,25.99,25.99,True
0c3aae7a726e64e8,SABAO YPE BARRA MULT.ATIVO PERFORMANCE 5X180G,2025-12-18 20:51:01,2025-12,08.189.400/0001-07,UN,1.0,15.99,88.83333333333334,True
269249c25c3e94bd,OVOS DE CODORNA AVINE C30,2025-12-18 20:51:01,2025-12,08.189.400/0001-07,UN,1.0,7.99,7.99,True
04042a5aa7c6484a,OVOS AVINE EXTRA C30 BRANCO,2025-12-18 20:51:01,2025-12,08.189.400/0001-07,UN,1.0,14.99,14.99,True
4d0f655b3826bb5a,PAPEL HIG.NEVE NEUTRO LV16 PG15 COMPACTO,2025-12-18 20:51:01,2025-12,08.189.400/0001-07,UN,1.0,34.49,34.49,True
12c3c0c082ee7a24,PEIXE SARDINHA LAGE DUMAR 1KG CONG. SCABECA,2025-12-18 20:51:01,2025-12,08.189.400/0001-07,UN,5.0,14.99,14.99,True
0effab0c38fa296d,PEIXE MANJUBA INTEIRO CONG 800G,2025-12-18 20:51:01,2025-12,08.189.400/0001-07,UN,1.0,22.99,28.7375,True
12a61be9eaae6579,"DET.PO OMO 1,6KG LAVAGEM PERFEITA BAG",2025-12-18 20:51:01,2025-12,08.189.400/0001-07,UN,1.0,33.99,21.24375,True
8fa989c171662938,TECLADO BLUETOOTH K380S GRAFITE. LOGITECH,2025-12-15 13:01:47,2025-12,11.982.113/0011-28,UN,1.0,199.0,199.0,True
870d6478e3fd0f56,CASTANHA DE CAJU NATURAL CASEIRA KG,2025-11-30 20:15:41,2025-11,08.189.400/0001-07,kg,0.222,134.99,134.99,True
cad1bfb332ca89e8,CENOURA KG,2025-11-30 20:15:41,2025-11,08.189.400/0001-07,KG,0.97,6.99,6.99,True
e074f6f4688c74d1,FEIJAO VERDE NABAGE KG,2025-11-30 20:15:41,2025-11,08.189.400/0001-07,KG,0.56,18.99,18.99,True
c06fcf6c04b26e7f,ALFACE FRANCESA HSV ORGANICA UN,2025-11-30 20:15:41,2025-11,08.189.400/0001-07,UN,1.0,5.59,5.59,True
4ada4101798452ef,CAPSULA NESPRESSO 3 CORACOES ESPECIAS 56G COLOMBIA,2025-11-30 20:15:41,2025-11,08.189.400/0001-07,UN,1.0,21.99,392.6785714285714,True
9b51742774998dee,CAPSULA TRES NESPRESSO 50G INTENSO C10,2025-11-30 20:15:41,2025-11,08.189.400/0001-07,UN,1.0,21.99,439.8,True
534da142d9315b0e,KIWI SUNGOLD EMB.440G,2025-11-30 20:15:41,2025-11,08.189.400/0001-07,UN,1.0,24.99,56.79545454545454,True
17976b076b4b0a12,PEPINO HEMMER CONDIMENTO SUAVE VD. 300G,2025-11-30 20:15:41,2025-11,08.189.400/0001-07,UN,1.0,21.99,73.3,True
984ba1cfd39c0dde,TOMATE BOMBOM BANDEJA,2025-11-30 20:15:41,2025-11,08.189.400/0001-07,UN,1.0,6.99,6.99,True
b79086211ca72044,COENTRO 2MFC UNIDADE,2025-11-30 20:15:41,2025-11,08.189.400/0001-07,UN,1.0,3.99,3.99,True
8237a826996fac9c,REPOLHO LISO KG,2025-11-30 20:15:41,2025-11,08.189.400/0001-07,KG,0.829,5.99,5.99,True
64adeca64b59b3ca,TOMATE KG,2025-11-30 20:15:41,2025-11,08.189.400/0001-07,KG,0.295,3.99,3.99,True
52c437efb140a66a,GENGIBRE KG,2025-11-30 20:15:41,2025-11,08.189.400/0001-07,KG,0.065,15.99,15.99,True
6f3089235e5468e7,GOMA DE MANDIOCA DATERRA 1KG,2025-11-30 20:15:41,2025-11,08.189.400/0001-07,UN,1.0,6.99,6.99,True
6a6a39671d571810,MANGA ROSA KG,2025-11-30 20:15:41,2025-11,08.189.400/0001-07,KG,1.015,9.99,9.99,True
8316820c4c0d7333,ALHO ESTRELA 200G,2025-11-30 20:15:41,2025-11,08.189.400/0001-07,UN,1.0,8.99,44.95,True
fc1e3b4498a58d4c,LIMAO TAITI KG,2025-11-30 20:15:41,2025-11,08.189.400/0001-07,KG,0.875,4.99,4.99,True
04042a5aa7c6484a,OVOS AVINE EXTRA C30 BRANCO,2025-11-30 20:15:41,2025-11,08.189.400/0001-07,UN,1.0,12.99,12.99,True
170b91e4a8c992d5,ALFACE MIMOSA HSV ORGANICA UN,2025-11-30 20:15:41,2025-11,08.189.400/0001-07,UN,1.0,4.99,4.99,True
4d1e391e1075b514,"MAMAO PAPAYA GOLDEN 1,5KG BOX",2025-11-30 20:15:41,2025-11,08.189.400/0001-07,UN,1.0,21.99,14.659999999999998,True
0a1905c2aaa0d384,GELEIA RITTER 310G MORANGO VD,2025-11-30 20:15:41,2025-11,08.189.400/0001-07,UN,1.0,21.49,69.32258064516128,True
a43b29f7f5fb0203,REQUEIJAO POCOS DE CALDAS 400G TRADICIONAL,2025-11-30 20:15:41,2025-11,08.189.400/0001-07,UN,1.0,17.79,44.475,True
79c5e503193af765,QUEIJO ILPLA COALHO NATURAL KG,2025-11-30 20:15:41,2025-11,08.189.400/0001-07,UN,0.388,49.99,49.99,True
710ce9b0f29ff191,MOLHO DE TOMATE MASTROIANI 680G PASSATA VIDRO,2025-11-30 20:15:41,2025-11,08.189.400/0001-07,UN,1.0,18.99,27.92647058823529,True
710ce9b0f29ff191,MOLHO DE TOMATE MASTROIANI 680G PASSATA VIDRO,2025-11-30 20:15:41,2025-11,08.189.400/0001-07,UN,1.0,18.99,27.92647058823529,True
35e60818e1bf9e5b,AMEIXA SECA DOCE MEL RES.GOURMET 150G SCAROCO,2025-11-30 20:15:41,2025-11,08.189.400/0001-07,UN,1.0,14.99,99.93333333333334,True
08975f5bd88efa42,PRESUNTO CRU MONTANERA 70G JAMON SERRANO,2025-11-30 20:15:41,2025-11,08.189.400/0001-07,UN,1.0,21.99,314.1428571428571,True
a992835869d85015,PRESUNTO DOR SELECAO 80G HAMBURGUES FATIADO,2025-11-30 20:15:41,2025-11,08.189.400/0001-07,UN,1.0,18.99,237.375,True
c6fbd1e44ccf9e6b,ALCAPARRAS LAVIOLETERA 60G,2025-11-30 20:15:41,2025-11,08.189.400/0001-07,UN,1.0,15.69,261.5,True
a9d64b0e17c25e0c,AZEITONA LA VIOLETERA 130G VDE CANCHOVA,2025-11-30 20:15:41,2025-11,08.189.400/0001-07,UN,1.0,22.99,176.84615384615384,True
667f85f593389edd,AZEITONA LA VIOLETERA VERDE SCAROC.160G VD,2025-11-30 20:15:41,2025-11,08.189.400/0001-07,UN,1.0,17.99,112.4375,True
a9d64b0e17c25e0c,AZEITONA LA VIOLETERA 130G VDE CANCHOVA,2025-11-30 20:15:41,2025-11,08.189.400/0001-07,UN,1.0,22.99,176.84615384615384,True
fa6ecf34109f159c,BOLO LITORAL BANANA COM GRANOLA KG,2025-11-30 20:15:41,2025-11,08.189.400/0001-07,UN,0.33,35.9,35.9,True
aedfb10803c65111,AGUA MINERAL INDAIA 330ML CGAS,2025-11-30 20:15:41,2025-11,08.189.400/0001-07,UN,1.0,2.23,6.757575757575757,True
aedfb10803c65111,AGUA MINERAL INDAIA 330ML CGAS,2025-11-30 20:15:41,2025-11,08.189.400/0001-07,UN,1.0,2.23,6.757575757575757,True
c48308496cbe7cdb,LEITE FERM.DANONE ACTIVIA 450G,2025-11-30 20:15:41,2025-11,08.189.400/0001-07,UN,1.0,11.69,25.97777777777777,True
6a3413ddf213582a,BOLO LITORAL MACAXEIRA KG,2025-11-30 20:15:41,2025-11,08.189.400/0001-07,UN,0.442,29.9,29.9,True
cba7cb9bf08eb28d,MAGIC TOAST MARILAN 110G MULTICEREAIS,2025-11-30 20:15:41,2025-11,08.189.400/0001-07,UN,1.0,6.69,60.81818181818182,True
cba7cb9bf08eb28d,MAGIC TOAST MARILAN 110G MULTICEREAIS,2025-11-30 20:15:41,2025-11,08.189.400/0001-07,UN,1.0,6.69,60.81818181818182,True
4b5adb1ed139102f,AVEIA SAO BRAZ 165G FLOCOS FINOS CAIXA,2025-11-30 20:15:41,2025-11,08.189.400/0001-07,UN,4.0,3.99,24.181818181818183,True
4fa2af39abdc7ca9,TAFF MAN-EX 110ML UND,2025-11-30 20:15:41,2025-11,08.189.400/0001-07,UN,1.0,6.39,58.090909090909086,True
274426f3aee34a99,BISCOITO PIRAQUE ROLADINHO 75G GOIABINHA,2025-11-30 20:15:41,2025-11,08.189.400/0001-07,UN,3.0,4.99,66.53333333333335,True
790ad984b115250e,BISCOITO VITARELLA C.CRACKER TOSTADINHA 350G,2025-11-30 20:15:41,2025-11,08.189.400/0001-07,UN,1.0,5.29,15.114285714285716,True
317a86d2ceb9311b,LEITE BETANIA 1L INTEGRAL TAMPA ROSCA,2025-11-30 20:15:41,2025-11,08.189.400/0001-07,UN,1.0,6.49,6.49,True
de1ddecbf2d19197,PAO BAUDUCO 390G FORMA TRADICIONAL,2025-11-30 20:15:41,2025-11,08.189.400/0001-07,UN,1.0,6.99,17.923076923076923,True
c2cbe7463cfdefde,FLOCAO DE MILHO VITAMILHO 500G,2025-11-30 20:15:41,2025-11,08.189.400/0001-07,UN,2.0,1.55,3.1,True
884de06b806f4910,LEITE CONDENSADO NESTLE MOCA 395G INTEGRAL LATA A,2025-11-30 20:15:41,2025-11,08.189.400/0001-07,UN,1.0,10.49,26.55696202531645,True
9b0c1a5859e3ae9d,ARROZ TIO JOAO 1KG POLIDO,2025-11-30 20:15:41,2025-11,08.189.400/0001-07,UN,1.0,8.29,8.29,True
9b0c1a5859e3ae9d,ARROZ TIO JOAO 1KG POLIDO,2025-11-30 20:15:41,2025-11,08.189.400/0001-07,UN,1.0,8.29,8.29,True
3c5fa2168e47fe28,SALGADO PINGO D OURO 160G BACON,2025-11-30 20:15:41,2025-11,08.189.400/0001-07,UN,1.0,8.99,56.1875,True
b3ad7e82de3ce147,LTE.FERM.YAKULT 480G,2025-11-30 20:15:41,2025-11,08.189.400/0001-07,UN,1.0,16.99,35.39583333333333,True
02e450f82b3f07df,"DET.PO TIXAN YPE PRIMAVERA  1,6KG",2025-11-30 20:15:41,2025-11,08.189.400/0001-07,UN,1.0,20.99,13.11875,True
140829d66b8e4151,COLA TEKBOND 20G 793 AZUL BICO ANTI ENTUPIMENTO,2025-11-30 20:15:41,2025-11,08.189.400/0001-07,UN,1.0,8.99,449.5,True
0dd839f1c139ed19,GLADE AERO. FRESCOR DE AGUAS FLORAIS 360ML305G,2025-11-30 20:15:41,2025-11,08.189.400/0001-07,UN,1.0,15.99,52.42622950819673,True
a0aedef923e19cbc,FIO DENTAL COLGATE MENTA 50M,2025-11-30 20:15:41,2025-11,08.189.400/0001-07,UN,1.0,17.99,17.99,True
4d0f655b3826bb5a,PAPEL HIG.NEVE NEUTRO LV16 PG15 COMPACTO,2025-11-30 20:15:41,2025-11,08.189.400/0001-07,UN,1.0,34.49,34.49,True
20731bb91da2997c,DESODORANTE AEROSOL REXONA MEN INVISIBLE 250ML145,2025-11-30 20:15:41,2025-11,08.189.400/0001-07,UN,1.0,18.99,18.99,True
9135e9d1a82497a5,AMACIANTE DOWNY CONCENTRADO 900ML MISTICO,2025-11-30 20:15:41,2025-11,08.189.400/0001-07,UN,1.0,22.99,25.54444444444444,True
24c1237c364eff84,PAPEL TOALHA SOCIAL CLEAN C2 FOLHA DUPLA,2025-11-30 20:15:41,2025-11,08.189.400/0001-07,UN,1.0,4.59,4.59,True
d157d4f442d4a93d,ALCOOL SANTA CRUZ 54L 1L,2025-11-30 20:15:41,2025-11,08.189.400/0001-07,UN,1.0,7.89,0.1461111111111111,True
e8c0ebdff8320ef4,DESODORANTE AEROSOL AXE MARINE 152ML90G,2025-11-30 20:15:41,2025-11,08.189.400/0001-07,UN,1.0,15.59,173.22222222222223,True
e549bdbcd6c396d5,OLEO KING DE CEDRO 500ML,2025-11-30 20:15:41,2025-11,08.189.400/0001-07,UN,1.0,26.59,53.18,True
94d9344c976a4a2c,DET.LIQ.YPE 500ML NEUTRO,2025-11-30 20:15:41,2025-11,08.189.400/0001-07,UN,1.0,1.89,3.78,True
0960b3055c229487,INSETICIDA SBP AERO LV MAIS PG MENOS 450ML ANTI AE,2025-11-30 20:15:41,2025-11,08.189.400/0001-07,UN,1.0,15.99,35.53333333333333,True
69e95afabebae112,AGUA SANITARIA TUBARAO 5L,2025-11-30 20:15:41,2025-11,08.189.400/0001-07,UN,1.0,11.99,2.398,True
b167368114af24d1,CANETA CIS ULTRA 0.7 C2 PTAZ REF52.0672,2025-11-30 20:15:41,2025-11,08.189.400/0001-07,UN,1.0,14.99,14.99,True
0cc45eccee4d1714,PROTETOR ANTI DESLIZANTE 3M SCOTCH RED.C9 PRETO,2025-11-30 20:15:41,2025-11,08.189.400/0001-07,UN,1.0,11.99,11.99,True
38665986e64271f6,PROTETOR ANTIIMPACTO 3M SCOTCH RED.C16 15X15X4,2025-11-30 20:15:41,2025-11,08.189.400/0001-07,UN,1.0,31.99,31.99,True
1d9797f50c54ee87,ESPONJA BETTANIN BRILHUS MULTIUSO LV4 PG3,2025-11-30 20:15:41,2025-11,08.189.400/0001-07,UN,1.0,3.99,3.99,True
6f3affd220955752,"DESINFETANTE PINHO BRIL 1,75L PINHO SILVESTRE",2025-11-30 20:15:41,2025-11,08.189.400/0001-07,UN,1.0,14.99,8.565714285714286,True
74492162f11c4cba,REFRIGERANTE COCA-COLA 250ML PET,2025-11-30 20:15:41,2025-11,08.189.400/0001-07,UN,1.0,2.59,10.36,True
12c95aa1571677f2,PEIXE SARDINHA INT. DUMAR CONG.800G,2025-11-30 20:15:41,2025-11,08.189.400/0001-07,UN,3.0,13.49,16.8625,True
55eb3fdbe6ee2c0c,BUSONID 32MCG SUSP A,2025-11-16 21:35:29,2025-11,06.626.253/0260-37,UN,1.0,32.99,32.99,True
1662cd945fbf3e04,ENX BUCAL PERIOGARD,2025-11-16 21:35:29,2025-11,06.626.253/0260-37,UN,1.0,61.99,61.99,True
4bb3dfae0c45f2a0,FIO DTL ORAL B FLOSS,2025-11-16 21:35:29,2025-11,06.626.253/0260-37,UN,1.0,34.99,34.99,True
b2c31caa9dc63940,SPRAY AGUA RABELO ME,2025-11-16 21:35:29,2025-11,06.626.253/0260-37,UN,1.0,14.49,14.49,True
8b64913f76075c9f,PAST TIC TAC MENTA 4,2025-11-16 21:35:29,2025-11,06.626.253/0260-37,UN,1.0,13.99,13.99,True
a7a2767e63bcaa3b,PAST TIC TAC MENTA F,2025-11-16 21:35:29,2025-11,06.626.253/0260-37,UN,1.0,5.49,5.49,True
eaba7f858e9177c0,#2300100#21050010#SORV PISTACHE 70,2025-11-13 11:29:37,2025-11,36.333.522/0001-52,UN,1.0,19.99,19.99,True
eb2b343cbcf292e1,#1700300#18063210#TAB LC 28 5,2025-11-13 11:29:37,2025-11,36.333.522/0001-52,UN,4.0,1.29,1.29,True
79b15f5e1af3ebcf,#1700200#18063110#LANUT PISTACHE 130,2025-11-13 11:29:37,2025-11,36.333.522/0001-52,UN,1.0,29.99,29.99,True
012f34b6b653daa9,#2300100#21050010#SORV LC 70,2025-11-11 10:33:04,2025-11,36.333.522/0001-52,UN,1.0,16.99,16.99,True
eb2b343cbcf292e1,#1700300#18063210#TAB LC 28 5,2025-11-11 10:33:04,2025-11,36.333.522/0001-52,UN,6.0,1.29,1.29,True
2c6d4fa4619b9776,"#1700900#18069000#TRU LC LEIT 13,5",2025-11-11 10:33:04,2025-11,36.333.522/0001-52,UN,2.0,3.49,3.49,True
3b2d1d95dd9ae427,"#1700900#18069000#TRU LC GIANDU 13,5",2025-11-11 10:33:04,2025-11,36.333.522/0001-52,UN,2.0,3.49,3.49,True
79da964f0be1109f,#1700300#18063210#TAB CS CAFE 5,2025-11-11 10:33:04,2025-11,36.333.522/0001-52,UN,1.0,1.29,1.29,True
7b12ec93551e9b46,#1700300#18063210#TAB BT CAC 85% 5G,2025-11-11 10:33:04,2025-11,36.333.522/0001-52,UN,1.0,1.29,258.0,True
eaba7f858e9177c0,#2300100#21050010#SORV PISTACHE 70,2025-11-10 13:38:28,2025-11,36.333.522/0001-52,UN,1.0,19.99,19.99,True
eaba7f858e9177c0,#2300100#21050010#SORV PISTACHE 70,2025-11-07 12:00:24,2025-11,36.333.522/0001-52,UN,1.0,19.99,19.99,True
eaba7f858e9177c0,#2300100#21050010#SORV PISTACHE 70,2025-11-06 12:48:55,2025-11,36.333.522/0001-52,UN,1.0,19.99,19.99,True
eaba7f858e9177c0,#2300100#21050010#SORV PISTACHE 70,2025-11-05 13:35:44,2025-11,36.333.522/0001-52,UN,1.0,19.99,19.99,True
eaba7f858e9177c0,#2300100#21050010#SORV PISTACHE 70,2025-11-04 11:16:33,2025-11,36.333.522/0001-52,UN,1.0,19.99,19.99,True
eaba7f858e9177c0,#2300100#21050010#SORV PISTACHE 70,2025-11-03 11:13:52,2025-11,36.333.522/0001-52,UN,1.0,19.99,19.99,True
eaba7f858e9177c0,#2300100#21050010#SORV PISTACHE 70,2025-10-31 13:53:43,2025-10,36.333.522/0001-52,UN,1.0,19.99,19.99,True
eaba7f858e9177c0,#2300100#21050010#SORV PISTACHE 70,2025-10-30 10:24:11,2025-10,36.333.522/0001-52,UN,1.0,19.99,19.99,True
a2fc4e1eb2d75474,#2300100#21050010#SORV LN 70,2025-10-29 13:31:32,2025-10,36.333.522/0001-52,UN,1.0,16.99,16.99,True
37377b4ba0493df9,AVEIA YOKI 170G EM FLOCOS,2025-10-27 20:54:34,2025-10,08.189.400/0001-07,UN,1.0,4.29,25.235294117647054,True
2e533e0c3189faef,FARINHA DE AVEIA YOKI 170G,2025-10-27 20:54:34,2025-10,08.189.400/0001-07,UN,1.0,4.39,25.823529411764703,True
37377b4ba0493df9,AVEIA YOKI 170G EM FLOCOS,2025-10-27 20:54:34,2025-10,08.189.400/0001-07,UN,1.0,4.29,25.235294117647054,True
37377b4ba0493df9,AVEIA YOKI 170G EM FLOCOS,2025-10-27 20:54:34,2025-10,08.189.400/0001-07,UN,1.0,4.29,25.235294117647054,True
2e533e0c3189faef,FARINHA DE AVEIA YOKI 170G,2025-10-27 20:54:34,2025-10,08.189.400/0001-07,UN,1.0,4.39,25.823529411764703,True
2e533e0c3189faef,FARINHA DE AVEIA YOKI 170G,2025-10-27 20:54:34,2025-10,08.189.400/0001-07,UN,1.0,4.39,25.823529411764703,True
177fb5869d532956,FUBA MIMOSO YOKI 500G,2025-10-27 20:54:34,2025-10,08.189.400/0001-07,UN,1.0,5.99,11.98,True
9b0c1a5859e3ae9d,ARROZ TIO JOAO 1KG POLIDO,2025-10-27 20:54:34,2025-10,08.189.400/0001-07,UN,1.0,8.29,8.29,True
9b0c1a5859e3ae9d,ARROZ TIO JOAO 1KG POLIDO,2025-10-27 20:54:34,2025-10,08.189.400/0001-07,UN,1.0,8.29,8.29,True
6a3413ddf213582a,BOLO LITORAL MACAXEIRA KG,2025-10-27 20:54:34,2025-10,08.189.400/0001-07,UN,0.478,29.9,29.9,True
76468e37ade5a2c4,FLOCAO DE MILHO DONA CLARA 500G,2025-10-27 20:54:34,2025-10,08.189.400/0001-07,UN,1.0,1.69,3.38,True
c2cbe7463cfdefde,FLOCAO DE MILHO VITAMILHO 500G,2025-10-27 20:54:34,2025-10,08.189.400/0001-07,UN,2.0,1.55,3.1,True
fa6ecf34109f159c,BOLO LITORAL BANANA COM GRANOLA KG,2025-10-27 20:54:34,2025-10,08.189.400/0001-07,UN,0.26,35.9,35.9,True
c24ed6d7a3c5119b,GRAO DE BICO KICALDO 500GR,2025-10-27 20:54:34,2025-10,08.189.400/0001-07,UN,2.0,9.59,9.59,True
47ae8d94a7d567ff,SAL LEBRE PCHURRASCO 1KG,2025-10-27 20:54:34,2025-10,08.189.400/0001-07,UN,1.0,2.39,2.39,True
de1ddecbf2d19197,PAO BAUDUCO 390G FORMA TRADICIONAL,2025-10-27 20:54:34,2025-10,08.189.400/0001-07,UN,1.0,9.49,24.33333333333333,True
fc523d39f4aa44c9,MAC.VITARELLA 400G SPECIALE ESPAGUETE FINO,2025-10-27 20:54:34,2025-10,08.189.400/0001-07,UN,1.0,4.69,11.725,True
fc523d39f4aa44c9,MAC.VITARELLA 400G SPECIALE ESPAGUETE FINO,2025-10-27 20:54:34,2025-10,08.189.400/0001-07,UN,1.0,4.69,11.725,True
274426f3aee34a99,BISCOITO PIRAQUE ROLADINHO 75G GOIABINHA,2025-10-27 20:54:34,2025-10,08.189.400/0001-07,UN,3.0,4.99,66.53333333333335,True
317a86d2ceb9311b,LEITE BETANIA 1L INTEGRAL TAMPA ROSCA,2025-10-27 20:54:34,2025-10,08.189.400/0001-07,UN,3.0,6.49,6.49,True
044da6c44b7f39af,AZEITE DE OLIVA ANDORINHA 500ML EXT.VIRGEM VIDRO,2025-10-27 20:54:34,2025-10,08.189.400/0001-07,UN,1.0,41.99,83.98,True
75242192cced0d32,LTE.CONDENSADO NESTLE MOCA 395G TP,2025-10-27 20:54:34,2025-10,08.189.400/0001-07,UN,1.0,8.29,20.987341772151897,True
cba7cb9bf08eb28d,MAGIC TOAST MARILAN 110G MULTICEREAIS,2025-10-27 20:54:34,2025-10,08.189.400/0001-07,UN,3.0,6.69,60.81818181818182,True
de1ddecbf2d19197,PAO BAUDUCO 390G FORMA TRADICIONAL,2025-10-27 20:54:34,2025-10,08.189.400/0001-07,UN,1.0,9.49,24.33333333333333,True
ad95d1fa8ddb7e5d,PEPINOS HEMMER EM CONSERVA EM RODELA 800G 440G DR,2025-10-27 20:54:34,2025-10,08.189.400/0001-07,UN,1.0,22.99,28.7375,True
534da142d9315b0e,KIWI SUNGOLD EMB.440G,2025-10-27 20:54:34,2025-10,08.189.400/0001-07,UN,1.0,21.99,49.97727272727273,True
dc34ac64d75a400e,SALSA HSV ORGANICA UN,2025-10-27 20:54:34,2025-10,08.189.400/0001-07,UN,1.0,2.49,2.49,True
20eb6437edb6ed19,COENTRO HSV ORGANICO UN,2025-10-27 20:54:34,2025-10,08.189.400/0001-07,UN,1.0,5.59,5.59,True
9ba8fcca6d58524f,ALECRIM HSV ORGANICO UN,2025-10-27 20:54:34,2025-10,08.189.400/0001-07,UN,1.0,2.99,2.99,True
cad1bfb332ca89e8,CENOURA KG,2025-10-27 20:54:34,2025-10,08.189.400/0001-07,KG,1.585,6.99,6.99,True
17b9fd1a8f349ef8,PERA PORTUGUESA IMPORTADA KG,2025-10-27 20:54:34,2025-10,08.189.400/0001-07,KG,0.985,20.49,20.49,True
8e35893db249e90c,ALHO A GRANEL KG,2025-10-27 20:54:34,2025-10,08.189.400/0001-07,UN,0.495,35.99,35.99,True
069a12326443ae53,CHUCHU KG,2025-10-27 20:54:34,2025-10,08.189.400/0001-07,KG,1.8,3.49,3.49,True
b3042a5144aebe13,BATATA INGLESA KG,2025-10-27 20:54:34,2025-10,08.189.400/0001-07,KG,2.04,6.79,6.79,True
cd340d8fc9f14ba8,BANANA PRATA KG,2025-10-27 20:54:34,2025-10,08.189.400/0001-07,KG,1.28,7.49,7.49,True
728c276e9a9a6bb2,GELATINA DR.OETKER 20G CEREJA,2025-10-27 20:54:34,2025-10,08.189.400/0001-07,UN,1.0,2.19,109.5,True
728c276e9a9a6bb2,GELATINA DR.OETKER 20G CEREJA,2025-10-27 20:54:34,2025-10,08.189.400/0001-07,UN,1.0,2.19,109.5,True
d73be03c33f6f30f,CANELA EM CASCA GOMES 15G,2025-10-27 20:54:34,2025-10,08.189.400/0001-07,UN,1.0,3.29,219.33333333333331,True
8c07738f287c1acf,TEMPERO SAZON NA MEDIDA 30G C10 VEGETAIS,2025-10-27 20:54:34,2025-10,08.189.400/0001-07,UN,1.0,4.39,146.33333333333331,True
b82bb9bc28f9fd0b,PALITO GINA C200,2025-10-27 20:54:34,2025-10,08.189.400/0001-07,UN,1.0,1.89,1.89,True
728c276e9a9a6bb2,GELATINA DR.OETKER 20G CEREJA,2025-10-27 20:54:34,2025-10,08.189.400/0001-07,UN,1.0,2.19,109.5,True
d1dc86e39aa05878,BEBIDA LACTEA ISIS 900G GRAVIOLA,2025-10-27 20:54:34,2025-10,08.189.400/0001-07,UN,1.0,6.29,6.988888888888889,True
b3ad7e82de3ce147,LTE.FERM.YAKULT 480G,2025-10-27 20:54:34,2025-10,08.189.400/0001-07,UN,1.0,16.99,35.39583333333333,True
211814a754e20329,"CALDO SAZON 32,5G CARNE",2025-10-27 20:54:34,2025-10,08.189.400/0001-07,UN,1.0,2.49,76.61538461538461,True
0c0820ef692e4171,"CALDO SAZON 32,5G PICANHA",2025-10-27 20:54:34,2025-10,08.189.400/0001-07,UN,1.0,2.49,76.61538461538461,True
79c5e503193af765,QUEIJO ILPLA COALHO NATURAL KG,2025-10-27 20:54:34,2025-10,08.189.400/0001-07,UN,0.302,49.99,49.99,True
c57e5582e12046dc,MANTEIGA NATVILLE 500G CSAL POTE,2025-10-27 20:54:34,2025-10,08.189.400/0001-07,UN,1.0,22.69,45.38,True
2b1c41dca941be22,BEBIDA LACTEA ISIS 900G AMEIXA,2025-10-27 20:54:34,2025-10,08.189.400/0001-07,UN,1.0,6.29,6.988888888888889,True
69e95afabebae112,AGUA SANITARIA TUBARAO 5L,2025-10-27 20:54:34,2025-10,08.189.400/0001-07,UN,1.0,11.99,2.398,True
20b89c1712418e95,"DET.LIQ.INVICTO 1,8L NEUTRO",2025-10-27 20:54:34,2025-10,08.189.400/0001-07,UN,1.0,9.29,5.161111111111111,True
be737752e4b3abbe,POMADA MASSAGEADORA BELL CORPUS 150G CANELA DE VEL,2025-10-27 20:54:34,2025-10,08.189.400/0001-07,UN,1.0,11.99,79.93333333333334,True
916655e88296cc9a,SABAO MINUANO NEUTRO 5X180GR CGLICERINA,2025-10-27 20:54:34,2025-10,08.189.400/0001-07,UN,1.0,14.59,14.59,True
4d0f655b3826bb5a,PAPEL HIG.NEVE NEUTRO LV16 PG15 COMPACTO,2025-10-27 20:54:34,2025-10,08.189.400/0001-07,UN,1.0,34.49,34.49,True
1c047fd8d531d78a,FITA ADESIVA ADERE SILVER TAPE PRETA 5M X 45MM,2025-10-27 20:54:34,2025-10,08.189.400/0001-07,UN,1.0,9.49,9.49,True
7c10874e0864b0cf,DESOD.AERO.AXE APOLLO 150ML96G,2025-10-27 20:54:34,2025-10,08.189.400/0001-07,UN,1.0,15.59,162.39583333333331,True
2147c7f45deff2c6,GEL ADESIVO PATO REFIL 38G MARINE MENOS PRECO,2025-10-27 20:54:34,2025-10,08.189.400/0001-07,UN,1.0,11.99,315.5263157894737,True
2147c7f45deff2c6,GEL ADESIVO PATO REFIL 38G MARINE MENOS PRECO,2025-10-27 20:54:34,2025-10,08.189.400/0001-07,UN,1.0,11.99,315.5263157894737,True
1d7592aaa5ca56f6,DESINFETANTE KALIPTO 5L EUCALIPTO,2025-10-27 20:54:34,2025-10,08.189.400/0001-07,UN,1.0,22.49,4.497999999999999,True
5a44c097a6e02e1d,TOALHA DE PAPEL SCALA BRANCO F.DUPLA C2,2025-10-27 20:54:34,2025-10,08.189.400/0001-07,UN,1.0,6.49,6.49,True
12a61be9eaae6579,"DET.PO OMO 1,6KG LAVAGEM PERFEITA BAG",2025-10-27 20:54:34,2025-10,08.189.400/0001-07,UN,1.0,33.99,21.24375,True
fd0275b7cf4da565,AMACIANTE DOWNY CONCENTRADO 900ML PAIXAO PERFCOLL,2025-10-27 20:54:34,2025-10,08.189.400/0001-07,UN,1.0,23.59,26.21111111111111,True
54931aeef77be7e2,GLADE AERO. FRUTAS E FLORES VIBRANTES 360ML305G,2025-10-27 20:54:34,2025-10,08.189.400/0001-07,UN,1.0,15.99,52.42622950819673,True
0960b3055c229487,INSETICIDA SBP AERO LV MAIS PG MENOS 450ML ANTI AE,2025-10-27 20:54:34,2025-10,08.189.400/0001-07,UN,1.0,14.49,32.2,True
0960b3055c229487,INSETICIDA SBP AERO LV MAIS PG MENOS 450ML ANTI AE,2025-10-27 20:54:34,2025-10,08.189.400/0001-07,UN,1.0,14.49,32.2,True
e85465631b14d142,SHAMPOO DOVE 400ML NUTRICAO OLEO MICELAR,2025-10-27 20:54:34,2025-10,08.189.400/0001-07,UN,1.0,35.99,89.975,True
7a78422c88e0ffc1,DESODORANTE AEROSOL AXE BLACK 150ML96G.,2025-10-27 20:54:34,2025-10,08.189.400/0001-07,UN,1.0,15.59,162.39583333333331,True
0effab0c38fa296d,PEIXE MANJUBA INTEIRO CONG 800G,2025-10-27 20:54:34,2025-10,08.189.400/0001-07,UN,1.0,22.99,28.7375,True
acacebef545e228a,PEIXE SARDINHA CONG.LAJE 800G DUMAR,2025-10-27 20:54:34,2025-10,08.189.400/0001-07,UN,1.0,12.99,16.2375,True
acacebef545e228a,PEIXE SARDINHA CONG.LAJE 800G DUMAR,2025-10-27 20:54:34,2025-10,08.189.400/0001-07,UN,1.0,12.99,16.2375,True
eaba7f858e9177c0,#2300100#21050010#SORV PISTACHE 70,2025-10-27 13:36:15,2025-10,36.333.522/0001-52,UN,1.0,19.99,19.99,True
2c6d4fa4619b9776,"#1700900#18069000#TRU LC LEIT 13,5",2025-10-27 13:36:15,2025-10,36.333.522/0001-52,UN,3.0,3.49,3.49,True
66181c6f719d8583,PROLOPA BD 125MG30'S,2025-10-24 19:30:04,2025-10,61.585.865/1821-60,UN,1.0,67.37,67.37,True
3f034fd5f5b50629,OMEPRAZO 40MG NVQ 30'S,2025-10-24 19:30:04,2025-10,61.585.865/1821-60,UN,1.0,120.87,120.87,True
a72391d1025c1442,PROCTYL POM 30G,2025-10-24 19:30:04,2025-10,61.585.865/1821-60,UN,1.0,98.07,3269.0,True
b8e6a720964d269a,DIOSMIN 900+100MG 30'S,2025-10-24 19:30:04,2025-10,61.585.865/1821-60,UN,1.0,156.56,156.56,True
66074807c14fb2a4,PLENIT ACT F P/M L+P-,2025-10-24 19:30:04,2025-10,61.585.865/1821-60,UN,1.0,80.99,80.99,True
66074807c14fb2a4,PLENIT ACT F P/M L+P-,2025-10-24 19:30:04,2025-10,61.585.865/1821-60,UN,1.0,80.99,80.99,True
77a887cfbb705e60,REXON DES AER WILD ROS,2025-10-24 19:30:04,2025-10,61.585.865/1821-60,UN,1.0,26.9,26.9,True
66181c6f719d8583,PROLOPA BD 125MG30'S,2025-10-24 19:30:04,2025-10,61.585.865/1821-60,UN,1.0,67.37,67.37,True
cb42d0145608a555,INTIMUS ABS NOT SUA 45,2025-10-24 19:30:04,2025-10,61.585.865/1821-60,UN,1.0,39.99,39.99,True
eaba7f858e9177c0,#2300100#21050010#SORV PISTACHE 70,2025-10-24 09:45:45,2025-10,36.333.522/0001-52,UN,1.0,19.99,19.99,True
8627ba68a43f2219,*ANSITEC 10MG 60'S-C1,2025-10-21 21:55:30,2025-10,61.585.865/1821-60,UN,1.0,221.15,221.15,True
6e8c53a8f04fe333,*DONAREN 50MG 60'S-C1,2025-10-21 21:55:30,2025-10,61.585.865/1821-60,UN,1.0,63.43,63.43,True
a438844e9a0a71dc,CETOC+BET+NEO EUG CR30,2025-10-21 21:55:30,2025-10,61.585.865/1821-60,UN,1.0,32.73,32.73,True
61e44e83c7991415,DIPIRONA SODICA NEG10S,2025-10-21 21:55:30,2025-10,61.585.865/1821-60,UN,1.0,26.37,26.37,True
1cce8ba48ca29705,PLENIT ACT FEM P/M C8,2025-10-15 19:24:22,2025-10,61.585.865/0710-91,UN,1.0,42.99,42.99,True
56efbc62ad42ab0e,VALDA FRIE CANELA 25G,2025-10-15 19:24:22,2025-10,61.585.865/0710-91,UN,1.0,10.79,431.6,True
deec3e2f444701f0,TENA MULHER P/M 16UN,2025-10-15 19:24:22,2025-10,61.585.865/0710-91,UN,1.0,74.99,74.99,True
e3a91b139a3127b8,HUGG LC UMED HIG 48U,2025-10-15 19:24:22,2025-10,61.585.865/0710-91,UN,1.0,18.99,18.99,True
a265a35e75b6218a,CEBOLINHA HSV ORGANICA UN,2025-10-01 20:18:22,2025-10,08.189.400/0001-07,UN,1.0,3.99,3.99,True
710ce9b0f29ff191,MOLHO DE TOMATE MASTROIANI 680G PASSATA VIDRO,2025-10-01 20:18:22,2025-10,08.189.400/0001-07,UN,1.0,19.99,29.39705882352941,True
74c262831a787b8c,SUCO AURORA 1L INTEGRAL UVA TINTO,2025-10-01 20:18:22,2025-10,08.189.400/0001-07,UN,1.0,19.99,19.99,True
710ce9b0f29ff191,MOLHO DE TOMATE MASTROIANI 680G PASSATA VIDRO,2025-10-01 20:18:22,2025-10,08.189.400/0001-07,UN,1.0,19.99,29.39705882352941,True
20eb6437edb6ed19,COENTRO HSV ORGANICO UN,2025-10-01 20:18:22,2025-10,08.189.400/0001-07,UN,1.0,5.59,5.59,True
b0e739f5ef196b59,COUVE FOLHA HSV ORGANICA UN,2025-10-01 20:18:22,2025-10,08.189.400/0001-07,UN,1.0,2.59,2.59,True
c6eb92fcec908aa2,MACAXEIRA KG,2025-10-01 20:18:22,2025-10,08.189.400/0001-07,KG,1.27,4.99,4.99,True
c0509cdb916f1a8e,ABACATE KG,2025-10-01 20:18:22,2025-10,08.189.400/0001-07,KG,1.345,10.99,10.99,True
64adeca64b59b3ca,TOMATE KG,2025-10-01 20:18:22,2025-10,08.189.400/0001-07,KG,1.03,3.99,3.99,True
8237a826996fac9c,REPOLHO LISO KG,2025-10-01 20:18:22,2025-10,08.189.400/0001-07,KG,0.468,5.99,5.99,True
a2f39b14ff4c0b01,CEBOLA BRANCA KG,2025-10-01 20:18:22,2025-10,08.189.400/0001-07,KG,0.995,2.49,2.49,True
b0e739f5ef196b59,COUVE FOLHA HSV ORGANICA UN,2025-10-01 20:18:22,2025-10,08.189.400/0001-07,UN,1.0,2.59,2.59,True
8316820c4c0d7333,ALHO ESTRELA 200G,2025-10-01 20:18:22,2025-10,08.189.400/0001-07,UN,1.0,8.99,44.95,True
2ea3214b916cbcbd,BATATA DOCE ROSADA KG,2025-10-01 20:18:22,2025-10,08.189.400/0001-07,KG,0.93,3.49,3.49,True
ee68707e1099fc41,JERIMUM LEITE KG,2025-10-01 20:18:22,2025-10,08.189.400/0001-07,UN,0.778,5.99,5.99,True
cd340d8fc9f14ba8,BANANA PRATA KG,2025-10-01 20:18:22,2025-10,08.189.400/0001-07,KG,1.075,5.99,5.99,True
6a6a39671d571810,MANGA ROSA KG,2025-10-01 20:18:22,2025-10,08.189.400/0001-07,KG,1.57,9.99,9.99,True
bb4b7ff31b3d11d5,SALGADO CROCANTISSIMO 40G SALAMINHO CLIMAO,2025-10-01 20:18:22,2025-10,08.189.400/0001-07,UN,1.0,3.39,84.75,True
bb4b7ff31b3d11d5,SALGADO CROCANTISSIMO 40G SALAMINHO CLIMAO,2025-10-01 20:18:22,2025-10,08.189.400/0001-07,UN,1.0,3.39,84.75,True
bb4b7ff31b3d11d5,SALGADO CROCANTISSIMO 40G SALAMINHO CLIMAO,2025-10-01 20:18:22,2025-10,08.189.400/0001-07,UN,1.0,3.39,84.75,True
ed9bbfa5e0d94fe4,BISCOITO MARILAN CREAM CRACKER 350G MANTEIGA,2025-10-01 20:18:22,2025-10,08.189.400/0001-07,UN,1.0,6.99,19.97142857142857,True
6ce51e6aed60bf9b,BISCOITO MARILAN CRACKER INTEGRAL 365GR,2025-10-01 20:18:22,2025-10,08.189.400/0001-07,UN,1.0,7.29,7.29,True
6f3089235e5468e7,GOMA DE MANDIOCA DATERRA 1KG,2025-10-01 20:18:22,2025-10,08.189.400/0001-07,UN,1.0,6.99,6.99,True
9b0c1a5859e3ae9d,ARROZ TIO JOAO 1KG POLIDO,2025-10-01 20:18:22,2025-10,08.189.400/0001-07,UN,2.0,8.29,8.29,True
274426f3aee34a99,BISCOITO PIRAQUE ROLADINHO 75G GOIABINHA,2025-10-01 20:18:22,2025-10,08.189.400/0001-07,UN,4.0,4.99,66.53333333333335,True
6d3fe6d23e49cfd8,ACUCAR ESTRELA 1KG REF.ESPECIAL,2025-10-01 20:18:22,2025-10,08.189.400/0001-07,UN,1.0,5.19,5.19,True
c2cbe7463cfdefde,FLOCAO DE MILHO VITAMILHO 500G,2025-10-01 20:18:22,2025-10,08.189.400/0001-07,UN,2.0,1.55,3.1,True
8b3e75c9aae319fd,PAO BAUDUCO 390G FORMA MULTIGRAOS,2025-10-01 20:18:22,2025-10,08.189.400/0001-07,UN,1.0,14.89,38.17948717948718,True
2b1c41dca941be22,BEBIDA LACTEA ISIS 900G AMEIXA,2025-10-01 20:18:22,2025-10,08.189.400/0001-07,UN,1.0,6.29,6.988888888888889,True
2f666cb1bc4e8e07,QUEIJO GORGONZOLA MONTI LATTARI KG,2025-10-01 20:18:22,2025-10,08.189.400/0001-07,KG,0.22,105.99,105.99,True
1467036c46c2acee,BEBIDA LACTEA ISIS 900G MORANGO,2025-10-01 20:18:22,2025-10,08.189.400/0001-07,UN,1.0,6.29,6.988888888888889,True
5f7beee1f518fe1a,MORT.PERDIGAO BOLOGNA OURO DEF.KG,2025-10-01 20:18:22,2025-10,08.189.400/0001-07,KG,0.326,32.69,32.69,True
2468b8eb65f650da,QUEIJO LATPASSOS MUSSARELA BARRA KG,2025-10-01 20:18:22,2025-10,08.189.400/0001-07,KG,0.324,38.99,38.99,True
b3ad7e82de3ce147,LTE.FERM.YAKULT 480G,2025-10-01 20:18:22,2025-10,08.189.400/0001-07,UN,1.0,15.99,33.3125,True
10acb6ee7fac2047,BEBIDA LACTEA ISIS 900G SALADA DE FRUTAS,2025-10-01 20:18:22,2025-10,08.189.400/0001-07,UN,1.0,6.29,6.988888888888889,True
a43b29f7f5fb0203,REQUEIJAO POCOS DE CALDAS 400G TRADICIONAL,2025-10-01 20:18:22,2025-10,08.189.400/0001-07,UN,1.0,17.79,44.475,True
09405243568c08db,REQUEIJAO CATUPIRY 180G AZEITONAS PRETAS,2025-10-01 20:18:22,2025-10,08.189.400/0001-07,UN,1.0,9.29,51.61111111111111,True
a81b6143e454a5da,CAPSULA DOLCE GUSTO C10 80G ESPRESSO INTENSO,2025-10-01 20:18:22,2025-10,08.189.400/0001-07,UN,1.0,21.99,274.875,True
372be8034767e190,CAFE SANTA CLARA 250G CLASSICO A VACUO,2025-10-01 20:18:22,2025-10,08.189.400/0001-07,UN,1.0,17.99,71.96,True
372be8034767e190,CAFE SANTA CLARA 250G CLASSICO A VACUO,2025-10-01 20:18:22,2025-10,08.189.400/0001-07,UN,1.0,17.99,71.96,True
a81b6143e454a5da,CAPSULA DOLCE GUSTO C10 80G ESPRESSO INTENSO,2025-10-01 20:18:22,2025-10,08.189.400/0001-07,UN,1.0,21.99,274.875,True
e73d121ed6705401,CAPSULA TRES NESPRESSO 50G CERRADO MINEIRO C10,2025-10-01 20:18:22,2025-10,08.189.400/0001-07,UN,1.0,15.99,319.8,True
6f4f6c08db836b95,CAPSULA TRES NESPRESSO 50G MOGIANA PAULISTA C10,2025-10-01 20:18:22,2025-10,08.189.400/0001-07,UN,2.0,15.99,319.8,True
e73d121ed6705401,CAPSULA TRES NESPRESSO 50G CERRADO MINEIRO C10,2025-10-01 20:18:22,2025-10,08.189.400/0001-07,UN,1.0,15.99,319.8,True
4ace88fdd6c416f9,CAPPUCCINO SANTA CLARA 200G POTE,2025-10-01 20:18:22,2025-10,08.189.400/0001-07,UN,1.0,15.99,79.95,True
358b3801de60b70a,PAO LITORAL SEMI ITALIANO KG,2025-10-01 20:18:22,2025-10,08.189.400/0001-07,UN,0.236,27.99,27.99,True
6b9208853a5ffdb5,LEITE NATVILLE 1L INTEGRAL,2025-10-01 20:18:22,2025-10,08.189.400/0001-07,UN,3.0,4.99,4.99,True
2ba7b43b878a53cb,AVEIA YOKI 170G FLOCOS FINOS,2025-10-01 20:18:22,2025-10,08.189.400/0001-07,UN,3.0,4.29,25.235294117647054,True
2e533e0c3189faef,FARINHA DE AVEIA YOKI 170G,2025-10-01 20:18:22,2025-10,08.189.400/0001-07,UN,3.0,4.39,25.823529411764703,True
160665e0c2b9a09b,LIMPA VIDROS BRILUX CRISTALINO REFIL 500ML,2025-10-01 20:18:22,2025-10,08.189.400/0001-07,UN,1.0,10.39,20.78,True
fcfc5d804e5d7d04,DESODORANTE AEROSOL AXE URBAN 152ML90G ANTI-MARKS,2025-10-01 20:18:22,2025-10,08.189.400/0001-07,UN,1.0,14.99,166.55555555555557,True
9a42ee4bf6d9b7ad,GEL ADESIVO PATO REFIL 38G LAVANDA MENOS PRECO,2025-10-01 20:18:22,2025-10,08.189.400/0001-07,UN,1.0,11.99,315.5263157894737,True
9a42ee4bf6d9b7ad,GEL ADESIVO PATO REFIL 38G LAVANDA MENOS PRECO,2025-10-01 20:18:22,2025-10,08.189.400/0001-07,UN,1.0,11.99,315.5263157894737,True
af4527db7c235d57,SABONETE PHEBO RAIZ DO ORIENTE 90G,2025-10-01 20:18:22,2025-10,08.189.400/0001-07,UN,1.0,4.98,55.33333333333334,True
5d9891166bc2328d,TALCO PPES BARLA 140G,2025-10-01 20:18:22,2025-10,08.189.400/0001-07,UN,1.0,7.29,52.07142857142857,True
faf8ad8837a9a898,FITA ADERE MULTI USO SILVER TAPE 45MMX5M,2025-10-01 20:18:22,2025-10,08.189.400/0001-07,UN,1.0,10.99,10.99,True
160665e0c2b9a09b,LIMPA VIDROS BRILUX CRISTALINO REFIL 500ML,2025-10-01 20:18:22,2025-10,08.189.400/0001-07,UN,1.0,10.39,20.78,True
e8c0ebdff8320ef4,DESODORANTE AEROSOL AXE MARINE 152ML90G,2025-10-01 20:18:22,2025-10,08.189.400/0001-07,UN,1.0,14.99,166.55555555555557,True
af4527db7c235d57,SABONETE PHEBO RAIZ DO ORIENTE 90G,2025-10-01 20:18:22,2025-10,08.189.400/0001-07,UN,1.0,4.98,55.33333333333334,True
af4527db7c235d57,SABONETE PHEBO RAIZ DO ORIENTE 90G,2025-10-01 20:18:22,2025-10,08.189.400/0001-07,UN,1.0,4.98,55.33333333333334,True
03893088285defa9,TOALHA DE PAPEL ABSOLUTO C2,2025-10-01 20:18:22,2025-10,08.189.400/0001-07,UN,1.0,5.59,5.59,True
03893088285defa9,TOALHA DE PAPEL ABSOLUTO C2,2025-10-01 20:18:22,2025-10,08.189.400/0001-07,UN,1.0,5.59,5.59,True
4d0f655b3826bb5a,PAPEL HIG.NEVE NEUTRO LV16 PG15 COMPACTO,2025-10-01 20:18:22,2025-10,08.189.400/0001-07,UN,1.0,33.99,33.99,True
acacebef545e228a,PEIXE SARDINHA CONG.LAJE 800G DUMAR,2025-10-01 20:18:22,2025-10,08.189.400/0001-07,UN,5.0,12.99,16.2375,True
0effab0c38fa296d,PEIXE MANJUBA INTEIRO CONG 800G,2025-10-01 20:18:22,2025-10,08.189.400/0001-07,UN,1.0,22.99,28.7375,True
9b0c1a5859e3ae9d,ARROZ TIO JOAO 1KG POLIDO,2025-09-03 19:26:50,2025-09,08.189.400/0001-07,UN,2.0,6.99,6.99,True
6f3089235e5468e7,GOMA DE MANDIOCA DATERRA 1KG,2025-09-03 19:26:50,2025-09,08.189.400/0001-07,UN,1.0,7.75,7.75,True
c2cbe7463cfdefde,FLOCAO DE MILHO VITAMILHO 500G,2025-09-03 19:26:50,2025-09,08.189.400/0001-07,UN,2.0,1.55,3.1,True
790ad984b115250e,BISCOITO VITARELLA C.CRACKER TOSTADINHA 350G,2025-09-03 19:26:50,2025-09,08.189.400/0001-07,UN,1.0,5.29,15.114285714285716,True
790ad984b115250e,BISCOITO VITARELLA C.CRACKER TOSTADINHA 350G,2025-09-03 19:26:50,2025-09,08.189.400/0001-07,UN,1.0,5.29,15.114285714285716,True
de1ddecbf2d19197,PAO BAUDUCO 390G FORMA TRADICIONAL,2025-09-03 19:26:50,2025-09,08.189.400/0001-07,UN,1.0,8.99,23.05128205128205,True
691ff15b89724a17,FUBA VITAMILHO 500G NATURAL,2025-09-03 19:26:50,2025-09,08.189.400/0001-07,UN,1.0,2.69,5.38,True
ce8ca99e542be3cf,OVOS AVINE EXTRA C20 BRANCO,2025-09-03 19:26:50,2025-09,08.189.400/0001-07,UN,2.0,16.59,16.59,True
a7caf566b949a184,AVEIA NATUQUALY 170G EM FLOCOS GROSSOS,2025-09-03 19:26:50,2025-09,08.189.400/0001-07,UN,1.0,3.39,19.94117647058824,True
a7caf566b949a184,AVEIA NATUQUALY 170G EM FLOCOS GROSSOS,2025-09-03 19:26:50,2025-09,08.189.400/0001-07,UN,1.0,3.39,19.94117647058824,True
a7caf566b949a184,AVEIA NATUQUALY 170G EM FLOCOS GROSSOS,2025-09-03 19:26:50,2025-09,08.189.400/0001-07,UN,1.0,3.39,19.94117647058824,True
a7caf566b949a184,AVEIA NATUQUALY 170G EM FLOCOS GROSSOS,2025-09-03 19:26:50,2025-09,08.189.400/0001-07,UN,1.0,3.39,19.94117647058824,True
a7caf566b949a184,AVEIA NATUQUALY 170G EM FLOCOS GROSSOS,2025-09-03 19:26:50,2025-09,08.189.400/0001-07,UN,1.0,3.39,19.94117647058824,True
6a3413ddf213582a,BOLO LITORAL MACAXEIRA KG,2025-09-03 19:26:50,2025-09,08.189.400/0001-07,UN,0.412,29.9,29.9,True
2ea3214b916cbcbd,BATATA DOCE ROSADA KG,2025-09-03 19:26:50,2025-09,08.189.400/0001-07,KG,1.47,3.49,3.49,True
274426f3aee34a99,BISCOITO PIRAQUE ROLADINHO 75G GOIABINHA,2025-09-03 19:26:50,2025-09,08.189.400/0001-07,UN,1.0,4.99,66.53333333333335,True
274426f3aee34a99,BISCOITO PIRAQUE ROLADINHO 75G GOIABINHA,2025-09-03 19:26:50,2025-09,08.189.400/0001-07,UN,1.0,4.99,66.53333333333335,True
274426f3aee34a99,BISCOITO PIRAQUE ROLADINHO 75G GOIABINHA,2025-09-03 19:26:50,2025-09,08.189.400/0001-07,UN,1.0,4.99,66.53333333333335,True
274426f3aee34a99,BISCOITO PIRAQUE ROLADINHO 75G GOIABINHA,2025-09-03 19:26:50,2025-09,08.189.400/0001-07,UN,1.0,4.99,66.53333333333335,True
b0e739f5ef196b59,COUVE FOLHA HSV ORGANICA UN,2025-09-03 19:26:50,2025-09,08.189.400/0001-07,UN,1.0,2.59,2.59,True
a265a35e75b6218a,CEBOLINHA HSV ORGANICA UN,2025-09-03 19:26:50,2025-09,08.189.400/0001-07,UN,1.0,3.99,3.99,True
20eb6437edb6ed19,COENTRO HSV ORGANICO UN,2025-09-03 19:26:50,2025-09,08.189.400/0001-07,UN,1.0,5.59,5.59,True
8e35893db249e90c,ALHO A GRANEL KG,2025-09-03 19:26:50,2025-09,08.189.400/0001-07,UN,0.475,32.99,32.99,True
6a6a39671d571810,MANGA ROSA KG,2025-09-03 19:26:50,2025-09,08.189.400/0001-07,KG,1.365,8.99,8.99,True
fc1e3b4498a58d4c,LIMAO TAITI KG,2025-09-03 19:26:50,2025-09,08.189.400/0001-07,KG,1.19,7.49,7.49,True
c804f78ba433598e,CEBOLA ROXA KG,2025-09-03 19:26:50,2025-09,08.189.400/0001-07,KG,0.805,5.49,5.49,True
65264439b42a3e5b,UVA DOCE MEL PICK NICKY 250G BDJ,2025-09-03 19:26:50,2025-09,08.189.400/0001-07,UN,1.0,6.99,27.96,True
81d507f6a6d0a6cf,LARANJA PERA KG,2025-09-03 19:26:50,2025-09,08.189.400/0001-07,KG,5.11,2.99,2.99,True
f269d6468dbb1f4f,REPOLHO ROXO KG,2025-09-03 19:26:50,2025-09,08.189.400/0001-07,UN,0.659,7.99,7.99,True
a11cddae4b0e95b6,ALFACE AMERICANA HSV ORGANICA UN,2025-09-03 19:26:50,2025-09,08.189.400/0001-07,UN,1.0,5.99,5.99,True
29eeac798c57fb97,RUCULA HSV ORGANICA UN,2025-09-03 19:26:50,2025-09,08.189.400/0001-07,UN,1.0,2.49,2.49,True
29eeac798c57fb97,RUCULA HSV ORGANICA UN,2025-09-03 19:26:50,2025-09,08.189.400/0001-07,UN,1.0,2.49,2.49,True
cad1bfb332ca89e8,CENOURA KG,2025-09-03 19:26:50,2025-09,08.189.400/0001-07,KG,1.335,4.99,4.99,True
4ab70865611936ad,BETERRABA KG,2025-09-03 19:26:50,2025-09,08.189.400/0001-07,KG,1.39,6.99,6.99,True
c0509cdb916f1a8e,ABACATE KG,2025-09-03 19:26:50,2025-09,08.189.400/0001-07,KG,1.685,10.99,10.99,True
79c5e503193af765,QUEIJO ILPLA COALHO NATURAL KG,2025-09-03 19:26:50,2025-09,08.189.400/0001-07,UN,0.366,45.99,45.99,True
79c5e503193af765,QUEIJO ILPLA COALHO NATURAL KG,2025-09-03 19:26:50,2025-09,08.189.400/0001-07,UN,0.366,45.99,45.99,True
203988d7da84f1ae,REQUEIJAO ISIS 400G CREMOSO,2025-09-03 19:26:50,2025-09,08.189.400/0001-07,UN,1.0,13.99,34.975,True
0d5b8935a0253d3e,BEBIDA LACTEA ISIS 900G BANANA COM MACA,2025-09-03 19:26:50,2025-09,08.189.400/0001-07,UN,1.0,6.29,6.988888888888889,True
53a01da4fc952d4f,ESPONJA E ACO BOMBRIL ECO 45G,2025-09-03 19:26:50,2025-09,08.189.400/0001-07,UN,2.0,1.99,44.22222222222222,True
b3ad7e82de3ce147,LTE.FERM.YAKULT 480G,2025-09-03 19:26:50,2025-09,08.189.400/0001-07,UN,1.0,15.99,33.3125,True
69e95afabebae112,AGUA SANITARIA TUBARAO 5L,2025-09-03 19:26:50,2025-09,08.189.400/0001-07,UN,1.0,11.99,2.398,True
28c691fa3980adc0,SABAO BRILUX BARRA LAVANDA 5X180G,2025-09-03 19:26:50,2025-09,08.189.400/0001-07,UN,1.0,14.79,82.16666666666667,True
35c120cd8e953b44,"DET.PO OMO 1,6KG LAVANDA",2025-09-03 19:26:50,2025-09,08.189.400/0001-07,UN,1.0,35.49,22.18125,True
6f04e5c80bb0e347,ANTI-FERRUGEM WD 40 500ML370G,2025-09-03 19:26:50,2025-09,08.189.400/0001-07,UN,1.0,72.99,197.27027027027023,True
9135e9d1a82497a5,AMACIANTE DOWNY CONCENTRADO 900ML MISTICO,2025-09-03 19:26:50,2025-09,08.189.400/0001-07,UN,1.0,23.59,26.21111111111111,True
20b89c1712418e95,"DET.LIQ.INVICTO 1,8L NEUTRO",2025-09-03 19:26:50,2025-09,08.189.400/0001-07,UN,1.0,9.29,5.161111111111111,True
a7bc4f8149bbe355,CARNE PATINHO KG,2025-09-03 19:26:50,2025-09,08.189.400/0001-07,KG,1.058,51.99,51.99,True
d76a9dc8dd73660f,PES DE FRANGO BOM TODO KG,2025-09-03 19:26:50,2025-09,08.189.400/0001-07,KG,3.826,7.79,7.79,True
ef45c1c81c952167,PAPEL HIG.NEVE 12X20M F.QUADRUPLA ULTRA CONFORTAVE,2025-09-03 19:26:50,2025-09,08.189.400/0001-07,UN,1.0,29.99,29.99,True
6c31ce625dc4ccf0,CAFE SANTA CLARA 250G CLASSICO ALMOFADA,2025-09-03 19:26:50,2025-09,08.189.400/0001-07,UN,2.0,17.99,71.96,True
e91dd92600672529,CAPSULA DOLCE GUSTO C10 60G ESPRESSO,2025-09-03 19:26:50,2025-09,08.189.400/0001-07,UN,1.0,21.99,366.5,True
a0352acc978f38a6,CAPSULA NESPRESSO 3 CORACOES ESPECIAS 56G MAXIMA I,2025-09-03 19:26:50,2025-09,08.189.400/0001-07,UN,1.0,21.99,392.6785714285714,True
9b51742774998dee,CAPSULA TRES NESPRESSO 50G INTENSO C10,2025-09-03 19:26:50,2025-09,08.189.400/0001-07,UN,1.0,21.99,439.8,True
74492162f11c4cba,REFRIGERANTE COCA-COLA 250ML PET,2025-09-03 19:26:50,2025-09,08.189.400/0001-07,UN,1.0,2.59,10.36,True
dff1c4cce00be602,APERITIVO CAMPARI 748ML MILANO,2025-09-03 19:26:50,2025-09,08.189.400/0001-07,UN,1.0,59.99,80.20053475935829,True
acacebef545e228a,PEIXE SARDINHA CONG.LAJE 800G DUMAR,2025-09-03 19:26:50,2025-09,08.189.400/0001-07,UN,6.0,12.99,16.2375,True
0effab0c38fa296d,PEIXE MANJUBA INTEIRO CONG 800G,2025-09-03 19:26:50,2025-09,08.189.400/0001-07,UN,1.0,22.99,28.7375,True
43173c4b30e06c4d,"SUCO HUGO PIETRO 1,5L INTEGRAL UVA TINTO",2025-08-20 21:03:12,2025-08,08.189.400/0001-07,UN,1.0,17.99,11.993333333333332,True
73155f502a773304,MACARRAO FORTALEZA 400G CSEMOLA ESPAGUETE  MAIS,2025-08-20 21:03:12,2025-08,08.189.400/0001-07,UN,1.0,4.59,11.475,True
0d5b8935a0253d3e,BEBIDA LACTEA ISIS 900G BANANA COM MACA,2025-08-20 21:03:12,2025-08,08.189.400/0001-07,UN,1.0,6.29,6.988888888888889,True
2b1c41dca941be22,BEBIDA LACTEA ISIS 900G AMEIXA,2025-08-20 21:03:12,2025-08,08.189.400/0001-07,UN,1.0,6.29,6.988888888888889,True
acb0ef7818aba206,QUEIJO ILPLA COALHO KG,2025-08-20 21:03:12,2025-08,08.189.400/0001-07,UN,0.326,39.99,39.99,True
acb0ef7818aba206,QUEIJO ILPLA COALHO KG,2025-08-20 21:03:12,2025-08,08.189.400/0001-07,UN,0.336,39.99,39.99,True
a11cddae4b0e95b6,ALFACE AMERICANA HSV ORGANICA UN,2025-08-20 21:03:12,2025-08,08.189.400/0001-07,UN,1.0,5.99,5.99,True
b0e739f5ef196b59,COUVE FOLHA HSV ORGANICA UN,2025-08-20 21:03:12,2025-08,08.189.400/0001-07,UN,1.0,2.59,2.59,True
b79086211ca72044,COENTRO 2MFC UNIDADE,2025-08-20 21:03:12,2025-08,08.189.400/0001-07,UN,1.0,3.99,3.99,True
00cba081a48d01f0,BANANA GRAND NAIN KG,2025-08-20 21:03:12,2025-08,08.189.400/0001-07,KG,0.655,5.59,5.59,True
cd340d8fc9f14ba8,BANANA PRATA KG,2025-08-20 21:03:12,2025-08,08.189.400/0001-07,KG,0.55,5.49,5.49,True
3db9f7c3880d8963,REQUEIJAO CATUPIRY COPOCREAM 200G,2025-08-20 21:03:12,2025-08,08.189.400/0001-07,UN,2.0,7.99,39.95,True
9863ff31405dfb70,LEITE FERMENTADO BETANIA DESN. 170G ADOCADO,2025-08-20 21:03:12,2025-08,08.189.400/0001-07,UN,6.0,3.99,23.47058823529412,True
31955fafa6c3832d,SALAME DOR MILANO 80G FATIADO,2025-08-20 21:03:12,2025-08,08.189.400/0001-07,UN,1.0,18.99,237.375,True
68b08a78f3930323,QUEIJO DIBUFALO MOZZARELLA 250G PT,2025-08-20 21:03:12,2025-08,08.189.400/0001-07,UN,1.0,22.99,91.96,True
f269d6468dbb1f4f,REPOLHO ROXO KG,2025-08-20 21:03:12,2025-08,08.189.400/0001-07,UN,0.613,7.99,7.99,True
6a6a39671d571810,MANGA ROSA KG,2025-08-20 21:03:12,2025-08,08.189.400/0001-07,KG,1.175,8.99,8.99,True
fadc1a233c829d8d,RUCULA 2MFC UNIDADE,2025-08-20 21:03:12,2025-08,08.189.400/0001-07,UN,1.0,3.99,3.99,True
2ba7b43b878a53cb,AVEIA YOKI 170G FLOCOS FINOS,2025-08-20 21:03:12,2025-08,08.189.400/0001-07,UN,1.0,4.29,25.235294117647054,True
2e533e0c3189faef,FARINHA DE AVEIA YOKI 170G,2025-08-20 21:03:12,2025-08,08.189.400/0001-07,UN,1.0,4.39,25.823529411764703,True
384b96264cf98dec,CARA SAO TOME KG,2025-08-20 21:03:12,2025-08,08.189.400/0001-07,UN,1.16,5.99,5.99,True
2089164b9c0e3347,INHAME KG,2025-08-20 21:03:12,2025-08,08.189.400/0001-07,UN,1.505,12.99,12.99,True
6b8fdfd6c377ee1b,BOLO LITORAL AMEIXA KG,2025-08-20 21:03:12,2025-08,08.189.400/0001-07,UN,0.346,33.9,33.9,True
fa6ecf34109f159c,BOLO LITORAL BANANA COM GRANOLA KG,2025-08-20 21:03:12,2025-08,08.189.400/0001-07,UN,0.368,35.9,35.9,True
790ad984b115250e,BISCOITO VITARELLA C.CRACKER TOSTADINHA 350G,2025-08-20 21:03:12,2025-08,08.189.400/0001-07,UN,2.0,5.29,15.114285714285716,True
2e533e0c3189faef,FARINHA DE AVEIA YOKI 170G,2025-08-20 21:03:12,2025-08,08.189.400/0001-07,UN,1.0,4.39,25.823529411764703,True
2ba7b43b878a53cb,AVEIA YOKI 170G FLOCOS FINOS,2025-08-20 21:03:12,2025-08,08.189.400/0001-07,UN,1.0,4.29,25.235294117647054,True
de1ddecbf2d19197,PAO BAUDUCO 390G FORMA TRADICIONAL,2025-08-20 21:03:12,2025-08,08.189.400/0001-07,UN,2.0,8.99,23.05128205128205,True
6c31ce625dc4ccf0,CAFE SANTA CLARA 250G CLASSICO ALMOFADA,2025-08-20 21:03:12,2025-08,08.189.400/0001-07,UN,2.0,14.49,57.96,True
9b0c1a5859e3ae9d,ARROZ TIO JOAO 1KG POLIDO,2025-08-20 21:03:12,2025-08,08.189.400/0001-07,UN,1.0,8.29,8.29,True
3c6f7bba249e22d0,MOP STA.MARIA PVA ABSORVENTE REFIL,2025-08-20 21:03:12,2025-08,08.189.400/0001-07,UN,1.0,33.99,33.99,True
534da142d9315b0e,KIWI SUNGOLD EMB.440G,2025-08-20 21:03:12,2025-08,08.189.400/0001-07,UN,1.0,17.99,40.88636363636363,True
a0352acc978f38a6,CAPSULA NESPRESSO 3 CORACOES ESPECIAS 56G MAXIMA I,2025-08-20 21:03:12,2025-08,08.189.400/0001-07,UN,4.0,21.99,392.6785714285714,True
9b51742774998dee,CAPSULA TRES NESPRESSO 50G INTENSO C10,2025-08-20 21:03:12,2025-08,08.189.400/0001-07,UN,4.0,21.99,439.8,True
1258ad028915a421,MASC.DESC.VABENE TRIPLA CIRURGICA C50,2025-08-20 21:03:12,2025-08,08.189.400/0001-07,UN,1.0,9.99,9.99,True
a81b6143e454a5da,CAPSULA DOLCE GUSTO C10 80G ESPRESSO INTENSO,2025-08-20 21:03:12,2025-08,08.189.400/0001-07,UN,1.0,21.99,274.875,True
317a86d2ceb9311b,LEITE BETANIA 1L INTEGRAL TAMPA ROSCA,2025-08-20 21:03:12,2025-08,08.189.400/0001-07,UN,3.0,5.89,5.89,True
acacebef545e228a,PEIXE SARDINHA CONG.LAJE 800G DUMAR,2025-08-20 21:03:12,2025-08,08.189.400/0001-07,UN,7.0,12.99,16.2375,True
e8c0ebdff8320ef4,DESODORANTE AEROSOL AXE MARINE 152ML90G,2025-08-20 21:03:12,2025-08,08.189.400/0001-07,UN,1.0,14.99,166.55555555555557,True
9135e9d1a82497a5,AMACIANTE DOWNY CONCENTRADO 900ML MISTICO,2025-08-20 21:03:12,2025-08,08.189.400/0001-07,UN,1.0,23.59,26.21111111111111,True
74492162f11c4cba,REFRIGERANTE COCA-COLA 250ML PET,2025-08-20 21:03:12,2025-08,08.189.400/0001-07,UN,1.0,2.59,10.36,True
aea0fcc25a271b02,LEITE EM PO NESTLE NINHO 750G INTEGRAL INSTANTANEO,2025-08-20 21:03:12,2025-08,08.189.400/0001-07,UN,1.0,34.99,46.653333333333336,True
a9988275ea9e5288,ESPONJA 3M SCOTH-BRITE C4 MULTIUSO,2025-08-20 21:03:12,2025-08,08.189.400/0001-07,UN,1.0,7.99,7.99,True
af4527db7c235d57,SABONETE PHEBO RAIZ DO ORIENTE 90G,2025-08-20 21:03:12,2025-08,08.189.400/0001-07,UN,1.0,4.98,55.33333333333334,True
af4527db7c235d57,SABONETE PHEBO RAIZ DO ORIENTE 90G,2025-08-20 21:03:12,2025-08,08.189.400/0001-07,UN,1.0,4.98,55.33333333333334,True
ef45c1c81c952167,PAPEL HIG.NEVE 12X20M F.QUADRUPLA ULTRA CONFORTAVE,2025-08-20 21:03:12,2025-08,08.189.400/0001-07,UN,1.0,29.99,29.99,True
ef45c1c81c952167,PAPEL HIG.NEVE 12X20M F.QUADRUPLA ULTRA CONFORTAVE,2025-08-20 21:03:12,2025-08,08.189.400/0001-07,UN,1.0,29.99,29.99,True
cda417c76cafaf05,ALCOOL SANTA CRUZ 70INPM 1L,2025-08-20 21:03:12,2025-08,08.189.400/0001-07,UN,1.0,9.99,9.99,True
27b02bbc2cf9562e,DESINFETANTE YPE 5L BAK EUCALIPTO,2025-08-20 21:03:12,2025-08,08.189.400/0001-07,UN,1.0,31.49,6.298,True
5256578a9ff096dd,LAVA LOUCA BRILUX 3L NEUTRO,2025-08-20 21:03:12,2025-08,08.189.400/0001-07,UN,1.0,12.99,4.33,True
43149226c9a085e7,PEPINO KG,2025-08-07 17:56:08,2025-08,08.189.400/0001-07,kg,0.78,8.99,8.99,True
2089164b9c0e3347,INHAME KG,2025-08-07 17:56:08,2025-08,08.189.400/0001-07,UN,1.115,9.99,9.99,True
cad1bfb332ca89e8,CENOURA KG,2025-08-07 17:56:08,2025-08,08.189.400/0001-07,KG,1.71,4.99,4.99,True
a11cddae4b0e95b6,ALFACE AMERICANA HSV ORGANICA UN,2025-08-07 17:56:08,2025-08,08.189.400/0001-07,UN,1.0,5.99,5.99,True
8237a826996fac9c,REPOLHO LISO KG,2025-08-07 17:56:08,2025-08,08.189.400/0001-07,KG,0.748,5.99,5.99,True
4fa2af39abdc7ca9,TAFF MAN-EX 110ML UND,2025-08-07 17:56:08,2025-08,08.189.400/0001-07,UN,1.0,5.99,54.45454545454545,True
b0e739f5ef196b59,COUVE FOLHA HSV ORGANICA UN,2025-08-07 17:56:08,2025-08,08.189.400/0001-07,UN,1.0,2.59,2.59,True
82d9853d695c0886,CHEIRO VERDE 2MFC UNIDADE,2025-08-07 17:56:08,2025-08,08.189.400/0001-07,UN,1.0,3.99,3.99,True
a7bc4f8149bbe355,CARNE PATINHO KG,2025-08-07 17:56:08,2025-08,08.189.400/0001-07,KG,1.1,43.99,43.99,True
ee68707e1099fc41,JERIMUM LEITE KG,2025-08-07 17:56:08,2025-08,08.189.400/0001-07,UN,0.876,6.99,6.99,True
2b1c41dca941be22,BEBIDA LACTEA ISIS 900G AMEIXA,2025-08-07 17:56:08,2025-08,08.189.400/0001-07,UN,1.0,6.29,6.988888888888889,True
10acb6ee7fac2047,BEBIDA LACTEA ISIS 900G SALADA DE FRUTAS,2025-08-07 17:56:08,2025-08,08.189.400/0001-07,UN,1.0,6.29,6.988888888888889,True
fc1e3b4498a58d4c,LIMAO TAITI KG,2025-08-07 17:56:08,2025-08,08.189.400/0001-07,KG,0.72,3.99,3.99,True
3258375c368ebb11,LEITE FERMENTADO BETANIA DESN.850G ADOCADO,2025-08-07 17:56:08,2025-08,08.189.400/0001-07,UN,1.0,13.79,16.223529411764705,True
acb0ef7818aba206,QUEIJO ILPLA COALHO KG,2025-08-07 17:56:08,2025-08,08.189.400/0001-07,UN,0.35,39.99,39.99,True
acb0ef7818aba206,QUEIJO ILPLA COALHO KG,2025-08-07 17:56:08,2025-08,08.189.400/0001-07,UN,0.286,39.99,39.99,True
d76a9dc8dd73660f,PES DE FRANGO BOM TODO KG,2025-08-07 17:56:08,2025-08,08.189.400/0001-07,KG,5.08,7.79,7.79,True
c57e5582e12046dc,MANTEIGA NATVILLE 500G CSAL POTE,2025-08-07 17:56:08,2025-08,08.189.400/0001-07,UN,1.0,22.69,45.38,True
983db50a131f7fc2,AZEITONA LA VIOLETERA RECH.130G CQJO AZUL,2025-08-07 17:56:08,2025-08,08.189.400/0001-07,UN,1.0,19.59,150.69230769230768,True
ad95d1fa8ddb7e5d,PEPINOS HEMMER EM CONSERVA EM RODELA 800G 440G DR,2025-08-07 17:56:08,2025-08,08.189.400/0001-07,UN,1.0,22.99,28.7375,True
fed17ed271ae0027,MAC.VITARELLA 400G SPECIALE CSEMOLA FETTUCCINE,2025-08-07 17:56:08,2025-08,08.189.400/0001-07,UN,1.0,4.69,11.725,True
9b0c1a5859e3ae9d,ARROZ TIO JOAO 1KG POLIDO,2025-08-07 17:56:08,2025-08,08.189.400/0001-07,UN,1.0,8.29,8.29,True
9b0c1a5859e3ae9d,ARROZ TIO JOAO 1KG POLIDO,2025-08-07 17:56:08,2025-08,08.189.400/0001-07,UN,1.0,8.29,8.29,True
6c31ce625dc4ccf0,CAFE SANTA CLARA 250G CLASSICO ALMOFADA,2025-08-07 17:56:08,2025-08,08.189.400/0001-07,UN,1.0,14.99,59.96,True
6c31ce625dc4ccf0,CAFE SANTA CLARA 250G CLASSICO ALMOFADA,2025-08-07 17:56:08,2025-08,08.189.400/0001-07,UN,1.0,14.99,59.96,True
458225dc7ab3e4f0,PAO BAUDUCO 390G FORMA INTEGRAL,2025-08-07 17:56:08,2025-08,08.189.400/0001-07,UN,1.0,11.99,30.743589743589745,True
147b3a5859142ca1,PILHA PANASONIC PEQUENA AA C4,2025-08-07 17:56:08,2025-08,08.189.400/0001-07,UN,1.0,7.99,7.99,True
790ad984b115250e,BISCOITO VITARELLA C.CRACKER TOSTADINHA 350G,2025-08-07 17:56:08,2025-08,08.189.400/0001-07,UN,1.0,5.29,15.114285714285716,True
790ad984b115250e,BISCOITO VITARELLA C.CRACKER TOSTADINHA 350G,2025-08-07 17:56:08,2025-08,08.189.400/0001-07,UN,1.0,5.29,15.114285714285716,True
274426f3aee34a99,BISCOITO PIRAQUE ROLADINHO 75G GOIABINHA,2025-08-07 17:56:08,2025-08,08.189.400/0001-07,UN,1.0,4.99,66.53333333333335,True
274426f3aee34a99,BISCOITO PIRAQUE ROLADINHO 75G GOIABINHA,2025-08-07 17:56:08,2025-08,08.189.400/0001-07,UN,1.0,4.99,66.53333333333335,True
274426f3aee34a99,BISCOITO PIRAQUE ROLADINHO 75G GOIABINHA,2025-08-07 17:56:08,2025-08,08.189.400/0001-07,UN,1.0,4.99,66.53333333333335,True
6becb982056ea169,SALGADO CROCANTISSIMO 40G QUEIJO E CEBOLA,2025-08-07 17:56:08,2025-08,08.189.400/0001-07,UN,1.0,3.39,84.75,True
b82a00c26fc32a67,SALGADO CROCANTISSIMO 40G PEITO PERU CREQUEIJAO,2025-08-07 17:56:08,2025-08,08.189.400/0001-07,UN,1.0,3.39,84.75,True
b82a00c26fc32a67,SALGADO CROCANTISSIMO 40G PEITO PERU CREQUEIJAO,2025-08-07 17:56:08,2025-08,08.189.400/0001-07,UN,1.0,3.39,84.75,True
4ace88fdd6c416f9,CAPPUCCINO SANTA CLARA 200G POTE,2025-08-07 17:56:08,2025-08,08.189.400/0001-07,UN,1.0,13.99,69.95,True
08442cdd0372a88a,QUEENSBERRY CLASSIC 320G MORANGO,2025-08-07 17:56:08,2025-08,08.189.400/0001-07,UN,1.0,25.99,81.21875,True
a0352acc978f38a6,CAPSULA NESPRESSO 3 CORACOES ESPECIAS 56G MAXIMA I,2025-08-07 17:56:08,2025-08,08.189.400/0001-07,UN,1.0,21.99,392.6785714285714,True
a0352acc978f38a6,CAPSULA NESPRESSO 3 CORACOES ESPECIAS 56G MAXIMA I,2025-08-07 17:56:08,2025-08,08.189.400/0001-07,UN,1.0,21.99,392.6785714285714,True
9b51742774998dee,CAPSULA TRES NESPRESSO 50G INTENSO C10,2025-08-07 17:56:08,2025-08,08.189.400/0001-07,UN,1.0,21.99,439.8,True
a0352acc978f38a6,CAPSULA NESPRESSO 3 CORACOES ESPECIAS 56G MAXIMA I,2025-08-07 17:56:08,2025-08,08.189.400/0001-07,UN,1.0,21.99,392.6785714285714,True
37377b4ba0493df9,AVEIA YOKI 170G EM FLOCOS,2025-08-07 17:56:08,2025-08,08.189.400/0001-07,UN,1.0,4.29,25.235294117647054,True
37377b4ba0493df9,AVEIA YOKI 170G EM FLOCOS,2025-08-07 17:56:08,2025-08,08.189.400/0001-07,UN,1.0,4.29,25.235294117647054,True
8de110cc2930f954,"SUCO NATURAL ONE 1,5ML LARANJAMACA",2025-08-07 17:56:08,2025-08,08.189.400/0001-07,UN,1.0,29.59,19726.666666666668,True
8b408719ead81942,AGUA SANITARIA OLIMPO 5L,2025-08-07 17:56:08,2025-08,08.189.400/0001-07,UN,1.0,11.29,2.258,True
31c6d93276277464,DESODORANTE AEROSOL DOVE GOFRESH ROMAVERB.150ML8,2025-08-07 17:56:08,2025-08,08.189.400/0001-07,UN,1.0,15.79,15.79,True
99464282a22a43d0,VODKA SMIRNOFF 600ML,2025-08-07 17:56:08,2025-08,08.189.400/0001-07,UN,1.0,36.99,61.650000000000006,True
dff1c4cce00be602,APERITIVO CAMPARI 748ML MILANO,2025-08-07 17:56:08,2025-08,08.189.400/0001-07,UN,1.0,59.99,80.20053475935829,True
e8c0ebdff8320ef4,DESODORANTE AEROSOL AXE MARINE 152ML90G,2025-08-07 17:56:08,2025-08,08.189.400/0001-07,UN,1.0,14.99,166.55555555555557,True
acacebef545e228a,PEIXE SARDINHA CONG.LAJE 800G DUMAR,2025-08-07 17:56:08,2025-08,08.189.400/0001-07,UN,1.0,12.99,16.2375,True
acacebef545e228a,PEIXE SARDINHA CONG.LAJE 800G DUMAR,2025-08-07 17:56:08,2025-08,08.189.400/0001-07,UN,1.0,12.99,16.2375,True
acacebef545e228a,PEIXE SARDINHA CONG.LAJE 800G DUMAR,2025-08-07 17:56:08,2025-08,08.189.400/0001-07,UN,1.0,12.99,16.2375,True
acacebef545e228a,PEIXE SARDINHA CONG.LAJE 800G DUMAR,2025-08-07 17:56:08,2025-08,08.189.400/0001-07,UN,1.0,12.99,16.2375,True
acacebef545e228a,PEIXE SARDINHA CONG.LAJE 800G DUMAR,2025-08-07 17:56:08,2025-08,08.189.400/0001-07,UN,1.0,12.99,16.2375,True
04042a5aa7c6484a,OVOS AVINE EXTRA C30 BRANCO,2025-08-07 17:56:08,2025-08,08.189.400/0001-07,UN,1.0,16.99,16.99,True
b9023b24c50c98da,"CORALAR ACR 3,6L PALHA",2025-08-06 16:42:16,2025-08,70.110.143/0001-31,GL,1.0,64.5,17.916666666666668,True
52b37f9c835b9bc5,CALHA AQUAPLUV 3 METROS BEGE DN125 TIGRE,2025-08-06 15:29:53,2025-08,70.110.143/0001-31,UN,3.0,229.9,229.9,True
5578f6020e8c366b,CABECEIRA ESQUERDA AQUAPLUV BGE TIGRE,2025-08-06 15:29:53,2025-08,70.110.143/0001-31,UN,2.0,24.9,24.9,True
e02b3c31a8aab5bc,CABECEIRA DIREITA AQUAPLUV BEGE TIGRE,2025-08-06 15:29:53,2025-08,70.110.143/0001-31,UN,2.0,24.9,24.9,True
079d78143c26888b,BOCAL DESCIDA TIGRE DN125 BEGE AQUALPLUV,2025-08-06 15:29:53,2025-08,70.110.143/0001-31,UN,2.0,84.9,84.9,True
7c14f0b7913798e7,SUPORTE CALHA ALUMINIO AQUAPLUV SAUL,2025-08-06 15:29:53,2025-08,70.110.143/0001-31,UN,8.0,10.395,10.395,True
cea821d5f9cfa21c,"EUCALUX SEC RAP 0,9L TABACO BR EUCATEX",2025-08-06 15:29:53,2025-08,70.110.143/0001-31,UN,1.0,49.5,55.0,True
d94fe34626017c5f,"CORALAR ACR 3,6L MARFIM",2025-08-06 15:29:53,2025-08,70.110.143/0001-31,GL,1.0,64.5,17.916666666666668,True
b03e386040e2af6c,SOQUETE C  RABICHO C  BORNE DECORLUX,2025-08-06 15:29:53,2025-08,70.110.143/0001-31,UN,2.0,4.5,4.5,True
7051aae45f761199,LAMPADA LED 7W BR AVANT,2025-08-06 15:29:53,2025-08,70.110.143/0001-31,UN,2.0,4.9,4.9,True
fdc4f52db0a3643f,PANO MULTIUSO MICROFIBRA C 01 BT5007 ESF,2025-08-06 15:29:53,2025-08,70.110.143/0001-31,UN,1.0,10.9,10.9,True
91ba562ec4da5922,VEDACAO CALHA AQUAPLUV TIGRE,2025-08-06 15:29:53,2025-08,70.110.143/0001-31,UN,8.0,2.0,2.0,True
38e47c7bfa63662c,KIT LIMPA TELAS ALT02 BRASFORMA,2025-08-06 15:29:53,2025-08,70.110.143/0001-31,UN,1.0,19.9,19.9,True
a533e67f2fab9c31,BATERIA LITHIUM 3V CR2032 INTELBRAS,2025-08-06 15:29:53,2025-08,70.110.143/0001-31,UN,5.0,5.9,5.9,True
d016b8f25d5891c1,OVOS AVINE GRANDE C20 CAIPIRA VERMELHO,2025-07-28 20:42:58,2025-07,08.189.400/0001-07,UN,2.0,20.99,20.99,True
4fa2af39abdc7ca9,TAFF MAN-EX 110ML UND,2025-07-28 20:42:58,2025-07,08.189.400/0001-07,UN,1.0,5.99,54.45454545454545,True
04042a5aa7c6484a,OVOS AVINE EXTRA C30 BRANCO,2025-07-28 20:42:58,2025-07,08.189.400/0001-07,UN,1.0,16.99,16.99,True
fc1e3b4498a58d4c,LIMAO TAITI KG,2025-07-28 20:42:58,2025-07,08.189.400/0001-07,KG,1.045,3.99,3.99,True
b3042a5144aebe13,BATATA INGLESA KG,2025-07-28 20:42:58,2025-07,08.189.400/0001-07,KG,1.51,5.99,5.99,True
6a6a39671d571810,MANGA ROSA KG,2025-07-28 20:42:58,2025-07,08.189.400/0001-07,KG,1.03,10.99,10.99,True
cad1bfb332ca89e8,CENOURA KG,2025-07-28 20:42:58,2025-07,08.189.400/0001-07,KG,1.6,5.99,5.99,True
c0509cdb916f1a8e,ABACATE KG,2025-07-28 20:42:58,2025-07,08.189.400/0001-07,KG,1.61,10.99,10.99,True
4ab70865611936ad,BETERRABA KG,2025-07-28 20:42:58,2025-07,08.189.400/0001-07,KG,1.765,5.99,5.99,True
cd340d8fc9f14ba8,BANANA PRATA KG,2025-07-28 20:42:58,2025-07,08.189.400/0001-07,KG,0.715,7.49,7.49,True
0e32fe64174f46e8,MELAO ORANGE KG,2025-07-28 20:42:58,2025-07,08.189.400/0001-07,KG,0.976,7.49,7.49,True
534da142d9315b0e,KIWI SUNGOLD EMB.440G,2025-07-28 20:42:58,2025-07,08.189.400/0001-07,UN,1.0,19.99,45.43181818181818,True
534da142d9315b0e,KIWI SUNGOLD EMB.440G,2025-07-28 20:42:58,2025-07,08.189.400/0001-07,UN,1.0,19.99,45.43181818181818,True
acb0ef7818aba206,QUEIJO ILPLA COALHO KG,2025-07-28 20:42:58,2025-07,08.189.400/0001-07,UN,0.37,38.99,38.99,True
acb0ef7818aba206,QUEIJO ILPLA COALHO KG,2025-07-28 20:42:58,2025-07,08.189.400/0001-07,UN,0.326,38.99,38.99,True
cb9e4612967dba28,MORTADELA SADIA 200G DEFUMADA,2025-07-28 20:42:58,2025-07,08.189.400/0001-07,UN,1.0,8.89,44.45,True
2b1c41dca941be22,BEBIDA LACTEA ISIS 900G AMEIXA,2025-07-28 20:42:58,2025-07,08.189.400/0001-07,UN,1.0,6.29,6.988888888888889,True
d1dc86e39aa05878,BEBIDA LACTEA ISIS 900G GRAVIOLA,2025-07-28 20:42:58,2025-07,08.189.400/0001-07,UN,1.0,6.29,6.988888888888889,True
8316820c4c0d7333,ALHO ESTRELA 200G,2025-07-28 20:42:58,2025-07,08.189.400/0001-07,UN,1.0,8.99,44.95,True
4a534f5772043636,CONFEITOS MMS 45G CHOC.AO LEITE,2025-07-28 20:42:58,2025-07,08.189.400/0001-07,UN,3.0,5.49,122.0,True
09405243568c08db,REQUEIJAO CATUPIRY 180G AZEITONAS PRETAS,2025-07-28 20:42:58,2025-07,08.189.400/0001-07,UN,1.0,9.29,51.61111111111111,True
4fb07401e544a01a,REQUEIJAO POCOS DE CALDAS 200G TRADICIONAL,2025-07-28 20:42:58,2025-07,08.189.400/0001-07,UN,1.0,9.99,49.95,True
4150d20b797f4c8e,BOLO LITORAL FUBA KG,2025-07-28 20:42:58,2025-07,08.189.400/0001-07,UN,0.42,26.3,26.3,True
4b5adb1ed139102f,AVEIA SAO BRAZ 165G FLOCOS FINOS CAIXA,2025-07-28 20:42:58,2025-07,08.189.400/0001-07,UN,5.0,3.19,19.33333333333333,True
8476b8553b2915b8,VINAGRE MINHOTO 500ML MACA,2025-07-28 20:42:58,2025-07,08.189.400/0001-07,UN,1.0,7.69,15.38,True
317a86d2ceb9311b,LEITE BETANIA 1L INTEGRAL TAMPA ROSCA,2025-07-28 20:42:58,2025-07,08.189.400/0001-07,UN,2.0,5.59,5.59,True
1c3647e702beed51,"SUCO PRATS INTEGRAL 1,5L LARANJA PET",2025-07-28 20:42:58,2025-07,08.189.400/0001-07,UN,1.0,29.99,19.99333333333333,True
38205a38ded054ca,ARROZ CAMIL 1KG BRANCO TIPO 1,2025-07-28 20:42:58,2025-07,08.189.400/0001-07,UN,2.0,5.99,5.99,True
90db3547ecea7148,FARINHA DE MAND.ARCO VERDE 1KG AMARELA,2025-07-28 20:42:58,2025-07,08.189.400/0001-07,UN,1.0,7.49,7.49,True
c2cbe7463cfdefde,FLOCAO DE MILHO VITAMILHO 500G,2025-07-28 20:42:58,2025-07,08.189.400/0001-07,UN,2.0,1.55,3.1,True
38205a38ded054ca,ARROZ CAMIL 1KG BRANCO TIPO 1,2025-07-28 20:42:58,2025-07,08.189.400/0001-07,UN,1.0,5.99,5.99,True
b237750c67a69a55,SAL MARLIN REFINADO 1KG,2025-07-28 20:42:58,2025-07,08.189.400/0001-07,UN,1.0,2.39,2.39,True
6c31ce625dc4ccf0,CAFE SANTA CLARA 250G CLASSICO ALMOFADA,2025-07-28 20:42:58,2025-07,08.189.400/0001-07,UN,1.0,17.99,71.96,True
b5f00607276b2431,AMEIXA SECA S CAROCO KG,2025-07-28 20:42:58,2025-07,08.189.400/0001-07,UN,0.252,44.99,44.99,True
a0352acc978f38a6,CAPSULA NESPRESSO 3 CORACOES ESPECIAS 56G MAXIMA I,2025-07-28 20:42:58,2025-07,08.189.400/0001-07,UN,1.0,21.99,392.6785714285714,True
56c30db695e77cdb,CAPSULA TRES NESPRESSO 50G ORGANICO C10,2025-07-28 20:42:58,2025-07,08.189.400/0001-07,UN,1.0,21.99,439.8,True
9b51742774998dee,CAPSULA TRES NESPRESSO 50G INTENSO C10,2025-07-28 20:42:58,2025-07,08.189.400/0001-07,UN,1.0,21.99,439.8,True
6f4f6c08db836b95,CAPSULA TRES NESPRESSO 50G MOGIANA PAULISTA C10,2025-07-28 20:42:58,2025-07,08.189.400/0001-07,UN,1.0,21.99,439.8,True
de1ddecbf2d19197,PAO BAUDUCO 390G FORMA TRADICIONAL,2025-07-28 20:42:58,2025-07,08.189.400/0001-07,UN,1.0,10.29,26.384615384615383,True
bb52a384ca500da4,CR.DENTAL COLGATE 180G MAX.PROT.CARIES,2025-07-28 20:42:58,2025-07,08.189.400/0001-07,UN,1.0,9.59,53.27777777777778,True
e8c0ebdff8320ef4,DESODORANTE AEROSOL AXE MARINE 152ML90G,2025-07-28 20:42:58,2025-07,08.189.400/0001-07,UN,1.0,14.99,166.55555555555557,True
bb52a384ca500da4,CR.DENTAL COLGATE 180G MAX.PROT.CARIES,2025-07-28 20:42:58,2025-07,08.189.400/0001-07,UN,1.0,9.59,53.27777777777778,True
af4527db7c235d57,SABONETE PHEBO RAIZ DO ORIENTE 90G,2025-07-28 20:42:58,2025-07,08.189.400/0001-07,UN,1.0,4.98,55.33333333333334,True
af4527db7c235d57,SABONETE PHEBO RAIZ DO ORIENTE 90G,2025-07-28 20:42:58,2025-07,08.189.400/0001-07,UN,1.0,4.98,55.33333333333334,True
953038d98024f459,SPRAY AGUA RABELO 45ML CROMA,2025-07-28 20:42:58,2025-07,08.189.400/0001-07,UN,1.0,16.99,377.55555555555554,True
38c81943bfbcf230,DESODORANTE AEROSOL REXONA MEN ACTIVE 89G150ML,2025-07-28 20:42:58,2025-07,08.189.400/0001-07,UN,1.0,18.99,126.6,True
05ec6001ae42e727,AROM.AMB.COALA 120ML CITRONELA,2025-07-28 20:42:58,2025-07,08.189.400/0001-07,UN,1.0,13.59,113.25,True
9a42ee4bf6d9b7ad,GEL ADESIVO PATO REFIL 38G LAVANDA MENOS PRECO,2025-07-28 20:42:58,2025-07,08.189.400/0001-07,UN,1.0,11.99,315.5263157894737,True
0960b3055c229487,INSETICIDA SBP AERO LV MAIS PG MENOS 450ML ANTI AE,2025-07-28 20:42:58,2025-07,08.189.400/0001-07,UN,1.0,16.89,37.53333333333333,True
39dfbe6987a4c471,INSETICIDA SBP AERO LV MAIS PG MENOS 450ML CITRONE,2025-07-28 20:42:58,2025-07,08.189.400/0001-07,UN,1.0,16.89,37.53333333333333,True
9135e9d1a82497a5,AMACIANTE DOWNY CONCENTRADO 900ML MISTICO,2025-07-28 20:42:58,2025-07,08.189.400/0001-07,UN,1.0,23.59,26.21111111111111,True
5256578a9ff096dd,LAVA LOUCA BRILUX 3L NEUTRO,2025-07-28 20:42:58,2025-07,08.189.400/0001-07,UN,1.0,12.99,4.33,True
4cc88a9dd5b66912,ADITIVO PRADIADORES ORBI QUIMICA ROSA 1LT,2025-07-28 20:42:58,2025-07,08.189.400/0001-07,UN,1.0,7.99,7.99,True
6f04e5c80bb0e347,ANTI-FERRUGEM WD 40 500ML370G,2025-07-28 20:42:58,2025-07,08.189.400/0001-07,UN,1.0,74.99,202.67567567567568,True
db457e787ec58bf0,LAVA ROUPAS INVICTO PO 4KG  SACHE,2025-07-28 20:42:58,2025-07,08.189.400/0001-07,UN,1.0,36.99,9.2475,True
e83d755ccc6a28e3,TOALHA DE PAPEL SCALA BRANCO C3,2025-07-28 20:42:58,2025-07,08.189.400/0001-07,UN,1.0,17.59,17.59,True
55a84e775bc73bee,PAPEL HIG.NEVE NEUTRO FD LV18 PG16 TOQUE DE SEDA,2025-07-28 20:42:58,2025-07,08.189.400/0001-07,UN,1.0,34.89,34.89,True
acacebef545e228a,PEIXE SARDINHA CONG.LAJE 800G DUMAR,2025-07-28 20:42:58,2025-07,08.189.400/0001-07,UN,1.0,11.99,14.9875,True
0effab0c38fa296d,PEIXE MANJUBA INTEIRO CONG 800G,2025-07-28 20:42:58,2025-07,08.189.400/0001-07,UN,1.0,22.99,28.7375,True
acacebef545e228a,PEIXE SARDINHA CONG.LAJE 800G DUMAR,2025-07-28 20:42:58,2025-07,08.189.400/0001-07,UN,1.0,11.99,14.9875,True
acacebef545e228a,PEIXE SARDINHA CONG.LAJE 800G DUMAR,2025-07-28 20:42:58,2025-07,08.189.400/0001-07,UN,1.0,11.99,14.9875,True
acacebef545e228a,PEIXE SARDINHA CONG.LAJE 800G DUMAR,2025-07-28 20:42:58,2025-07,08.189.400/0001-07,UN,1.0,11.99,14.9875,True
acacebef545e228a,PEIXE SARDINHA CONG.LAJE 800G DUMAR,2025-07-28 20:42:58,2025-07,08.189.400/0001-07,UN,1.0,11.99,14.9875,True
acacebef545e228a,PEIXE SARDINHA CONG.LAJE 800G DUMAR,2025-07-28 20:42:58,2025-07,08.189.400/0001-07,UN,1.0,11.99,14.9875,True
74492162f11c4cba,REFRIGERANTE COCA-COLA 250ML PET,2025-07-28 20:42:58,2025-07,08.189.400/0001-07,UN,1.0,2.59,10.36,True
9ab98d733590a885,COXAS FRANGO SADIA CONG. 1KG CORTES MENORES BDJ,2025-07-15 20:55:11,2025-07,08.189.400/0001-07,UN,1.0,15.69,15.69,True
43d3ab9ca50aa0da,QUEIJO DO REINO CURRAL DE MINAS KG FRAC.PEDACO,2025-07-15 20:55:11,2025-07,08.189.400/0001-07,KG,0.064,94.99,94.99,True
274426f3aee34a99,BISCOITO PIRAQUE ROLADINHO 75G GOIABINHA,2025-07-15 20:55:11,2025-07,08.189.400/0001-07,UN,1.0,4.99,66.53333333333335,True
cf41a24d57c9fb05,PAO DE QUEIJO FORNO MINAS 400G AIR FRYER REC.CASE,2025-07-15 20:55:11,2025-07,08.189.400/0001-07,UN,1.0,25.99,64.975,True
12c95aa1571677f2,PEIXE SARDINHA INT. DUMAR CONG.800G,2025-07-15 20:55:11,2025-07,08.189.400/0001-07,UN,1.0,13.49,16.8625,True
12c95aa1571677f2,PEIXE SARDINHA INT. DUMAR CONG.800G,2025-07-15 20:55:11,2025-07,08.189.400/0001-07,UN,1.0,13.49,16.8625,True
12c95aa1571677f2,PEIXE SARDINHA INT. DUMAR CONG.800G,2025-07-15 20:55:11,2025-07,08.189.400/0001-07,UN,1.0,13.49,16.8625,True
d01703ed78219fae,PAO DE QUEIJO FORNO MINAS 820G COQUETEL,2025-07-15 20:55:11,2025-07,08.189.400/0001-07,UN,1.0,36.69,44.74390243902439,True
d1dc86e39aa05878,BEBIDA LACTEA ISIS 900G GRAVIOLA,2025-07-15 20:55:11,2025-07,08.189.400/0001-07,UN,1.0,6.29,6.988888888888889,True
12c95aa1571677f2,PEIXE SARDINHA INT. DUMAR CONG.800G,2025-07-15 20:55:11,2025-07,08.189.400/0001-07,UN,1.0,13.49,16.8625,True
79c5e503193af765,QUEIJO ILPLA COALHO NATURAL KG,2025-07-15 20:55:11,2025-07,08.189.400/0001-07,UN,0.4,50.99,50.99,True
79c5e503193af765,QUEIJO ILPLA COALHO NATURAL KG,2025-07-15 20:55:11,2025-07,08.189.400/0001-07,UN,0.344,50.99,50.99,True
0effab0c38fa296d,PEIXE MANJUBA INTEIRO CONG 800G,2025-07-15 20:55:11,2025-07,08.189.400/0001-07,UN,1.0,23.99,29.9875,True
cb9e4612967dba28,MORTADELA SADIA 200G DEFUMADA,2025-07-15 20:55:11,2025-07,08.189.400/0001-07,UN,1.0,8.89,44.45,True
675b542001d7da7c,QUEIJO PRESIDENT 150G MUSSARELA,2025-07-15 20:55:11,2025-07,08.189.400/0001-07,UN,1.0,10.99,73.26666666666667,True
68b08a78f3930323,QUEIJO DIBUFALO MOZZARELLA 250G PT,2025-07-15 20:55:11,2025-07,08.189.400/0001-07,UN,1.0,21.99,87.96,True
09405243568c08db,REQUEIJAO CATUPIRY 180G AZEITONAS PRETAS,2025-07-15 20:55:11,2025-07,08.189.400/0001-07,UN,1.0,9.29,51.61111111111111,True
2b1c41dca941be22,BEBIDA LACTEA ISIS 900G AMEIXA,2025-07-15 20:55:11,2025-07,08.189.400/0001-07,UN,1.0,6.29,6.988888888888889,True
62e496f3ee7f8f25,REQUEIJAO CATUPIRY 180G ERVAS FINAS,2025-07-15 20:55:11,2025-07,08.189.400/0001-07,UN,1.0,9.29,51.61111111111111,True
3258375c368ebb11,LEITE FERMENTADO BETANIA DESN.850G ADOCADO,2025-07-15 20:55:11,2025-07,08.189.400/0001-07,UN,1.0,13.79,16.223529411764705,True
cf756ac4eda43896,REQUEIJAO CATUPIRY 420G TRADICIONAL,2025-07-15 20:55:11,2025-07,08.189.400/0001-07,UN,1.0,18.79,44.73809523809524,True
fa6ecf34109f159c,BOLO LITORAL BANANA COM GRANOLA KG,2025-07-15 20:55:11,2025-07,08.189.400/0001-07,UN,0.394,35.9,35.9,True
c6b7e65c9bcb76a9,BOLO LITORAL QUEIJADINHA KG,2025-07-15 20:55:11,2025-07,08.189.400/0001-07,KG,0.324,30.99,30.99,True
274426f3aee34a99,BISCOITO PIRAQUE ROLADINHO 75G GOIABINHA,2025-07-15 20:55:11,2025-07,08.189.400/0001-07,UN,1.0,4.99,66.53333333333335,True
274426f3aee34a99,BISCOITO PIRAQUE ROLADINHO 75G GOIABINHA,2025-07-15 20:55:11,2025-07,08.189.400/0001-07,UN,1.0,4.99,66.53333333333335,True
cb6ea3477d8c032d,CHOCOLATE PO TODDY REFORCADO LIGHT 380GR,2025-07-15 20:55:11,2025-07,08.189.400/0001-07,UN,1.0,17.59,17.59,True
790ad984b115250e,BISCOITO VITARELLA C.CRACKER TOSTADINHA 350G,2025-07-15 20:55:11,2025-07,08.189.400/0001-07,UN,1.0,5.29,15.114285714285716,True
790ad984b115250e,BISCOITO VITARELLA C.CRACKER TOSTADINHA 350G,2025-07-15 20:55:11,2025-07,08.189.400/0001-07,UN,1.0,5.29,15.114285714285716,True
37377b4ba0493df9,AVEIA YOKI 170G EM FLOCOS,2025-07-15 20:55:11,2025-07,08.189.400/0001-07,UN,1.0,3.99,23.47058823529412,True
37377b4ba0493df9,AVEIA YOKI 170G EM FLOCOS,2025-07-15 20:55:11,2025-07,08.189.400/0001-07,UN,1.0,3.99,23.47058823529412,True
2ba7b43b878a53cb,AVEIA YOKI 170G FLOCOS FINOS,2025-07-15 20:55:11,2025-07,08.189.400/0001-07,UN,1.0,3.99,23.47058823529412,True
2ba7b43b878a53cb,AVEIA YOKI 170G FLOCOS FINOS,2025-07-15 20:55:11,2025-07,08.189.400/0001-07,UN,1.0,3.99,23.47058823529412,True
2ba7b43b878a53cb,AVEIA YOKI 170G FLOCOS FINOS,2025-07-15 20:55:11,2025-07,08.189.400/0001-07,UN,1.0,3.99,23.47058823529412,True
fc523d39f4aa44c9,MAC.VITARELLA 400G SPECIALE ESPAGUETE FINO,2025-07-15 20:55:11,2025-07,08.189.400/0001-07,UN,2.0,4.69,11.725,True
d6b0252bfa47ebed,BISCOITO VITARELLA MAIZENA 350G INTEGRAL,2025-07-15 20:55:11,2025-07,08.189.400/0001-07,UN,1.0,6.59,18.82857142857143,True
c24ed6d7a3c5119b,GRAO DE BICO KICALDO 500GR,2025-07-15 20:55:11,2025-07,08.189.400/0001-07,UN,2.0,10.69,10.69,True
9b0c1a5859e3ae9d,ARROZ TIO JOAO 1KG POLIDO,2025-07-15 20:55:11,2025-07,08.189.400/0001-07,UN,3.0,8.29,8.29,True
81422396b6f38f88,BATATA PALHA ELMA CHIPS NA MESA 90G EXTRA FINA,2025-07-15 20:55:11,2025-07,08.189.400/0001-07,UN,1.0,8.79,97.66666666666666,True
c2cbe7463cfdefde,FLOCAO DE MILHO VITAMILHO 500G,2025-07-15 20:55:11,2025-07,08.189.400/0001-07,UN,4.0,1.55,3.1,True
317a86d2ceb9311b,LEITE BETANIA 1L INTEGRAL TAMPA ROSCA,2025-07-15 20:55:11,2025-07,08.189.400/0001-07,UN,4.0,5.59,5.59,True
a9d64b0e17c25e0c,AZEITONA LA VIOLETERA 130G VDE CANCHOVA,2025-07-15 20:55:11,2025-07,08.189.400/0001-07,UN,1.0,19.59,150.69230769230768,True
044da6c44b7f39af,AZEITE DE OLIVA ANDORINHA 500ML EXT.VIRGEM VIDRO,2025-07-15 20:55:11,2025-07,08.189.400/0001-07,UN,1.0,44.99,89.98,True
a6631a1ddd9069f1,RODO SANTA MARIA PLASTICO 30CM REF008.0351,2025-07-15 20:55:11,2025-07,08.189.400/0001-07,UN,1.0,21.66,21.66,True
82d9853d695c0886,CHEIRO VERDE 2MFC UNIDADE,2025-07-15 20:55:11,2025-07,08.189.400/0001-07,UN,1.0,3.99,3.99,True
a4fdb1d11b18acc3,HORTELA 2MFC UNIDADE,2025-07-15 20:55:11,2025-07,08.189.400/0001-07,UN,1.0,3.99,3.99,True
64adeca64b59b3ca,TOMATE KG,2025-07-15 20:55:11,2025-07,08.189.400/0001-07,KG,1.12,7.99,7.99,True
b0e739f5ef196b59,COUVE FOLHA HSV ORGANICA UN,2025-07-15 20:55:11,2025-07,08.189.400/0001-07,UN,2.0,2.59,2.59,True
04042a5aa7c6484a,OVOS AVINE EXTRA C30 BRANCO,2025-07-15 20:55:11,2025-07,08.189.400/0001-07,UN,2.0,17.99,17.99,True
2089164b9c0e3347,INHAME KG,2025-07-15 20:55:11,2025-07,08.189.400/0001-07,UN,1.635,12.99,12.99,True
32d2661c0edfae94,CONFEITOS MMS 148G CHOCOLATE AO LEITE,2025-07-15 20:55:11,2025-07,08.189.400/0001-07,UN,1.0,15.99,108.04054054054056,True
4a534f5772043636,CONFEITOS MMS 45G CHOC.AO LEITE,2025-07-15 20:55:11,2025-07,08.189.400/0001-07,UN,1.0,5.49,122.0,True
8316820c4c0d7333,ALHO ESTRELA 200G,2025-07-15 20:55:11,2025-07,08.189.400/0001-07,UN,1.0,8.99,44.95,True
fb3879fcaa7a3f2a,MACA NACIONAL KG,2025-07-15 20:55:11,2025-07,08.189.400/0001-07,KG,0.83,14.99,14.99,True
2ea3214b916cbcbd,BATATA DOCE ROSADA KG,2025-07-15 20:55:11,2025-07,08.189.400/0001-07,KG,1.02,4.99,4.99,True
91a4cf811c312f52,VERMOUTH MARTINI 750ML ROSSO,2025-07-15 20:55:11,2025-07,08.189.400/0001-07,UN,1.0,55.99,74.65333333333334,True
81d507f6a6d0a6cf,LARANJA PERA KG,2025-07-15 20:55:11,2025-07,08.189.400/0001-07,KG,5.345,3.99,3.99,True
5561ce76b968d4e8,SABAO BEM-TE-VI 5X200G AZUL,2025-07-15 20:55:11,2025-07,08.189.400/0001-07,UN,1.0,8.79,43.95,True
ef45c1c81c952167,PAPEL HIG.NEVE 12X20M F.QUADRUPLA ULTRA CONFORTAVE,2025-07-15 20:55:11,2025-07,08.189.400/0001-07,UN,1.0,29.99,29.99,True
9ddca1de6735f733,COMPRESSA GAZE DAUF,2025-07-05 12:30:45,2025-07,06.626.253/0260-37,UN,4.0,3.7,3.7,True
b3801467fa0d3390,FITA P MENOS MICROPO,2025-07-05 12:30:45,2025-07,06.626.253/0260-37,UN,1.0,20.99,20.99,True
4d0c9701c91bc6b1,FITA P MENOS MICROPO,2025-07-05 12:30:45,2025-07,06.626.253/0260-37,UN,1.0,20.99,20.99,True
734bc573ae6218ca,CURAT PMENOS VARIAD,2025-07-05 12:30:45,2025-07,06.626.253/0260-37,UN,1.0,10.99,10.99,True
e9d51e9ddffe872e,SAB ASEPTOL TRADICIO,2025-07-05 12:30:45,2025-07,06.626.253/0260-37,UN,1.0,41.99,41.99,True
399792323fa39bfc,AGUA OXIG DAUF 10V 1,2025-07-05 12:30:45,2025-07,06.626.253/0260-37,UN,2.0,3.99,3.99,True
8847ae3e434b1602,CHOC MMS MARROM 45G,2025-07-05 12:30:45,2025-07,06.626.253/0260-37,UN,1.0,6.79,150.88888888888889,True
7e87a542568272ea,COUVE FOLHA 2MFC UNIDADE,2025-07-03 20:33:01,2025-07,08.189.400/0001-07,UN,1.0,3.99,3.99,True
cd340d8fc9f14ba8,BANANA PRATA KG,2025-07-03 20:33:01,2025-07,08.189.400/0001-07,KG,1.2,5.99,5.99,True
794e2c6b38e867d7,MAMAO FORMOSA KG,2025-07-03 20:33:01,2025-07,08.189.400/0001-07,KG,2.095,6.99,6.99,True
492aab44e000822d,BANANA PACOVAN KG,2025-07-03 20:33:01,2025-07,08.189.400/0001-07,KG,0.565,5.99,5.99,True
4d1e391e1075b514,"MAMAO PAPAYA GOLDEN 1,5KG BOX",2025-07-03 20:33:01,2025-07,08.189.400/0001-07,UN,1.0,19.99,13.326666666666666,True
82d9853d695c0886,CHEIRO VERDE 2MFC UNIDADE,2025-07-03 20:33:01,2025-07,08.189.400/0001-07,UN,1.0,3.99,3.99,True
4ab70865611936ad,BETERRABA KG,2025-07-03 20:33:01,2025-07,08.189.400/0001-07,KG,1.305,5.99,5.99,True
4a534f5772043636,CONFEITOS MMS 45G CHOC.AO LEITE,2025-07-03 20:33:01,2025-07,08.189.400/0001-07,UN,1.0,5.39,119.77777777777776,True
cad1bfb332ca89e8,CENOURA KG,2025-07-03 20:33:01,2025-07,08.189.400/0001-07,KG,1.35,3.99,3.99,True
6a6a39671d571810,MANGA ROSA KG,2025-07-03 20:33:01,2025-07,08.189.400/0001-07,KG,1.73,12.69,12.69,True
534da142d9315b0e,KIWI SUNGOLD EMB.440G,2025-07-03 20:33:01,2025-07,08.189.400/0001-07,UN,1.0,25.99,59.06818181818181,True
a2f39b14ff4c0b01,CEBOLA BRANCA KG,2025-07-03 20:33:01,2025-07,08.189.400/0001-07,KG,1.125,3.99,3.99,True
1467036c46c2acee,BEBIDA LACTEA ISIS 900G MORANGO,2025-07-03 20:33:01,2025-07,08.189.400/0001-07,UN,1.0,6.29,6.988888888888889,True
acb0ef7818aba206,QUEIJO ILPLA COALHO KG,2025-07-03 20:33:01,2025-07,08.189.400/0001-07,UN,0.344,39.99,39.99,True
acb0ef7818aba206,QUEIJO ILPLA COALHO KG,2025-07-03 20:33:01,2025-07,08.189.400/0001-07,UN,0.322,39.99,39.99,True
8f987e3490165a8b,REQUEIJAO CATUPIRY 180G CEBOLA CARAMEL,2025-07-03 20:33:01,2025-07,08.189.400/0001-07,UN,1.0,9.29,51.61111111111111,True
4552a937083ef696,MANTEIGA NATVILLE 200G,2025-07-03 20:33:01,2025-07,08.189.400/0001-07,UN,1.0,8.99,44.95,True
62e496f3ee7f8f25,REQUEIJAO CATUPIRY 180G ERVAS FINAS,2025-07-03 20:33:01,2025-07,08.189.400/0001-07,UN,1.0,9.29,51.61111111111111,True
fc52066327e988fd,REQUEIJAO LATPASSOS CREMOSO 180G POTE,2025-07-03 20:33:01,2025-07,08.189.400/0001-07,UN,1.0,6.99,38.833333333333336,True
2b1c41dca941be22,BEBIDA LACTEA ISIS 900G AMEIXA,2025-07-03 20:33:01,2025-07,08.189.400/0001-07,UN,1.0,6.29,6.988888888888889,True
de1ddecbf2d19197,PAO BAUDUCO 390G FORMA TRADICIONAL,2025-07-03 20:33:01,2025-07,08.189.400/0001-07,UN,1.0,10.29,26.384615384615383,True
cb9e4612967dba28,MORTADELA SADIA 200G DEFUMADA,2025-07-03 20:33:01,2025-07,08.189.400/0001-07,UN,1.0,8.89,44.45,True
0d5b8935a0253d3e,BEBIDA LACTEA ISIS 900G BANANA COM MACA,2025-07-03 20:33:01,2025-07,08.189.400/0001-07,UN,1.0,6.29,6.988888888888889,True
984ba1cfd39c0dde,TOMATE BOMBOM BANDEJA,2025-07-03 20:33:01,2025-07,08.189.400/0001-07,UN,1.0,6.99,6.99,True
c89b413639066de4,BISCOITO MARILAN 350G MAIZENA,2025-07-03 20:33:01,2025-07,08.189.400/0001-07,UN,1.0,5.79,16.542857142857144,True
790ad984b115250e,BISCOITO VITARELLA C.CRACKER TOSTADINHA 350G,2025-07-03 20:33:01,2025-07,08.189.400/0001-07,UN,1.0,4.39,12.542857142857144,True
790ad984b115250e,BISCOITO VITARELLA C.CRACKER TOSTADINHA 350G,2025-07-03 20:33:01,2025-07,08.189.400/0001-07,UN,1.0,4.39,12.542857142857144,True
9b5578f6e263ed53,CHOCOLATE SNICKERS 171G VARIEDADES POUCH,2025-07-03 20:33:01,2025-07,08.189.400/0001-07,UN,1.0,16.79,98.18713450292395,True
4a534f5772043636,CONFEITOS MMS 45G CHOC.AO LEITE,2025-07-03 20:33:01,2025-07,08.189.400/0001-07,UN,1.0,5.39,119.77777777777776,True
4a534f5772043636,CONFEITOS MMS 45G CHOC.AO LEITE,2025-07-03 20:33:01,2025-07,08.189.400/0001-07,UN,1.0,5.39,119.77777777777776,True
de1ddecbf2d19197,PAO BAUDUCO 390G FORMA TRADICIONAL,2025-07-03 20:33:01,2025-07,08.189.400/0001-07,UN,1.0,10.29,26.384615384615383,True
0718cbba95677f8a,CASTANHA DE CAJU TORRADO CSAL KG,2025-07-03 20:33:01,2025-07,08.189.400/0001-07,KG,0.152,129.99,129.99,True
c6b7e65c9bcb76a9,BOLO LITORAL QUEIJADINHA KG,2025-07-03 20:33:01,2025-07,08.189.400/0001-07,KG,0.284,30.99,30.99,True
2f082f7f0739d276,MAGIC TOAST MARILAN 110G PEITO DE PERU,2025-07-03 20:33:01,2025-07,08.189.400/0001-07,UN,1.0,6.89,62.63636363636363,True
cba7cb9bf08eb28d,MAGIC TOAST MARILAN 110G MULTICEREAIS,2025-07-03 20:33:01,2025-07,08.189.400/0001-07,UN,1.0,6.89,62.63636363636363,True
2f082f7f0739d276,MAGIC TOAST MARILAN 110G PEITO DE PERU,2025-07-03 20:33:01,2025-07,08.189.400/0001-07,UN,1.0,6.89,62.63636363636363,True
4150d20b797f4c8e,BOLO LITORAL FUBA KG,2025-07-03 20:33:01,2025-07,08.189.400/0001-07,UN,0.348,26.3,26.3,True
5859d1f3bb9b1489,SUCO PRATS INTEGRAL 900ML LARANJA PET,2025-07-03 20:33:01,2025-07,08.189.400/0001-07,UN,1.0,18.39,20.433333333333334,True
2ba7b43b878a53cb,AVEIA YOKI 170G FLOCOS FINOS,2025-07-03 20:33:01,2025-07,08.189.400/0001-07,UN,1.0,3.99,23.47058823529412,True
2ba7b43b878a53cb,AVEIA YOKI 170G FLOCOS FINOS,2025-07-03 20:33:01,2025-07,08.189.400/0001-07,UN,1.0,3.99,23.47058823529412,True
2ba7b43b878a53cb,AVEIA YOKI 170G FLOCOS FINOS,2025-07-03 20:33:01,2025-07,08.189.400/0001-07,UN,1.0,3.99,23.47058823529412,True
2ba7b43b878a53cb,AVEIA YOKI 170G FLOCOS FINOS,2025-07-03 20:33:01,2025-07,08.189.400/0001-07,UN,1.0,3.99,23.47058823529412,True
2ba7b43b878a53cb,AVEIA YOKI 170G FLOCOS FINOS,2025-07-03 20:33:01,2025-07,08.189.400/0001-07,UN,1.0,3.99,23.47058823529412,True
8de110cc2930f954,"SUCO NATURAL ONE 1,5ML LARANJAMACA",2025-07-03 20:33:01,2025-07,08.189.400/0001-07,UN,1.0,29.59,19726.666666666668,True
6c31ce625dc4ccf0,CAFE SANTA CLARA 250G CLASSICO ALMOFADA,2025-07-03 20:33:01,2025-07,08.189.400/0001-07,UN,1.0,15.69,62.76,True
d68ff6fe073a53bd,ACUCAR ALEGRE 1KG TRITURADO,2025-07-03 20:33:01,2025-07,08.189.400/0001-07,UN,1.0,4.49,4.49,True
9b0c1a5859e3ae9d,ARROZ TIO JOAO 1KG POLIDO,2025-07-03 20:33:01,2025-07,08.189.400/0001-07,UN,1.0,6.99,6.99,True
9b0c1a5859e3ae9d,ARROZ TIO JOAO 1KG POLIDO,2025-07-03 20:33:01,2025-07,08.189.400/0001-07,UN,1.0,6.99,6.99,True
6c31ce625dc4ccf0,CAFE SANTA CLARA 250G CLASSICO ALMOFADA,2025-07-03 20:33:01,2025-07,08.189.400/0001-07,UN,1.0,15.69,62.76,True
c2cbe7463cfdefde,FLOCAO DE MILHO VITAMILHO 500G,2025-07-03 20:33:01,2025-07,08.189.400/0001-07,UN,1.0,1.55,3.1,True
c2cbe7463cfdefde,FLOCAO DE MILHO VITAMILHO 500G,2025-07-03 20:33:01,2025-07,08.189.400/0001-07,UN,1.0,1.55,3.1,True
6b9208853a5ffdb5,LEITE NATVILLE 1L INTEGRAL,2025-07-03 20:33:01,2025-07,08.189.400/0001-07,UN,1.0,4.99,4.99,True
6b9208853a5ffdb5,LEITE NATVILLE 1L INTEGRAL,2025-07-03 20:33:01,2025-07,08.189.400/0001-07,UN,1.0,4.99,4.99,True
6b9208853a5ffdb5,LEITE NATVILLE 1L INTEGRAL,2025-07-03 20:33:01,2025-07,08.189.400/0001-07,UN,1.0,4.99,4.99,True
1c5c4adde518a9ba,PULVERIZADOR SANREMO CBOMBA REF 501,2025-07-03 20:33:01,2025-07,08.189.400/0001-07,UN,1.0,10.99,10.99,True
9b51742774998dee,CAPSULA TRES NESPRESSO 50G INTENSO C10,2025-07-03 20:33:01,2025-07,08.189.400/0001-07,UN,1.0,21.99,439.8,True
a0352acc978f38a6,CAPSULA NESPRESSO 3 CORACOES ESPECIAS 56G MAXIMA I,2025-07-03 20:33:01,2025-07,08.189.400/0001-07,UN,1.0,21.99,392.6785714285714,True
e73d121ed6705401,CAPSULA TRES NESPRESSO 50G CERRADO MINEIRO C10,2025-07-03 20:33:01,2025-07,08.189.400/0001-07,UN,1.0,21.99,439.8,True
a481c70f52915f3b,NUTREN SENIOR NESTLE 370G BAUNILHA,2025-07-03 20:33:01,2025-07,08.189.400/0001-07,UN,1.0,89.99,243.2162162162162,True
8476b8553b2915b8,VINAGRE MINHOTO 500ML MACA,2025-07-03 20:33:01,2025-07,08.189.400/0001-07,UN,1.0,6.49,12.98,True
044da6c44b7f39af,AZEITE DE OLIVA ANDORINHA 500ML EXT.VIRGEM VIDRO,2025-07-03 20:33:01,2025-07,08.189.400/0001-07,UN,1.0,36.99,73.98,True
2f16fbbf332647a1,RODO STA.MARIA 60CM REF 353,2025-07-03 20:33:01,2025-07,08.189.400/0001-07,UN,1.0,33.99,33.99,True
12c95aa1571677f2,PEIXE SARDINHA INT. DUMAR CONG.800G,2025-07-03 20:33:01,2025-07,08.189.400/0001-07,UN,7.0,13.49,16.8625,True
0effab0c38fa296d,PEIXE MANJUBA INTEIRO CONG 800G,2025-07-03 20:33:01,2025-07,08.189.400/0001-07,UN,1.0,22.99,28.7375,True
d016b8f25d5891c1,OVOS AVINE GRANDE C20 CAIPIRA VERMELHO,2025-07-03 20:33:01,2025-07,08.189.400/0001-07,UN,1.0,21.99,21.99,True
04042a5aa7c6484a,OVOS AVINE EXTRA C30 BRANCO,2025-07-03 20:33:01,2025-07,08.189.400/0001-07,UN,1.0,16.99,16.99,True
6f3affd220955752,"DESINFETANTE PINHO BRIL 1,75L PINHO SILVESTRE",2025-07-03 20:33:01,2025-07,08.189.400/0001-07,UN,1.0,16.39,9.365714285714288,True
20b89c1712418e95,"DET.LIQ.INVICTO 1,8L NEUTRO",2025-07-03 20:33:01,2025-07,08.189.400/0001-07,UN,1.0,9.29,5.161111111111111,True
74492162f11c4cba,REFRIGERANTE COCA-COLA 250ML PET,2025-07-03 20:33:01,2025-07,08.189.400/0001-07,UN,1.0,2.59,10.36,True
65f75089793bfe3e,DESINFETANTE KALIPTO 5L LAVANDA,2025-07-03 20:33:01,2025-07,08.189.400/0001-07,UN,1.0,22.49,4.497999999999999,True
d2c0f8e193b7c03f,LUVA PROCED LATEX SUPERMAX G C100,2025-07-03 20:33:01,2025-07,08.189.400/0001-07,UN,1.0,55.99,55.99,True
e83d755ccc6a28e3,TOALHA DE PAPEL SCALA BRANCO C3,2025-07-03 20:33:01,2025-07,08.189.400/0001-07,UN,1.0,17.59,17.59,True
a0e44675156f4208,CARGA GILLETTE MACH 3 L+ P-,2025-07-03 20:33:01,2025-07,08.189.400/0001-07,UN,1.0,71.99,23.996666666666663,True
ef45c1c81c952167,PAPEL HIG.NEVE 12X20M F.QUADRUPLA ULTRA CONFORTAVE,2025-07-03 20:33:01,2025-07,08.189.400/0001-07,UN,1.0,28.99,28.99,True
1c047fd8d531d78a,FITA ADESIVA ADERE SILVER TAPE PRETA 5M X 45MM,2025-07-03 20:33:01,2025-07,08.189.400/0001-07,UN,1.0,9.99,9.99,True
3c6f7bba249e22d0,MOP STA.MARIA PVA ABSORVENTE REFIL,2025-07-03 20:33:01,2025-07,08.189.400/0001-07,UN,1.0,33.99,33.99,True
cda417c76cafaf05,ALCOOL SANTA CRUZ 70INPM 1L,2025-07-03 20:33:01,2025-07,08.189.400/0001-07,UN,1.0,9.99,9.99,True
1b27c5d56bb9a82c,SABONETE FLOR DE YPE 85G LIMAO SICILIANO,2025-07-03 20:33:01,2025-07,08.189.400/0001-07,UN,1.0,5.19,61.05882352941177,True
64d4e45efdfc7f11,SABAO MINUANO AZUL 5X180G,2025-07-03 20:33:01,2025-07,08.189.400/0001-07,UN,1.0,14.59,81.05555555555556,True
0960b3055c229487,INSETICIDA SBP AERO LV MAIS PG MENOS 450ML ANTI AE,2025-07-03 20:33:01,2025-07,08.189.400/0001-07,UN,1.0,15.99,35.53333333333333,True
db457e787ec58bf0,LAVA ROUPAS INVICTO PO 4KG  SACHE,2025-07-03 20:33:01,2025-07,08.189.400/0001-07,UN,1.0,36.99,9.2475,True
e8c0ebdff8320ef4,DESODORANTE AEROSOL AXE MARINE 152ML90G,2025-07-03 20:33:01,2025-07,08.189.400/0001-07,UN,1.0,14.99,166.55555555555557,True
1c6353f08fac3269,SABONETE NIVEA 85G LAVANDA E OLEOS,2025-07-03 20:33:01,2025-07,08.189.400/0001-07,UN,1.0,2.49,29.294117647058822,True
1c047fd8d531d78a,FITA ADESIVA ADERE SILVER TAPE PRETA 5M X 45MM,2025-07-03 20:33:01,2025-07,08.189.400/0001-07,UN,1.0,9.99,9.99,True
9d23150312b45908,SABONETE NIVEA 85G ORQUIDEAS,2025-07-03 20:33:01,2025-07,08.189.400/0001-07,UN,1.0,2.49,29.294117647058822,True
9d23150312b45908,SABONETE NIVEA 85G ORQUIDEAS,2025-07-03 20:33:01,2025-07,08.189.400/0001-07,UN,1.0,2.49,29.294117647058822,True
689a700e8c992b80,ESPONJA CONDOR ANTIBAC MULTIUSO LV4PG3 REF1539,2025-07-03 20:33:01,2025-07,08.189.400/0001-07,UN,1.0,4.99,4.99,True
69e95afabebae112,AGUA SANITARIA TUBARAO 5L,2025-07-03 20:33:01,2025-07,08.189.400/0001-07,UN,1.0,11.99,2.398,True
b59bd25bce3e2e47,COTONETE JJ POTE C/1,2025-06-29 17:55:54,2025-06,06.626.253/0260-37,UN,1.0,14.99,14.99,True
4c87bdbbfbeca2af,ABS INTIMUS GEL NOT,2025-06-29 17:55:54,2025-06,06.626.253/0260-37,UN,2.0,32.99,32.99,True
8847ae3e434b1602,CHOC MMS MARROM 45G,2025-06-29 17:55:54,2025-06,06.626.253/0260-37,UN,1.0,6.79,150.88888888888889,True
1eacd66dab5040d2,ALGODAO CHOICES DISC,2025-06-29 17:55:54,2025-06,06.626.253/0260-37,UN,1.0,17.49,17.49,True
df4e797acedcdb02,COMPRESSA GAZE DAUF,2025-06-29 17:55:54,2025-06,06.626.253/0260-37,UN,2.0,3.9,3.9,True
b3801467fa0d3390,FITA P MENOS MICROPO,2025-06-29 17:55:54,2025-06,06.626.253/0260-37,UN,1.0,20.99,20.99,True
3890582724adb4a5,CURAT PMENOS BEGE C/,2025-06-29 17:55:54,2025-06,06.626.253/0260-37,UN,1.0,14.49,14.49,True
f5843e6796e40ee1,NEOSALDINA DGR/10,2025-06-29 17:55:54,2025-06,06.626.253/0260-37,UN,1.0,20.03,20.03,True
df4bb2cc647c9ccb,"SORO FISIOL PMENOS 0,9/500ML",2025-06-29 17:55:54,2025-06,06.626.253/0260-37,UN,1.0,9.99,19.98,True
0dc8ebb2201fcfc9,PAST VALDA C SACHE 2,2025-06-29 17:55:54,2025-06,06.626.253/0260-37,UN,1.0,11.49,11.49,True
56efbc62ad42ab0e,VALDA FRIE CANELA 25G,2025-06-29 17:55:54,2025-06,06.626.253/0260-37,UN,1.0,9.49,379.6,True
cad1bfb332ca89e8,CENOURA KG,2025-06-07 18:19:22,2025-06,08.189.400/0001-07,KG,1.705,4.99,4.99,True
492aab44e000822d,BANANA PACOVAN KG,2025-06-07 18:19:22,2025-06,08.189.400/0001-07,KG,1.5,5.99,5.99,True
6a6a39671d571810,MANGA ROSA KG,2025-06-07 18:19:22,2025-06,08.189.400/0001-07,KG,1.095,11.99,11.99,True
2ea3214b916cbcbd,BATATA DOCE ROSADA KG,2025-06-07 18:19:22,2025-06,08.189.400/0001-07,KG,1.385,4.99,4.99,True
4fa2af39abdc7ca9,TAFF MAN-EX 110ML UND,2025-06-07 18:19:22,2025-06,08.189.400/0001-07,UN,1.0,5.99,54.45454545454545,True
2089164b9c0e3347,INHAME KG,2025-06-07 18:19:22,2025-06,08.189.400/0001-07,UN,1.66,13.99,13.99,True
04042a5aa7c6484a,OVOS AVINE EXTRA C30 BRANCO,2025-06-07 18:19:22,2025-06,08.189.400/0001-07,UN,2.0,17.99,17.99,True
3d14fc51b91482bc,SALAME MILANO FAT. 100G DOR,2025-06-07 18:19:22,2025-06,08.189.400/0001-07,UN,1.0,17.99,179.89999999999998,True
479ec74d045942d3,PRESUNTO DOR SELECAO 80G ITALIANO FATIADO,2025-06-07 18:19:22,2025-06,08.189.400/0001-07,UN,1.0,17.99,224.875,True
479ec74d045942d3,PRESUNTO DOR SELECAO 80G ITALIANO FATIADO,2025-06-07 18:19:22,2025-06,08.189.400/0001-07,UN,1.0,17.99,224.875,True
79c5e503193af765,QUEIJO ILPLA COALHO NATURAL KG,2025-06-07 18:19:22,2025-06,08.189.400/0001-07,UN,0.34,50.99,50.99,True
2b1c41dca941be22,BEBIDA LACTEA ISIS 900G AMEIXA,2025-06-07 18:19:22,2025-06,08.189.400/0001-07,UN,1.0,5.49,6.1,True
2b1c41dca941be22,BEBIDA LACTEA ISIS 900G AMEIXA,2025-06-07 18:19:22,2025-06,08.189.400/0001-07,UN,1.0,5.49,6.1,True
79c5e503193af765,QUEIJO ILPLA COALHO NATURAL KG,2025-06-07 18:19:22,2025-06,08.189.400/0001-07,UN,0.342,50.99,50.99,True
3f500b60c1e429f6,QUEIJO FAIXA AZUL PARMESAO CILINDRO 195G,2025-06-07 18:19:22,2025-06,08.189.400/0001-07,UN,1.0,29.99,153.7948717948718,True
8476b8553b2915b8,VINAGRE MINHOTO 500ML MACA,2025-06-07 18:19:22,2025-06,08.189.400/0001-07,UN,1.0,6.49,12.98,True
cf756ac4eda43896,REQUEIJAO CATUPIRY 420G TRADICIONAL,2025-06-07 18:19:22,2025-06,08.189.400/0001-07,UN,1.0,18.79,44.73809523809524,True
534da142d9315b0e,KIWI SUNGOLD EMB.440G,2025-06-07 18:19:22,2025-06,08.189.400/0001-07,UN,1.0,21.99,49.97727272727273,True
4fb07401e544a01a,REQUEIJAO POCOS DE CALDAS 200G TRADICIONAL,2025-06-07 18:19:22,2025-06,08.189.400/0001-07,UN,1.0,9.99,49.95,True
044da6c44b7f39af,AZEITE DE OLIVA ANDORINHA 500ML EXT.VIRGEM VIDRO,2025-06-07 18:19:22,2025-06,08.189.400/0001-07,UN,1.0,41.99,83.98,True
458225dc7ab3e4f0,PAO BAUDUCO 390G FORMA INTEGRAL,2025-06-07 18:19:22,2025-06,08.189.400/0001-07,UN,1.0,9.99,25.615384615384617,True
790ad984b115250e,BISCOITO VITARELLA C.CRACKER TOSTADINHA 350G,2025-06-07 18:19:22,2025-06,08.189.400/0001-07,UN,1.0,4.89,13.971428571428572,True
458225dc7ab3e4f0,PAO BAUDUCO 390G FORMA INTEGRAL,2025-06-07 18:19:22,2025-06,08.189.400/0001-07,UN,1.0,9.99,25.615384615384617,True
a82a523f92b6d088,BISCOITO MARILAN 350G MAIZENA INTEGRAL,2025-06-07 18:19:22,2025-06,08.189.400/0001-07,UN,1.0,6.39,18.257142857142856,True
790ad984b115250e,BISCOITO VITARELLA C.CRACKER TOSTADINHA 350G,2025-06-07 18:19:22,2025-06,08.189.400/0001-07,UN,1.0,4.89,13.971428571428572,True
9589f457c810b634,FLOCAO DE MILHO DONA CLARA 500G NTRANSGENICO,2025-06-07 18:19:22,2025-06,08.189.400/0001-07,UN,1.0,3.19,6.38,True
2ba7b43b878a53cb,AVEIA YOKI 170G FLOCOS FINOS,2025-06-07 18:19:22,2025-06,08.189.400/0001-07,UN,1.0,3.99,23.47058823529412,True
2ba7b43b878a53cb,AVEIA YOKI 170G FLOCOS FINOS,2025-06-07 18:19:22,2025-06,08.189.400/0001-07,UN,1.0,3.99,23.47058823529412,True
2ba7b43b878a53cb,AVEIA YOKI 170G FLOCOS FINOS,2025-06-07 18:19:22,2025-06,08.189.400/0001-07,UN,1.0,3.99,23.47058823529412,True
2ba7b43b878a53cb,AVEIA YOKI 170G FLOCOS FINOS,2025-06-07 18:19:22,2025-06,08.189.400/0001-07,UN,1.0,3.99,23.47058823529412,True
37377b4ba0493df9,AVEIA YOKI 170G EM FLOCOS,2025-06-07 18:19:22,2025-06,08.189.400/0001-07,UN,1.0,3.99,23.47058823529412,True
8e28b5c23d280d41,FLOCAO DE MILHO NORDESTINO 500G,2025-06-07 18:19:22,2025-06,08.189.400/0001-07,UN,1.0,1.39,2.78,True
f099e92cb3a4964c,MANTEIGA ITACOLOMY 200G LATA,2025-06-07 18:19:22,2025-06,08.189.400/0001-07,UN,1.0,16.99,84.94999999999999,True
9b0c1a5859e3ae9d,ARROZ TIO JOAO 1KG POLIDO,2025-06-07 18:19:22,2025-06,08.189.400/0001-07,UN,1.0,8.29,8.29,True
9b0c1a5859e3ae9d,ARROZ TIO JOAO 1KG POLIDO,2025-06-07 18:19:22,2025-06,08.189.400/0001-07,UN,1.0,8.29,8.29,True
6a3413ddf213582a,BOLO LITORAL MACAXEIRA KG,2025-06-07 18:19:22,2025-06,08.189.400/0001-07,UN,0.6,29.9,29.9,True
274426f3aee34a99,BISCOITO PIRAQUE ROLADINHO 75G GOIABINHA,2025-06-07 18:19:22,2025-06,08.189.400/0001-07,UN,1.0,4.79,63.86666666666667,True
274426f3aee34a99,BISCOITO PIRAQUE ROLADINHO 75G GOIABINHA,2025-06-07 18:19:22,2025-06,08.189.400/0001-07,UN,1.0,4.79,63.86666666666667,True
317a86d2ceb9311b,LEITE BETANIA 1L INTEGRAL TAMPA ROSCA,2025-06-07 18:19:22,2025-06,08.189.400/0001-07,UN,1.0,5.49,5.49,True
317a86d2ceb9311b,LEITE BETANIA 1L INTEGRAL TAMPA ROSCA,2025-06-07 18:19:22,2025-06,08.189.400/0001-07,UN,1.0,5.49,5.49,True
317a86d2ceb9311b,LEITE BETANIA 1L INTEGRAL TAMPA ROSCA,2025-06-07 18:19:22,2025-06,08.189.400/0001-07,UN,1.0,5.49,5.49,True
7738907a823eff48,AZEITONA LA VIOLETERA 160G VERDE SCAR.REFIL,2025-06-07 18:19:22,2025-06,08.189.400/0001-07,UN,1.0,10.49,65.5625,True
a9d64b0e17c25e0c,AZEITONA LA VIOLETERA 130G VDE CANCHOVA,2025-06-07 18:19:22,2025-06,08.189.400/0001-07,UN,1.0,19.59,150.69230769230768,True
a9d64b0e17c25e0c,AZEITONA LA VIOLETERA 130G VDE CANCHOVA,2025-06-07 18:19:22,2025-06,08.189.400/0001-07,UN,1.0,19.59,150.69230769230768,True
3725f0a320d4204e,TOALHA DE PAPEL MILI C2.,2025-06-07 18:19:22,2025-06,08.189.400/0001-07,UN,1.0,5.49,5.49,True
e272d6dc7bcf0b65,INSETICIDA SBP AERO MULTI INSETICIDA ECON. 380ML M,2025-06-07 18:19:22,2025-06,08.189.400/0001-07,UN,1.0,14.99,39.44736842105263,True
af4527db7c235d57,SABONETE PHEBO RAIZ DO ORIENTE 90G,2025-06-07 18:19:22,2025-06,08.189.400/0001-07,UN,1.0,4.98,55.33333333333334,True
af4527db7c235d57,SABONETE PHEBO RAIZ DO ORIENTE 90G,2025-06-07 18:19:22,2025-06,08.189.400/0001-07,UN,1.0,4.98,55.33333333333334,True
b51e169bb641b09e,GLADE CAR 70G CITRUS,2025-06-07 18:19:22,2025-06,08.189.400/0001-07,UN,1.0,13.99,199.85714285714283,True
20731bb91da2997c,DESODORANTE AEROSOL REXONA MEN INVISIBLE 250ML145,2025-06-07 18:19:22,2025-06,08.189.400/0001-07,UN,1.0,23.99,23.99,True
7c10874e0864b0cf,DESOD.AERO.AXE APOLLO 150ML96G,2025-06-07 18:19:22,2025-06,08.189.400/0001-07,UN,1.0,11.99,124.89583333333331,True
dc112cd6f771a683,INSETICIDA SBP AERO MULTI INSETICIDA ECON. 380ML E,2025-06-07 18:19:22,2025-06,08.189.400/0001-07,UN,1.0,14.99,39.44736842105263,True
1d7592aaa5ca56f6,DESINFETANTE KALIPTO 5L EUCALIPTO,2025-06-07 18:19:22,2025-06,08.189.400/0001-07,UN,1.0,22.49,4.497999999999999,True
f71dd165907268f1,DET.LIQ.ATOL 2L NEUTRO,2025-06-07 18:19:22,2025-06,08.189.400/0001-07,UN,1.0,9.69,4.845,True
41dcee0c970ccb9c,PAPEL HIG.NEVE NEUTRO C12 30MT LV12 PG11 NEUTRO,2025-06-07 18:19:22,2025-06,08.189.400/0001-07,UN,1.0,23.79,23.79,True
0effab0c38fa296d,PEIXE MANJUBA INTEIRO CONG 800G,2025-06-07 18:19:22,2025-06,08.189.400/0001-07,UN,1.0,20.99,26.2375,True
12c95aa1571677f2,PEIXE SARDINHA INT. DUMAR CONG.800G,2025-06-07 18:19:22,2025-06,08.189.400/0001-07,UN,1.0,13.49,16.8625,True
12c95aa1571677f2,PEIXE SARDINHA INT. DUMAR CONG.800G,2025-06-07 18:19:22,2025-06,08.189.400/0001-07,UN,1.0,13.49,16.8625,True
12c95aa1571677f2,PEIXE SARDINHA INT. DUMAR CONG.800G,2025-06-07 18:19:22,2025-06,08.189.400/0001-07,UN,1.0,13.49,16.8625,True
12c95aa1571677f2,PEIXE SARDINHA INT. DUMAR CONG.800G,2025-06-07 18:19:22,2025-06,08.189.400/0001-07,UN,1.0,13.49,16.8625,True
12c95aa1571677f2,PEIXE SARDINHA INT. DUMAR CONG.800G,2025-06-07 18:19:22,2025-06,08.189.400/0001-07,UN,1.0,13.49,16.8625,True
12c95aa1571677f2,PEIXE SARDINHA INT. DUMAR CONG.800G,2025-06-07 18:19:22,2025-06,08.189.400/0001-07,UN,1.0,13.49,16.8625,True
da981288b825fef5,VONAU FL MOR 8MG 10'S,2025-06-06 22:17:41,2025-06,61.585.865/1821-60,UN,1.0,99.81,99.81,True
56efbc62ad42ab0e,VALDA FRIE CANELA 25G,2025-06-06 22:17:41,2025-06,61.585.865/1821-60,UN,1.0,10.29,411.6,True
978b7b2548bff29b,D1 PIZZA GRANDE,2025-05-31 20:22:22,2025-05,36.417.867/0001-94,und,1.0,74.0,74.0,True
4e7dd5979668750c,TAXA DE ENTREGA,2025-05-31 20:22:22,2025-05,36.417.867/0001-94,UND,1.0,22.0,22.0,True
cce329e884677f4b,CAPSULA NESPRESSO 3 CORACOES ESPECIAS 56G PERU,2025-05-26 19:27:55,2025-05,08.189.400/0001-07,UN,1.0,21.99,392.6785714285714,True
9b51742774998dee,CAPSULA TRES NESPRESSO 50G INTENSO C10,2025-05-26 19:27:55,2025-05,08.189.400/0001-07,UN,1.0,21.99,439.8,True
b5ed5abfce57005e,CAPSULA NESPRESSO SANTA CLARA GOURMET 56G DARK ROA,2025-05-26 19:27:55,2025-05,08.189.400/0001-07,UN,1.0,21.99,392.6785714285714,True
e8a4545bd7ab06b0,OVOS AVINE GRANDE C30 BRANCO,2025-05-26 19:27:55,2025-05,08.189.400/0001-07,UN,1.0,17.99,17.99,True
e8a4545bd7ab06b0,OVOS AVINE GRANDE C30 BRANCO,2025-05-26 19:27:55,2025-05,08.189.400/0001-07,UN,1.0,17.99,17.99,True
dff1c4cce00be602,APERITIVO CAMPARI 748ML MILANO,2025-05-26 19:27:55,2025-05,08.189.400/0001-07,UN,1.0,59.99,80.20053475935829,True
a04e4670b6c7b3d6,GIN BEEFEATER LONDON 750ML,2025-05-26 19:27:55,2025-05,08.189.400/0001-07,UN,1.0,99.99,133.32,True
91a4cf811c312f52,VERMOUTH MARTINI 750ML ROSSO,2025-05-26 19:27:55,2025-05,08.189.400/0001-07,UN,1.0,55.99,74.65333333333334,True
492aab44e000822d,BANANA PACOVAN KG,2025-05-26 19:27:55,2025-05,08.189.400/0001-07,KG,0.915,5.99,5.99,True
6a6a39671d571810,MANGA ROSA KG,2025-05-26 19:27:55,2025-05,08.189.400/0001-07,KG,1.8,11.99,11.99,True
438c3e37a14f2850,MAMAO HAVAI KG,2025-05-26 19:27:55,2025-05,08.189.400/0001-07,KG,1.065,4.99,4.99,True
4fa2af39abdc7ca9,TAFF MAN-EX 110ML UND,2025-05-26 19:27:55,2025-05,08.189.400/0001-07,UN,1.0,5.99,54.45454545454545,True
e58960a2bf706642,MELANCIA BABY KG,2025-05-26 19:27:55,2025-05,08.189.400/0001-07,UN,1.68,5.49,5.49,True
794e2c6b38e867d7,MAMAO FORMOSA KG,2025-05-26 19:27:55,2025-05,08.189.400/0001-07,KG,1.52,7.99,7.99,True
fc1e3b4498a58d4c,LIMAO TAITI KG,2025-05-26 19:27:55,2025-05,08.189.400/0001-07,KG,0.765,4.49,4.49,True
984ba1cfd39c0dde,TOMATE BOMBOM BANDEJA,2025-05-26 19:27:55,2025-05,08.189.400/0001-07,UN,1.0,6.99,6.99,True
bf70a933b97e4bcc,PERA ROCHA PICK E NICKY 1KG,2025-05-26 19:27:55,2025-05,08.189.400/0001-07,UN,1.0,24.99,24.99,True
2089164b9c0e3347,INHAME KG,2025-05-26 19:27:55,2025-05,08.189.400/0001-07,UN,1.635,13.99,13.99,True
8e35893db249e90c,ALHO A GRANEL KG,2025-05-26 19:27:55,2025-05,08.189.400/0001-07,UN,0.345,49.99,49.99,True
79c5e503193af765,QUEIJO ILPLA COALHO NATURAL KG,2025-05-26 19:27:55,2025-05,08.189.400/0001-07,UN,0.346,50.99,50.99,True
acb0ef7818aba206,QUEIJO ILPLA COALHO KG,2025-05-26 19:27:55,2025-05,08.189.400/0001-07,UN,0.274,39.99,39.99,True
6ac185cd6a32bf95,REQUEIJAO TIROLEZ 200G CREMOSO,2025-05-26 19:27:55,2025-05,08.189.400/0001-07,UN,1.0,8.99,44.95,True
3258375c368ebb11,LEITE FERMENTADO BETANIA DESN.850G ADOCADO,2025-05-26 19:27:55,2025-05,08.189.400/0001-07,UN,1.0,13.79,16.223529411764705,True
a2f39b14ff4c0b01,CEBOLA BRANCA KG,2025-05-26 19:27:55,2025-05,08.189.400/0001-07,KG,1.235,6.39,6.39,True
75242192cced0d32,LTE.CONDENSADO NESTLE MOCA 395G TP,2025-05-26 19:27:55,2025-05,08.189.400/0001-07,UN,1.0,8.29,20.987341772151897,True
75242192cced0d32,LTE.CONDENSADO NESTLE MOCA 395G TP,2025-05-26 19:27:55,2025-05,08.189.400/0001-07,UN,1.0,8.29,20.987341772151897,True
4f49127eba2affe0,ALFACE AMERICANA 2MFC EM BOLA UNIDADE,2025-05-26 19:27:55,2025-05,08.189.400/0001-07,UN,1.0,6.99,6.99,True
dbe3dde28ea505c9,COCO SECO UN,2025-05-26 19:27:55,2025-05,08.189.400/0001-07,UN,1.0,5.99,5.99,True
fc4c0908245eff06,"SUCO MAGUARY 1,35L UVA TINTO SELECAO",2025-05-26 19:27:55,2025-05,08.189.400/0001-07,UN,1.0,18.39,13.622222222222222,True
16edd20fdf451d9b,GATORADE 500ML MORANGOMARACUJA,2025-05-26 19:27:55,2025-05,08.189.400/0001-07,UN,1.0,5.99,11.98,True
16edd20fdf451d9b,GATORADE 500ML MORANGOMARACUJA,2025-05-26 19:27:55,2025-05,08.189.400/0001-07,UN,1.0,5.99,11.98,True
6ac185cd6a32bf95,REQUEIJAO TIROLEZ 200G CREMOSO,2025-05-26 19:27:55,2025-05,08.189.400/0001-07,UN,1.0,8.99,44.95,True
ad95d1fa8ddb7e5d,PEPINOS HEMMER EM CONSERVA EM RODELA 800G 440G DR,2025-05-26 19:27:55,2025-05,08.189.400/0001-07,UN,1.0,22.99,28.7375,True
0a1905c2aaa0d384,GELEIA RITTER 310G MORANGO VD,2025-05-26 19:27:55,2025-05,08.189.400/0001-07,UN,1.0,21.49,69.32258064516128,True
433f27fe04e5347f,QUEIJO PRESIDENT 140G PROCESSADO,2025-05-26 19:27:55,2025-05,08.189.400/0001-07,UN,1.0,13.79,98.5,True
a46498e080fff8bc,BISCOITO MARILAN C.CRACKER F.NATURAL 335G INTEGRAL,2025-05-26 19:27:55,2025-05,08.189.400/0001-07,UN,1.0,8.49,25.34328358208955,True
10e8be50e0548345,BISCOITO MARILAN 350G CREAM CRACKER ESPECIAL,2025-05-26 19:27:55,2025-05,08.189.400/0001-07,UN,1.0,4.59,13.114285714285714,True
2b1c41dca941be22,BEBIDA LACTEA ISIS 900G AMEIXA,2025-05-26 19:27:55,2025-05,08.189.400/0001-07,UN,1.0,6.29,6.988888888888889,True
d1dc86e39aa05878,BEBIDA LACTEA ISIS 900G GRAVIOLA,2025-05-26 19:27:55,2025-05,08.189.400/0001-07,UN,1.0,6.29,6.988888888888889,True
458225dc7ab3e4f0,PAO BAUDUCO 390G FORMA INTEGRAL,2025-05-26 19:27:55,2025-05,08.189.400/0001-07,UN,1.0,10.89,27.923076923076923,True
458225dc7ab3e4f0,PAO BAUDUCO 390G FORMA INTEGRAL,2025-05-26 19:27:55,2025-05,08.189.400/0001-07,UN,1.0,10.89,27.923076923076923,True
98a87a32e13738d4,AVEIA NATUQUALY 170G EM FLOCOS FINOS,2025-05-26 19:27:55,2025-05,08.189.400/0001-07,UN,1.0,3.39,19.94117647058824,True
a7caf566b949a184,AVEIA NATUQUALY 170G EM FLOCOS GROSSOS,2025-05-26 19:27:55,2025-05,08.189.400/0001-07,UN,1.0,3.39,19.94117647058824,True
98a87a32e13738d4,AVEIA NATUQUALY 170G EM FLOCOS FINOS,2025-05-26 19:27:55,2025-05,08.189.400/0001-07,UN,1.0,3.39,19.94117647058824,True
98a87a32e13738d4,AVEIA NATUQUALY 170G EM FLOCOS FINOS,2025-05-26 19:27:55,2025-05,08.189.400/0001-07,UN,1.0,3.39,19.94117647058824,True
98a87a32e13738d4,AVEIA NATUQUALY 170G EM FLOCOS FINOS,2025-05-26 19:27:55,2025-05,08.189.400/0001-07,UN,1.0,3.39,19.94117647058824,True
6a3413ddf213582a,BOLO LITORAL MACAXEIRA KG,2025-05-26 19:27:55,2025-05,08.189.400/0001-07,UN,0.304,29.9,29.9,True
9b0c1a5859e3ae9d,ARROZ TIO JOAO 1KG POLIDO,2025-05-26 19:27:55,2025-05,08.189.400/0001-07,UN,3.0,8.29,8.29,True
b6aaef7582b488cd,GOMA DE MANDIOCA 1KG AGROMASSA,2025-05-26 19:27:55,2025-05,08.189.400/0001-07,UN,1.0,7.99,7.99,True
c2cbe7463cfdefde,FLOCAO DE MILHO VITAMILHO 500G,2025-05-26 19:27:55,2025-05,08.189.400/0001-07,UN,2.0,1.55,3.1,True
a34270ce28679179,MAC.VITARELLA 400G ESPAGUETE FINO,2025-05-26 19:27:55,2025-05,08.189.400/0001-07,UN,1.0,3.25,8.125,True
6c31ce625dc4ccf0,CAFE SANTA CLARA 250G CLASSICO ALMOFADA,2025-05-26 19:27:55,2025-05,08.189.400/0001-07,UN,2.0,16.99,67.96,True
47ae8d94a7d567ff,SAL LEBRE PCHURRASCO 1KG,2025-05-26 19:27:55,2025-05,08.189.400/0001-07,UN,1.0,2.19,2.19,True
2415fd92a3bfdbf5,DET.PO BRILHANTE LIMPEZA TOTAL. 4K BAG,2025-05-26 19:27:55,2025-05,08.189.400/0001-07,UN,1.0,64.99,64.99,True
9b80cee990f117b2,PANO SEK MICROFIBRA PVIDROS,2025-05-26 19:27:55,2025-05,08.189.400/0001-07,UN,1.0,19.99,19.99,True
953038d98024f459,SPRAY AGUA RABELO 45ML CROMA,2025-05-26 19:27:55,2025-05,08.189.400/0001-07,UN,1.0,15.99,355.33333333333337,True
e8c0ebdff8320ef4,DESODORANTE AEROSOL AXE MARINE 152ML90G,2025-05-26 19:27:55,2025-05,08.189.400/0001-07,UN,1.0,12.99,144.33333333333334,True
4d0f655b3826bb5a,PAPEL HIG.NEVE NEUTRO LV16 PG15 COMPACTO,2025-05-26 19:27:55,2025-05,08.189.400/0001-07,UN,1.0,26.99,26.99,True
0960b3055c229487,INSETICIDA SBP AERO LV MAIS PG MENOS 450ML ANTI AE,2025-05-26 19:27:55,2025-05,08.189.400/0001-07,UN,1.0,14.99,33.31111111111111,True
e83d755ccc6a28e3,TOALHA DE PAPEL SCALA BRANCO C3,2025-05-26 19:27:55,2025-05,08.189.400/0001-07,UN,1.0,15.99,15.99,True
6e6bfd1263ea7d07,AMACIANTE SONHO 5L MAGIC,2025-05-26 19:27:55,2025-05,08.189.400/0001-07,UN,1.0,31.69,6.338,True
9d600279dfe887ec,AGUA SANITARIA BRILUX 5L,2025-05-26 19:27:55,2025-05,08.189.400/0001-07,UN,1.0,15.39,3.0780000000000003,True
0a806ca0851a318e,COCA-COLA LT 350ML,2025-05-17 18:43:42,2025-05,06.289.452/0001-11,UND,2.0,7.0,20.0,True
48bc93fb997ec965,POLPETINI DE ORIGEM,2025-05-17 18:43:42,2025-05,06.289.452/0001-11,und,1.0,51.0,51.0,True
33689979c5e31791,POLPETAS NO MOLHO ALFREDO,2025-05-17 18:43:42,2025-05,06.289.452/0001-11,und,1.0,54.0,54.0,True
0dfbe6d49f2fe5a3,TAXA DE ENTREGA,2025-05-17 18:43:42,2025-05,06.289.452/0001-11,UND,1.0,16.0,16.0,True
3ecba50aecf46c1b,REFRI 1 LT IFOOD,2025-05-17 00:52:03,2025-05,35.128.392/0001-53,und,1.0,9.5,9.5,True
237fd4cac00fb60d,PIZZA GRANDE 8 FATIAS+REFRI 1,2025-05-17 00:52:03,2025-05,35.128.392/0001-53,und,1.0,70.5,70.5,True
136b0089b22f955b,TAXA DE ENTREGA,2025-05-17 00:52:03,2025-05,35.128.392/0001-53,UND,1.0,9.0,9.0,True
65cd300b11d2b563,AMBROXMEL AD 120ML,2025-05-13 21:33:34,2025-05,61.585.865/1821-60,UN,1.0,28.64,238.66666666666669,True
665ef1192ef369a1,PROLOPA HBS 125 30CAP,2025-05-13 21:33:34,2025-05,61.585.865/1821-60,UN,1.0,100.01,100.01,True
7961366c61049755,REACH FIO ESSENC 100,2025-05-13 21:33:34,2025-05,61.585.865/1821-60,UN,1.0,18.29,18.29,True
492aab44e000822d,BANANA PACOVAN KG,2025-05-05 21:03:55,2025-05,08.189.400/0001-07,KG,0.505,5.99,5.99,True
6a6a39671d571810,MANGA ROSA KG,2025-05-05 21:03:55,2025-05,08.189.400/0001-07,KG,2.085,7.99,7.99,True
492aab44e000822d,BANANA PACOVAN KG,2025-05-05 21:03:55,2025-05,08.189.400/0001-07,KG,1.63,5.99,5.99,True
794e2c6b38e867d7,MAMAO FORMOSA KG,2025-05-05 21:03:55,2025-05,08.189.400/0001-07,KG,1.955,8.69,8.69,True
9832e88156482776,MAMAO PAPAYA GOLDEN KG,2025-05-05 21:03:55,2025-05,08.189.400/0001-07,KG,0.725,9.99,9.99,True
0718cbba95677f8a,CASTANHA DE CAJU TORRADO CSAL KG,2025-05-05 21:03:55,2025-05,08.189.400/0001-07,KG,0.132,129.99,129.99,True
87eb3492c27a2622,REQUEIJAO ELEGE 200G CREMOSO COPO,2025-05-05 21:03:55,2025-05,08.189.400/0001-07,UN,1.0,9.49,47.45,True
79c5e503193af765,QUEIJO ILPLA COALHO NATURAL KG,2025-05-05 21:03:55,2025-05,08.189.400/0001-07,UN,0.326,50.99,50.99,True
79c5e503193af765,QUEIJO ILPLA COALHO NATURAL KG,2025-05-05 21:03:55,2025-05,08.189.400/0001-07,UN,0.35,50.99,50.99,True
1467036c46c2acee,BEBIDA LACTEA ISIS 900G MORANGO,2025-05-05 21:03:55,2025-05,08.189.400/0001-07,UN,1.0,6.29,6.988888888888889,True
4fb07401e544a01a,REQUEIJAO POCOS DE CALDAS 200G TRADICIONAL,2025-05-05 21:03:55,2025-05,08.189.400/0001-07,UN,1.0,9.99,49.95,True
3f60ca67740ecabe,CACAU EM PO NATURES 100G SACUCAR,2025-05-05 21:03:55,2025-05,08.189.400/0001-07,UN,1.0,4.99,49.9,True
531826c641994c00,PRESUNTO PERDIGAO COZIDO 200G FAT.VACUO,2025-05-05 21:03:55,2025-05,08.189.400/0001-07,UN,1.0,9.99,49.95,True
cabbbb549dcccf4e,PRESUNTO CRU RAR 80G INTERFOLHADO,2025-05-05 21:03:55,2025-05,08.189.400/0001-07,UN,3.0,21.59,269.875,True
3258375c368ebb11,LEITE FERMENTADO BETANIA DESN.850G ADOCADO,2025-05-05 21:03:55,2025-05,08.189.400/0001-07,UN,1.0,13.79,16.223529411764705,True
365d599f21746b1d,PRESUNTO SADIA PARMA FATIADO 100G,2025-05-05 21:03:55,2025-05,08.189.400/0001-07,UN,1.0,16.99,169.89999999999998,True
a7c599ca41bd8fba,OVOS AVINE GRANDE C20 OMEGA 3 VERMELHO,2025-05-05 21:03:55,2025-05,08.189.400/0001-07,UN,2.0,21.99,21.99,True
45b50e011004e52c,CHA DR.OETKER 10G CAMOMILA,2025-05-05 21:03:55,2025-05,08.189.400/0001-07,UN,1.0,4.59,459.0,True
a3fb098d70327257,CHA DR.OETKER 10G 6 ERVAS,2025-05-05 21:03:55,2025-05,08.189.400/0001-07,UN,1.0,4.59,459.0,True
458225dc7ab3e4f0,PAO BAUDUCO 390G FORMA INTEGRAL,2025-05-05 21:03:55,2025-05,08.189.400/0001-07,UN,1.0,11.99,30.743589743589745,True
23b6010ad1d0a4c8,GOMA DE TAPIOCA 1KG DOCE MEL,2025-05-05 21:03:55,2025-05,08.189.400/0001-07,UN,1.0,7.99,7.99,True
6ce51e6aed60bf9b,BISCOITO MARILAN CRACKER INTEGRAL 365GR,2025-05-05 21:03:55,2025-05,08.189.400/0001-07,UN,1.0,7.29,7.29,True
f0eb158569876d56,CHA MATTE LEAO 100G TRADICIONAL,2025-05-05 21:03:55,2025-05,08.189.400/0001-07,UN,1.0,7.59,75.89999999999999,True
790ad984b115250e,BISCOITO VITARELLA C.CRACKER TOSTADINHA 350G,2025-05-05 21:03:55,2025-05,08.189.400/0001-07,UN,1.0,4.89,13.971428571428572,True
de1ddecbf2d19197,PAO BAUDUCO 390G FORMA TRADICIONAL,2025-05-05 21:03:55,2025-05,08.189.400/0001-07,UN,1.0,9.29,23.820512820512818,True
63daa5ec5ea3fbe7,CAFE NESCAFE SOLUVEL 40G ORIGINAL EXT.FORTE SACHET,2025-05-05 21:03:55,2025-05,08.189.400/0001-07,UN,1.0,7.59,189.75,True
af4527db7c235d57,SABONETE PHEBO RAIZ DO ORIENTE 90G,2025-05-05 21:03:55,2025-05,08.189.400/0001-07,UN,1.0,4.98,55.33333333333334,True
fcfc5d804e5d7d04,DESODORANTE AEROSOL AXE URBAN 152ML90G ANTI-MARKS,2025-05-05 21:03:55,2025-05,08.189.400/0001-07,UN,1.0,12.99,144.33333333333334,True
9b51742774998dee,CAPSULA TRES NESPRESSO 50G INTENSO C10,2025-05-05 21:03:55,2025-05,08.189.400/0001-07,UN,1.0,18.99,379.8,True
6f4f6c08db836b95,CAPSULA TRES NESPRESSO 50G MOGIANA PAULISTA C10,2025-05-05 21:03:55,2025-05,08.189.400/0001-07,UN,1.0,18.99,379.8,True
e73d121ed6705401,CAPSULA TRES NESPRESSO 50G CERRADO MINEIRO C10,2025-05-05 21:03:55,2025-05,08.189.400/0001-07,UN,1.0,18.99,379.8,True
6f4f6c08db836b95,CAPSULA TRES NESPRESSO 50G MOGIANA PAULISTA C10,2025-05-05 21:03:55,2025-05,08.189.400/0001-07,UN,1.0,18.99,379.8,True
041d5a23bce3b94b,DESODORANTE AEROSOL REXONA MEN ANTIBAC.87G150ML,2025-05-05 21:03:55,2025-05,08.189.400/0001-07,UN,1.0,16.99,113.26666666666668,True
4fdba5d201e3f1b5,"SUCO NATURAL ONE INT. 1,5L UVA",2025-05-05 21:03:55,2025-05,08.189.400/0001-07,UN,1.0,27.89,18.593333333333334,True
c563037df451f45d,LEITE EM PO NESTLE NINHO 380G INTEGRAL 10 GRATIS,2025-05-05 21:03:55,2025-05,08.189.400/0001-07,UN,1.0,18.59,48.92105263157895,True
317a86d2ceb9311b,LEITE BETANIA 1L INTEGRAL TAMPA ROSCA,2025-05-05 21:03:55,2025-05,08.189.400/0001-07,UN,1.0,5.59,5.59,True
317a86d2ceb9311b,LEITE BETANIA 1L INTEGRAL TAMPA ROSCA,2025-05-05 21:03:55,2025-05,08.189.400/0001-07,UN,1.0,5.59,5.59,True
317a86d2ceb9311b,LEITE BETANIA 1L INTEGRAL TAMPA ROSCA,2025-05-05 21:03:55,2025-05,08.189.400/0001-07,UN,1.0,5.59,5.59,True
6f3affd220955752,"DESINFETANTE PINHO BRIL 1,75L PINHO SILVESTRE",2025-05-05 21:03:55,2025-05,08.189.400/0001-07,UN,1.0,16.39,9.365714285714288,True
0960b3055c229487,INSETICIDA SBP AERO LV MAIS PG MENOS 450ML ANTI AE,2025-05-05 21:03:55,2025-05,08.189.400/0001-07,UN,1.0,15.99,35.53333333333333,True
5f9229d8637d9f14,"AMACIANTE DOWNY CONCENTRADO 1,5L LIRIOS DO CAMPO",2025-05-05 21:03:55,2025-05,08.189.400/0001-07,UN,1.0,24.99,16.66,True
4fa2af39abdc7ca9,TAFF MAN-EX 110ML UND,2025-05-05 21:03:55,2025-05,08.189.400/0001-07,UN,1.0,5.99,54.45454545454545,True
aedfb10803c65111,AGUA MINERAL INDAIA 330ML CGAS,2025-05-05 21:03:55,2025-05,08.189.400/0001-07,UN,3.0,2.23,6.757575757575757,True
af4527db7c235d57,SABONETE PHEBO RAIZ DO ORIENTE 90G,2025-05-05 21:03:55,2025-05,08.189.400/0001-07,UN,2.0,4.98,55.33333333333334,True
5a44c097a6e02e1d,TOALHA DE PAPEL SCALA BRANCO F.DUPLA C2,2025-05-05 21:03:55,2025-05,08.189.400/0001-07,UN,1.0,4.99,4.99,True
274426f3aee34a99,BISCOITO PIRAQUE ROLADINHO 75G GOIABINHA,2025-05-05 21:03:55,2025-05,08.189.400/0001-07,UN,2.0,4.79,63.86666666666667,True
41dcee0c970ccb9c,PAPEL HIG.NEVE NEUTRO C12 30MT LV12 PG11 NEUTRO,2025-05-05 21:03:55,2025-05,08.189.400/0001-07,UN,1.0,23.79,23.79,True
74492162f11c4cba,REFRIGERANTE COCA-COLA 250ML PET,2025-05-05 21:03:55,2025-05,08.189.400/0001-07,UN,1.0,2.59,10.36,True
0effab0c38fa296d,PEIXE MANJUBA INTEIRO CONG 800G,2025-05-05 21:03:55,2025-05,08.189.400/0001-07,UN,1.0,20.99,26.2375,True
9250c2201813ee89,PEIXE SARDINHA CONG.LAJE 1KG,2025-05-05 21:03:55,2025-05,08.189.400/0001-07,UN,3.0,16.89,16.89,True
5ed0989fc367979b,COXA SADIA CONG.FRAGO 1KG IQF,2025-05-05 21:03:55,2025-05,08.189.400/0001-07,UN,1.0,15.89,15.89,True
978b7b2548bff29b,D1 PIZZA GRANDE,2025-05-03 21:42:16,2025-05,36.417.867/0001-94,und,1.0,76.0,76.0,True
978b7b2548bff29b,D1 PIZZA GRANDE,2025-05-03 21:42:16,2025-05,36.417.867/0001-94,und,1.0,87.9,87.9,True
4e7dd5979668750c,TAXA DE ENTREGA,2025-05-03 21:42:16,2025-05,36.417.867/0001-94,UND,1.0,22.0,22.0,True
4fa2af39abdc7ca9,TAFF MAN-EX 110ML UND,2025-04-23 20:43:42,2025-04,08.189.400/0001-07,UN,1.0,5.99,54.45454545454545,True
db70865cebd0d838,MAGIC TOAST MARILAN 110G ORIGINAL,2025-04-23 20:43:42,2025-04,08.189.400/0001-07,UN,1.0,6.69,60.81818181818182,True
db70865cebd0d838,MAGIC TOAST MARILAN 110G ORIGINAL,2025-04-23 20:43:42,2025-04,08.189.400/0001-07,UN,1.0,6.69,60.81818181818182,True
