standard_item_id,canonical_name,observation_date,year_month,merchant_cnpj,uom_com,qty_com,unit_price_com,comparable_price,is_comparable
0ab666e3c6b7ef72,DESODORANTE AER AXE BLACK 150ML/96G,2022-04-26 19:17:00,2022-04,08.414.996/0002-74,UN0001,1.0,11.99,79.93333333333334,True
2eb01dc742abc39e,AROMATIZANTE COALA ALGAS MARINHAS 120ML,2022-04-26 19:17:00,2022-04,08.414.996/0002-74,UN0001,1.0,13.9,115.83333333333334,True
94e156d2efc96a91,ODORIZADOR GEL ADESIVO PATO C FLRS 6 DSC,2022-04-26 19:17:00,2022-04,08.414.996/0002-74,UN0001,1.0,19.9,19.9,True
860b7f9487132e6f,ODORIZADOR GEL ADESIVO PATO C FRAM 6DSC,2022-04-26 19:17:00,2022-04,08.414.996/0002-74,UN0001,1.0,19.9,19.9,True
cfceb81dd9108abb,DESOD AER ABOVE INVISIBLE WOMEN 150ML,2022-04-26 19:17:00,2022-04,08.414.996/0002-74,UN0001,1.0,6.99,46.6,True
498c4059d1fbfd20,INSETICIDA AERO SBP CITRONELA 300+150ML,2022-04-26 19:17:00,2022-04,08.414.996/0002-74,UN0001,1.0,12.9,86.0,True
4a0e290b80eec633,JERIMUM LEITE KG,2022-04-26 19:17:00,2022-04,08.414.996/0002-74,KG0001,0.602,3.488372,3.488372,True
35f043c89b1f847e,COCO SECO UND,2022-04-26 19:17:00,2022-04,08.414.996/0002-74,UN0001,2.0,3.99,3.99,True
4a0e290b80eec633,JERIMUM LEITE KG,2022-04-26 19:17:00,2022-04,08.414.996/0002-74,KG0001,0.619,3.489499,3.489499,True
cdb44d3e3cf7dc02,PAPEL HIG SUPREMO NEVE 20M LV 12 P11,2022-04-26 19:17:00,2022-04,08.414.996/0002-74,UN0001,1.0,23.9,23.9,True
54a5dd01dfa466f1,BETERRABA KG,2022-04-26 19:17:00,2022-04,08.414.996/0002-74,KG0001,1.36,7.992647,7.992647,True
15cc93d448c3af58,BATATA DOCE ROXA KG,2022-04-26 19:17:00,2022-04,08.414.996/0002-74,KG0001,1.105,2.986425,2.986425,True
4a0e290b80eec633,JERIMUM LEITE KG,2022-04-26 19:17:00,2022-04,08.414.996/0002-74,KG0001,0.564,3.492908,3.492908,True
4a0e290b80eec633,JERIMUM LEITE KG,2022-04-26 19:17:00,2022-04,08.414.996/0002-74,KG0001,0.756,3.492063,3.492063,True
465c83e4db5b4ff0,REQUEIJAO CREM POLENGHI 200G TRADNAL,2022-04-26 19:17:00,2022-04,08.414.996/0002-74,UN0001,1.0,6.99,34.95,True
e2d61ed28e23fdf3,QUEIJO BRIE QUATA KG FORMA,2022-04-26 19:17:00,2022-04,08.414.996/0002-74,KG0001,0.142,99.929577,99.929577,True
e47d87a878bd514f,QUEIJO AZUL QUATA KG,2022-04-26 19:17:00,2022-04,08.414.996/0002-74,KG0001,0.158,69.873418,69.873418,True
7e9ab0fab542cabd,QUEIJO QUATA GOUDA KG,2022-04-26 19:17:00,2022-04,08.414.996/0002-74,KG0001,0.096,89.895833,89.895833,True
248bb8d3de4bed5b,REQUEIJAO CREM POLENGHI 200G CHEDDAR,2022-04-26 19:17:00,2022-04,08.414.996/0002-74,UN0001,1.0,6.99,34.95,True
fb225306d93784cd,QUEIJO MUSSARELA KG,2022-04-26 19:17:00,2022-04,08.414.996/0002-74,KG0001,0.508,34.980315,34.980315,True
ed5b52c178ca777f,QUEIJO COALHO SANTO EXPEDITO PECA KG,2022-04-26 19:17:00,2022-04,08.414.996/0002-74,KG0001,0.746,31.983914,31.983914,True
ff1b9b886aef7ba0,MANTEIGA DAVACA 200G C/SAL,2022-04-26 19:17:00,2022-04,08.414.996/0002-74,UN0001,1.0,9.99,49.95,True
c6e9f2d51d801d45,GELEIA CASA MADEIRA AMORA TRAD 240G,2022-04-26 19:17:00,2022-04,08.414.996/0002-74,UN0001,1.0,15.99,66.625,True
142f03e30c7a35e0,IOGURTE DANONE NATURAL DESNATADO 160G,2022-04-26 19:17:00,2022-04,08.414.996/0002-74,UN0001,1.0,3.19,19.9375,True
d466d6fe3aa359e6,VINHO CHI LOMA NEGRA 750ML SAUV BLANC,2022-04-26 19:17:00,2022-04,08.414.996/0002-74,UN0001,1.0,29.99,39.986666666666665,True
4eca002c946d0208,VINHO CHI LOMA NEGRA 750ML VIOGNER,2022-04-26 19:17:00,2022-04,08.414.996/0002-74,UN0001,1.0,29.99,39.986666666666665,True
33d1f92c1ba74087,COPA VITO BALDUCCI 80G,2022-04-26 19:17:00,2022-04,08.414.996/0002-74,UN0001,1.0,22.9,286.25,True
d43b595f145ca4ae,PRESUNTO COZ SADIA 200G FAT FINAS,2022-04-26 19:17:00,2022-04,08.414.996/0002-74,UN0001,1.0,10.99,54.95,True
f8b0fb3f3ef9dd29,MORTADELA DEF SADIA 200G FATIAS FINAS,2022-04-26 19:17:00,2022-04,08.414.996/0002-74,UN0001,1.0,7.49,37.45,True
142f03e30c7a35e0,IOGURTE DANONE NATURAL DESNATADO 160G,2022-04-26 19:17:00,2022-04,08.414.996/0002-74,UN0001,1.0,3.19,19.9375,True
3aedaa6f16664923,IOGURTE DANONE NATURAL 160G INTEGRAL,2022-04-26 19:17:00,2022-04,08.414.996/0002-74,UN0001,1.0,3.19,19.9375,True
78946b6b97b283b7,MOLHO PASSATA HEMMER 680G,2022-04-26 19:17:00,2022-04,08.414.996/0002-74,UN0001,1.0,11.99,17.63235294117647,True
a5cb9779885c72cd,LEITE FERM ACTIVIA 1000G AMEIXA,2022-04-26 19:17:00,2022-04,08.414.996/0002-74,UN0001,2.0,12.79,12.79,True
c6e9d361207f5825,SUCO ALIANCA GF 1L UVA,2022-04-26 19:17:00,2022-04,08.414.996/0002-74,UN0001,1.0,9.49,9.49,True
c6e9d361207f5825,SUCO ALIANCA GF 1L UVA,2022-04-26 19:17:00,2022-04,08.414.996/0002-74,UN0001,1.0,9.49,9.49,True
e98e47add90b79a7,BEBIDA LACT TODDYNHO TRAD 200ML,2022-04-26 19:17:00,2022-04,08.414.996/0002-74,UN0001,5.0,2.09,10.45,True
ca429fc31f41b62e,ALCAPARRAS MARIZA 100G,2022-04-26 19:17:00,2022-04,08.414.996/0002-74,UN0001,1.0,10.99,109.9,True
36b5583a0bc6c62a,PEPINO VALE FERTIL 300G,2022-04-26 19:17:00,2022-04,08.414.996/0002-74,UN0001,1.0,13.99,46.63333333333333,True
d8d92f4d1b269c9a,AZEITONA VERDE MANDO 350G S/CAROCO,2022-04-26 19:17:00,2022-04,08.414.996/0002-74,UN0001,1.0,10.99,31.4,True
9b4d479a89a8183b,BEBIDA ISOT GATORADE PT 500ML MORAN MARAC,2022-04-26 19:17:00,2022-04,08.414.996/0002-74,UN0001,2.0,3.99,7.98,True
141b74fe2c45035f,REFRIGERANTE PEPSI PET 200ML,2022-04-26 19:17:00,2022-04,08.414.996/0002-74,UN0001,2.0,1.29,6.45,True
110590cad9becd59,REFRIGERANTE COCA COLA PET 250ML,2022-04-26 19:17:00,2022-04,08.414.996/0002-74,UN0001,2.0,1.99,7.96,True
110590cad9becd59,REFRIGERANTE COCA COLA PET 250ML,2022-04-26 19:17:00,2022-04,08.414.996/0002-74,UN0001,1.0,1.99,7.96,True
1e2731878f79dc03,TORRADA BAUDUCCO INT 142G,2022-04-26 19:17:00,2022-04,08.414.996/0002-74,UN0001,1.0,5.99,42.1830985915493,True
6062a510fe9ccc76,AGUA TONICA ANTARCTIC DIET LT 350ML,2022-04-26 19:17:00,2022-04,08.414.996/0002-74,UN0001,2.0,2.99,8.542857142857144,True
e9b5279dcd257afe,PAO DE AVEIA LIGHT PAO DE MEL 350G,2022-04-26 19:17:00,2022-04,08.414.996/0002-74,UN0001,1.0,6.99,19.97142857142857,True
222ae3b64795b1a3,TORRADA BAUDUCCO 142G MULTIGRAOS,2022-04-26 19:17:00,2022-04,08.414.996/0002-74,UN0001,1.0,5.99,42.1830985915493,True
f7891c4788f78f43,BISCOITO C CRACKER VITARELLA 350G AGUA SAL,2022-04-26 19:17:00,2022-04,08.414.996/0002-74,UN0001,1.0,5.89,16.82857142857143,True
5e862826a7204455,BISCOITO MAIZENA VITARELA 350G TRAD,2022-04-26 19:17:00,2022-04,08.414.996/0002-74,UN0001,1.0,6.29,17.97142857142857,True
1477e27a00d1d88a,AGUA TONICA SCHWEPPES LT 350ML S/ACUCAR,2022-04-26 19:17:00,2022-04,08.414.996/0002-74,UN0001,1.0,3.09,8.82857142857143,True
f018365703bae651,CHA GENGIBRE/LIMAO MARATA 20G,2022-04-26 19:17:00,2022-04,08.414.996/0002-74,UN0001,1.0,3.99,199.5,True
96b19e1f2b81d836,CHA CIDREIRA MARATA 10G,2022-04-26 19:17:00,2022-04,08.414.996/0002-74,UN0001,1.0,3.29,329.0,True
5946ed3bf7841e46,CHA MACA/CRA/CAN MARATA 20G,2022-04-26 19:17:00,2022-04,08.414.996/0002-74,UN0001,1.0,3.99,199.5,True
1ac69bede5837c93,CAFE ALMOF SANTA CLARA 250G,2022-04-26 19:17:00,2022-04,08.414.996/0002-74,UN0001,1.0,8.49,33.96,True
f214ec5fd8e81685,CEREAL SAO BRAZ GOLD FLAKES 200G,2022-04-26 19:17:00,2022-04,08.414.996/0002-74,UN0001,1.0,8.99,44.95,True
4ac4ef0db55d0c3e,CHA MAGUARY TP 1L VERDE LIMAO,2022-04-26 19:17:00,2022-04,08.414.996/0002-74,UN0001,1.0,5.99,5.99,True
222bbf7f5b97391b,LEITE UHT PIRACANJUBA DESN C/T 1L,2022-04-26 19:17:00,2022-04,08.414.996/0002-74,UN0001,1.0,6.59,6.59,True
37faa08737e97297,LEITE UHT PIRACANJUBA INTEGRAL C/T 1L,2022-04-26 19:17:00,2022-04,08.414.996/0002-74,UN0001,1.0,5.99,5.99,True
ff22ad87c2f44c20,AVEIA QUAKER FLOCOS FINOS 165G,2022-04-26 19:17:00,2022-04,08.414.996/0002-74,UN0001,1.0,3.99,24.181818181818183,True
73930e115ef7753d,SPAGHETTI COM POLPETAS,2022-04-26 12:39:18,2022-04,06.289.452/0001-11,und,1.0,49.0,49.0,True
0dfbe6d49f2fe5a3,TAXA DE ENTREGA,2022-04-26 12:39:18,2022-04,06.289.452/0001-11,UND,1.0,14.0,14.0,True
72a3b5608a7fe5ec,ISO SUPERPOCKET02500X1980X1580,2022-04-25 13:37:24,2022-04,26.473.126/0001-77,UNID,1.0,1360.0,1360.0,True
b63fe98817c00025,BOX BLACK 0158X198X31,2022-04-25 13:37:24,2022-04,26.473.126/0001-77,UN,1.0,640.0,640.0,True
6d0349f36e1c9ef1,TRAV PERCAL 200 FIOS PLUS02500X0700X0500,2022-04-25 13:37:24,2022-04,26.473.126/0001-77,UNID,2.0,60.0,60.0,True
8c891c867429434c,TRAVESSEIRO NUVEM,2022-04-25 13:37:24,2022-04,26.473.126/0001-77,UNID,2.0,60.0,60.0,True
b7224193bc2b6558,POLPETINES DE ORIG MOL PELATTI,2022-04-19 12:45:24,2022-04,06.289.452/0001-11,und,1.0,38.0,38.0,True
80901b7751b981ae,PARPADELLE AL RAGU OSSOBUCO,2022-04-19 12:45:24,2022-04,06.289.452/0001-11,und,1.0,53.0,53.0,True
2d7d67a33acde698,COCA-COLA ZERO LT 350ML,2022-04-19 12:45:24,2022-04,06.289.452/0001-11,UND,1.0,6.0,17.142857142857142,True
0dfbe6d49f2fe5a3,TAXA DE ENTREGA,2022-04-19 12:45:24,2022-04,06.289.452/0001-11,UND,1.0,14.0,14.0,True
efac5111fd92bb28,REFRIGERANTE 1 LITRO,2022-04-05 22:04:40,2022-04,21.346.387/0001-02,und,1.0,9.0,9.0,True
685cc8f607bd8460,KOMBO 2 PIZZAS,2022-04-05 22:04:40,2022-04,21.346.387/0001-02,und,1.0,64.9,64.9,True
ea9e0d0fb7353c3c,TAXA DE ENTREGA,2022-04-05 22:04:40,2022-04,21.346.387/0001-02,und,1.0,11.0,11.0,True
6913c7823b4fa697,PAUNOMITO,2022-03-30 22:03:06,2022-03,21.346.387/0001-02,und,1.0,43.0,43.0,True
ea9e0d0fb7353c3c,TAXA DE ENTREGA,2022-03-30 22:03:06,2022-03,21.346.387/0001-02,und,1.0,9.8,9.8,True
7e25ae86cb886de8,"FURADEIRA 3/8"" FIV595 VONDER 6001595220",2022-03-30 13:25:15,2022-03,09.392.341/0011-04,UN,1.0,239.0,239.0,True
5819b8bce3c0c546,SUPORTE P/PRATEL. CANTONEIRA CZ 10X12'' 08173.004,2022-03-30 13:25:15,2022-03,09.392.341/0011-04,UN,2.0,9.9,9.9,True
5819b8bce3c0c546,SUPORTE P/PRATEL. CANTONEIRA CZ 10X12'' 08173.004,2022-03-30 13:25:15,2022-03,09.392.341/0011-04,UN,4.0,9.9,9.9,True
bf72e2e3d6dd903f,FITA SILVER TAPE 45MMX25MTS CINZA 3M HB004557920,2022-03-30 13:25:15,2022-03,09.392.341/0011-04,UN,1.0,40.4,40.4,True
c8aea38782472e5d,FITA FIXA FORTE EXTREME SCOTCH24MMX2M 3M HB004492250,2022-03-30 13:25:15,2022-03,09.392.341/0011-04,UN,1.0,29.9,29.9,True
c9acd5ab293a44e1,"TRINCHA 3"" CABO DE PVC MAD 395/7 ATLAS 395/7 ATLAS",2022-03-30 13:25:15,2022-03,09.392.341/0011-04,UN,1.0,10.9,10.9,True
54ea081f1b089660,SPRAY WD-40 300ML 912069/EMB12,2022-03-30 13:25:15,2022-03,09.392.341/0011-04,UN,1.0,32.9,109.66666666666669,True
9193b09f24cca09a,LUMINARIA DE LED P/MESA PL 4W PT LLUM XHN107PT,2022-03-30 13:25:15,2022-03,09.392.341/0011-04,UN,1.0,79.9,79.9,True
f0644496526e279e,ARAME GALV. P/AMARRACAO N16 C/1KG VONDER 7491016000,2022-03-30 13:25:15,2022-03,09.392.341/0011-04,KG,1.0,28.9,28.9,True
977e49d9dd20c954,PREGO C/CABECA 1 X 15 18760,2022-03-30 13:25:15,2022-03,09.392.341/0011-04,KG,1.0,26.9,26.9,True
387203e6df4b5175,KIT PRATICO UNIVERSAL 05MM BEMFIXA 3760,2022-03-30 13:25:15,2022-03,09.392.341/0011-04,UN,1.0,21.4,21.4,True
387203e6df4b5175,KIT PRATICO UNIVERSAL 05MM BEMFIXA 3760,2022-03-30 13:25:15,2022-03,09.392.341/0011-04,UN,1.0,21.4,21.4,True
0eb697996c6e868d,PARAFUSO C/BUCHA NYLON 06MM CPA SC 3112,2022-03-30 13:25:15,2022-03,09.392.341/0011-04,UN,3.0,17.6,17.6,True
5a02b69742ab0b72,"ABRACADEIRA AMARELA 200X4,8 C/100 FRONTE F7023UVAM100",2022-03-30 13:25:15,2022-03,09.392.341/0011-04,UN,1.0,20.9,20.9,True
457f23480ad4be58,"ABRACADEIRA INCOLOR 151X3,65 C/100 FRONT F7015NYNA100",2022-03-30 13:25:15,2022-03,09.392.341/0011-04,UN,1.0,10.9,10.9,True
fb0466a45eff479a,SILICONE INCOLOR 50G ORBIVED 5542,2022-03-30 13:25:15,2022-03,09.392.341/0011-04,UN,1.0,6.9,138.0,True
fb0466a45eff479a,SILICONE INCOLOR 50G ORBIVED 5542,2022-03-30 13:25:15,2022-03,09.392.341/0011-04,UN,1.0,6.9,138.0,True
a8c3319122cc4c66,KIT PRATICO 06MM BEMFIXA 3372,2022-03-30 13:25:15,2022-03,09.392.341/0011-04,UN,1.0,17.6,17.6,True
6a5ec5fd025d8ff1,EXTENSAO TRIP 5 TOM 10MT 10A PT FORCELIN 0180200098,2022-03-30 13:25:15,2022-03,09.392.341/0011-04,UN,1.0,59.9,59.9,True
5233e319b17acfd9,LIXA MASSA/MADEIRA 180 ATLAS 10/180 ATLA,2022-03-30 13:25:15,2022-03,09.392.341/0011-04,UN,10.0,0.9,0.9,True
7614014816e2bd6a,MOUSSE DE CHOCOLATE,2022-03-25 13:34:14,2022-03,21.346.387/0001-02,und,2.0,9.0,9.0,True
ea9e0d0fb7353c3c,TAXA DE ENTREGA,2022-03-25 13:34:14,2022-03,21.346.387/0001-02,und,1.0,9.8,9.8,True
4b886585f451493d,SALVA DE PARMAS,2022-03-13 21:29:53,2022-03,21.346.387/0001-02,und,1.0,52.0,52.0,True
ea9e0d0fb7353c3c,TAXA DE ENTREGA,2022-03-13 21:29:53,2022-03,21.346.387/0001-02,und,1.0,9.8,9.8,True
4b886585f451493d,SALVA DE PARMAS,2022-03-08 21:06:07,2022-03,21.346.387/0001-02,und,1.0,52.0,52.0,True
6b3c02a1ec43df6b,REFRIGERANTE LATA,2022-03-08 21:06:07,2022-03,21.346.387/0001-02,und,1.0,5.5,5.5,True
ea9e0d0fb7353c3c,TAXA DE ENTREGA,2022-03-08 21:06:07,2022-03,21.346.387/0001-02,und,1.0,9.8,9.8,True
f6793325e8274069,PA DE BICO C/CABO 77459/434 TRAMONTINA 77459/434,2022-03-07 12:34:33,2022-03,19.334.181/0001-10,UN,1.0,39.9,39.9,True
2cd2b1aa4a086bce,"CABO DE ACO GALVANIZADO 4,8 3/16 6X7 3522048607",2022-03-07 12:34:33,2022-03,19.334.181/0001-10,MT,35.0,6.9,6.9,True
2cd2b1aa4a086bce,"CABO DE ACO GALVANIZADO 4,8 3/16 6X7 3522048607",2022-03-07 12:34:33,2022-03,19.334.181/0001-10,MT,33.0,6.9,6.9,True
e926b3ecc5250a32,GRAMPO GALVANIZADO P/CERCA 9X1 018671,2022-03-07 12:34:33,2022-03,19.334.181/0001-10,KG,1.0,26.2,26.2,True
fa157be0d22c1dca,FOLHETTA,2022-03-03 23:01:47,2022-03,26.827.746/0001-67,und,1.0,8.0,8.0,True
1d2aea60982cafd0,MASSA FETTA GRANDE,2022-03-03 23:01:47,2022-03,26.827.746/0001-67,und,1.0,59.5,59.5,True
4c0ea1a5eeb44272,TAXA ENTREGA,2022-03-03 23:01:47,2022-03,26.827.746/0001-67,und,1.0,11.0,11.0,True
166b5e8f901c63bc,STROGONOFF DE SHIMEJI (VEG),2022-02-28 14:22:41,2022-02,21.346.387/0001-02,und,1.0,35.0,35.0,True
7614014816e2bd6a,MOUSSE DE CHOCOLATE,2022-02-28 14:22:41,2022-02,21.346.387/0001-02,und,2.0,9.0,9.0,True
efac5111fd92bb28,REFRIGERANTE 1 LITRO,2022-02-28 14:22:41,2022-02,21.346.387/0001-02,und,1.0,9.0,9.0,True
ea9e0d0fb7353c3c,TAXA DE ENTREGA,2022-02-28 14:22:41,2022-02,21.346.387/0001-02,und,1.0,9.8,9.8,True
8c9b486c15b51f23,TUDO DE BACON,2022-02-27 21:40:30,2022-02,21.346.387/0001-02,und,1.0,48.0,48.0,True
ea9e0d0fb7353c3c,TAXA DE ENTREGA,2022-02-27 21:40:30,2022-02,21.346.387/0001-02,und,1.0,9.8,9.8,True
8c9b486c15b51f23,TUDO DE BACON,2022-02-23 21:27:21,2022-02,21.346.387/0001-02,und,1.0,48.0,48.0,True
ea9e0d0fb7353c3c,TAXA DE ENTREGA,2022-02-23 21:27:21,2022-02,21.346.387/0001-02,und,1.0,9.8,9.8,True
d49d6554bfe26361,PROMOCAO FETTASTICA,2022-02-13 21:53:27,2022-02,26.827.746/0001-67,und,1.0,74.0,74.0,True
4c0ea1a5eeb44272,TAXA ENTREGA,2022-02-13 21:53:27,2022-02,26.827.746/0001-67,und,1.0,11.0,11.0,True
e0a0b522583e3ac2,CERVEJA HEINEKEN LATA 350ML,2022-01-27 19:23:16,2022-01,08.189.400/0001-07,CX,1.0,52.68,150.51428571428573,True
4ab70865611936ad,BETERRABA KG,2022-01-27 19:23:16,2022-01,08.189.400/0001-07,UN,2.785,6.19,6.19,True
cad1bfb332ca89e8,CENOURA KG,2022-01-27 19:23:16,2022-01,08.189.400/0001-07,KG,1.675,7.49,7.49,True
a01554d386fa90ab,RABANETE HSV ORGANICA UN,2022-01-27 19:23:16,2022-01,08.189.400/0001-07,UN,1.0,2.39,2.39,True
fc1e3b4498a58d4c,LIMAO TAITI KG,2022-01-27 19:23:16,2022-01,08.189.400/0001-07,KG,1.305,3.49,3.49,True
e6270bbe6e8f5c65,COXA CSOBRECOXA BOM TODO 1KG BDJ,2022-01-27 19:23:16,2022-01,08.189.400/0001-07,UN,1.0,9.99,9.99,True
e912203a96f0e2c7,BIFE DE FIGADO KG,2022-01-27 19:23:16,2022-01,08.189.400/0001-07,UN,0.924,16.98,16.98,True
e6270bbe6e8f5c65,COXA CSOBRECOXA BOM TODO 1KG BDJ,2022-01-27 19:23:16,2022-01,08.189.400/0001-07,UN,1.0,9.99,9.99,True
ce4a1e00f0069073,PAO DE QUEIJO FORNO MINAS 400G REC CASEIRA SGLUTE,2022-01-27 19:23:16,2022-01,08.189.400/0001-07,UN,1.0,21.48,53.7,True
232958f27266dae5,PAO DE QUEIJO FORNO MINAS 400G TRADICIONAL,2022-01-27 19:23:16,2022-01,08.189.400/0001-07,UN,1.0,12.63,31.575,True
232958f27266dae5,PAO DE QUEIJO FORNO MINAS 400G TRADICIONAL,2022-01-27 19:23:16,2022-01,08.189.400/0001-07,UN,1.0,12.63,31.575,True
e6270bbe6e8f5c65,COXA CSOBRECOXA BOM TODO 1KG BDJ,2022-01-27 19:23:16,2022-01,08.189.400/0001-07,UN,1.0,9.99,9.99,True
6a6a39671d571810,MANGA ROSA KG,2022-01-27 19:23:16,2022-01,08.189.400/0001-07,KG,0.63,5.64,5.64,True
2ea3214b916cbcbd,BATATA DOCE ROSADA KG,2022-01-27 19:23:16,2022-01,08.189.400/0001-07,UN,1.67,3.69,3.69,True
acb0ef7818aba206,QUEIJO ILPLA COALHO KG,2022-01-27 19:23:16,2022-01,08.189.400/0001-07,UN,0.402,41.4,41.4,True
0218553a38b64ba9,QJO.BELLA ITALIA GORGONZOLA KG,2022-01-27 19:23:16,2022-01,08.189.400/0001-07,UN,0.21,67.53,67.53,True
4af0f6dc0eb01d6d,QJO.BELLA ITALIA GOUDA KG,2022-01-27 19:23:16,2022-01,08.189.400/0001-07,UN,0.216,71.9,71.9,True
5f7beee1f518fe1a,MORT.PERDIGAO BOLOGNA OURO DEF.KG,2022-01-27 19:23:16,2022-01,08.189.400/0001-07,KG,0.546,29.98,29.98,True
17f7c3a89330a9a5,QJO.TIROLEZ GRUYERE KG,2022-01-27 19:23:16,2022-01,08.189.400/0001-07,UN,0.17,98.9,98.9,True
6451208258576a08,QJO.TIROLEZ CAMEMBERT 125G CARTUCHO,2022-01-27 19:23:16,2022-01,08.189.400/0001-07,UN,1.0,17.99,143.92,True
43ee4ea2ef44efca,QJO.PRESIDENT 125G PETIT BRIE,2022-01-27 19:23:16,2022-01,08.189.400/0001-07,UN,1.0,22.39,179.12,True
b3ad7e82de3ce147,LTE.FERM.YAKULT 480G,2022-01-27 19:23:16,2022-01,08.189.400/0001-07,UN,2.0,10.99,22.895833333333336,True
b74bf5691dde1071,AZEITONA VALE FERTIL 200G PICUAL,2022-01-27 19:23:16,2022-01,08.189.400/0001-07,UN,1.0,8.68,43.4,True
b74bf5691dde1071,AZEITONA VALE FERTIL 200G PICUAL,2022-01-27 19:23:16,2022-01,08.189.400/0001-07,UN,1.0,8.68,43.4,True
710ce9b0f29ff191,MOLHO DE TOMATE MASTROIANI 680G PASSATA VIDRO,2022-01-27 19:23:16,2022-01,08.189.400/0001-07,UN,1.0,15.03,22.102941176470587,True
e3daab9d7ea80cef,PEPINO VALE FERTIL 300G SACHE,2022-01-27 19:23:16,2022-01,08.189.400/0001-07,UN,1.0,8.64,28.800000000000004,True
e3daab9d7ea80cef,PEPINO VALE FERTIL 300G SACHE,2022-01-27 19:23:16,2022-01,08.189.400/0001-07,UN,1.0,8.64,28.800000000000004,True
6338b7e9859ce28d,PAPEL HIG.NEVE NEUTRO FD LV12 PG11,2022-01-27 19:23:16,2022-01,08.189.400/0001-07,UN,1.0,19.98,19.98,True
367de03cc8aec807,"BISC.NESTLE KIT KAT 41,5G GOLD LIMITED EDITION",2022-01-27 19:23:16,2022-01,08.189.400/0001-07,UN,2.0,3.21,77.34939759036143,True
b5e428a1fab7356b,"BISC.NESTLE KIT KAT 41,5G DARK",2022-01-27 19:23:16,2022-01,08.189.400/0001-07,UN,2.0,3.21,77.34939759036143,True
2d801f35a808f81b,"BISC.NESTLE KIT KAT 41,5G AO LEITE",2022-01-27 19:23:16,2022-01,08.189.400/0001-07,UN,4.0,3.21,77.34939759036143,True
367de03cc8aec807,"BISC.NESTLE KIT KAT 41,5G GOLD LIMITED EDITION",2022-01-27 19:23:16,2022-01,08.189.400/0001-07,UN,1.0,3.21,77.34939759036143,True
b6db22062cabf09f,PACOQUINHA DE AMENDOIM STA.HELENA 210G,2022-01-27 19:23:16,2022-01,08.189.400/0001-07,UN,1.0,9.25,44.04761904761905,True
884de06b806f4910,LEITE CONDENSADO NESTLE MOCA 395G INTEGRAL LATA A,2022-01-27 19:23:16,2022-01,08.189.400/0001-07,UN,1.0,6.68,16.91139240506329,True
884de06b806f4910,LEITE CONDENSADO NESTLE MOCA 395G INTEGRAL LATA A,2022-01-27 19:23:16,2022-01,08.189.400/0001-07,UN,1.0,6.68,16.91139240506329,True
aa03edcb50940312,VINAGRE MINHOTO 750ML ALCOOL,2022-01-27 19:23:16,2022-01,08.189.400/0001-07,UN,1.0,4.09,5.453333333333333,True
8476b8553b2915b8,VINAGRE MINHOTO 500ML MACA,2022-01-27 19:23:16,2022-01,08.189.400/0001-07,UN,1.0,5.83,11.66,True
a5c8a2d1643e939c,MOLHO AJI-NO-SHOYO 150ML,2022-01-27 19:23:16,2022-01,08.189.400/0001-07,UN,1.0,2.29,15.266666666666667,True
8e9ca6551811351b,MOLHO INGLES KENKO 150ML,2022-01-27 19:23:16,2022-01,08.189.400/0001-07,UN,1.0,3.1,20.666666666666668,True
6c31ce625dc4ccf0,CAFE SANTA CLARA 250G CLASSICO ALMOFADA,2022-01-27 19:23:16,2022-01,08.189.400/0001-07,UN,1.0,7.49,29.96,True
f1b8d7ae051380d7,CAPSULA TRES 110G CAPUCCINO AVELA C10,2022-01-27 19:23:16,2022-01,08.189.400/0001-07,UN,1.0,18.89,171.72727272727272,True
85a13034e0a9ec4a,CAPSULA TRES 80G REGIOES MUNDO ETIOPIA,2022-01-27 19:23:16,2022-01,08.189.400/0001-07,UN,1.0,18.89,236.125,True
02b6c4d997149494,CAPSULA TRES 80G CAFE ESPRESSO VIBRANTE C10,2022-01-27 19:23:16,2022-01,08.189.400/0001-07,UN,1.0,18.89,236.125,True
5f87347fb2ab03aa,CAPSULA TRES 80G RITUAIS CERRADO MINEIRO,2022-01-27 19:23:16,2022-01,08.189.400/0001-07,UN,1.0,18.89,236.125,True
2c1e4eef3aa9d7e8,CAPSULA TRES 80G CAFE ESPRESSO ATENO C10,2022-01-27 19:23:16,2022-01,08.189.400/0001-07,UN,1.0,18.89,236.125,True
2c1e4eef3aa9d7e8,CAPSULA TRES 80G CAFE ESPRESSO ATENO C10,2022-01-27 19:23:16,2022-01,08.189.400/0001-07,UN,1.0,18.89,236.125,True
f835fdcba8d2c2e5,SALG.FANDANGOS 45G PRESUNTO,2022-01-27 19:23:16,2022-01,08.189.400/0001-07,UN,1.0,2.34,52.0,True
ca03c0ccaf0b1000,SALG.FANDANGOS 45G QUEIJO,2022-01-27 19:23:16,2022-01,08.189.400/0001-07,UN,1.0,2.34,52.0,True
f835fdcba8d2c2e5,SALG.FANDANGOS 45G PRESUNTO,2022-01-27 19:23:16,2022-01,08.189.400/0001-07,UN,1.0,2.34,52.0,True
ede1226d80301690,SALG.DORITOS 84G QUEIJO NACHO,2022-01-27 19:23:16,2022-01,08.189.400/0001-07,UN,1.0,6.62,78.80952380952381,True
6dfe9fbd923ea1a9,SALG.BACONZITOS 55G,2022-01-27 19:23:16,2022-01,08.189.400/0001-07,UN,1.0,5.32,96.72727272727272,True
f2af01346ad76997,ESPONJA PBANHO BETTANIN RELAX REF 460,2022-01-27 19:23:16,2022-01,08.189.400/0001-07,UN,1.0,10.98,10.98,True
7bc9d7ae05a2e862,ESC.DENTAL COLGATE EXTRA CLEAN LV3 PG2,2022-01-27 19:23:16,2022-01,08.189.400/0001-07,UN,1.0,16.98,16.98,True
4aa367b03d0196ee,"PAPEL ALUMINIO TERMICA 30CMX 7,5",2022-01-27 19:23:16,2022-01,08.189.400/0001-07,UN,1.0,4.69,4.69,True
1d7dd8708c112eaf,LAVA ROUPAS INVICTO PO 1KG LAVANDA,2022-01-27 19:23:16,2022-01,08.189.400/0001-07,UN,1.0,7.97,7.97,True
5d9891166bc2328d,TALCO PPES BARLA 140G,2022-01-27 19:23:16,2022-01,08.189.400/0001-07,UN,1.0,5.96,42.57142857142857,True
b835eb5cd56dd10f,"AMAC.FOFO 1,8LT  AZUL TRADICIONAL",2022-01-27 19:23:16,2022-01,08.189.400/0001-07,UN,1.0,10.56,10.56,True
2c8b005b1bb391a0,DET.LIQ.BRILUX 500ML NEUTRO,2022-01-27 19:23:16,2022-01,08.189.400/0001-07,UN,1.0,1.98,3.96,True
2c8b005b1bb391a0,DET.LIQ.BRILUX 500ML NEUTRO,2022-01-27 19:23:16,2022-01,08.189.400/0001-07,UN,1.0,1.98,3.96,True
a84a481638e83fcd,SABONETE PHEBO ODOR ROSAS AMAR. 90G,2022-01-27 19:23:16,2022-01,08.189.400/0001-07,UN,1.0,3.87,43.0,True
f49d09ae29810be6,SABONETE PHEBO AMAZONIAN VDE.ESC. 90G,2022-01-27 19:23:16,2022-01,08.189.400/0001-07,UN,1.0,3.87,43.0,True
a290367204796967,SABONETE LAFLORE 180G FLOR DE VANILA,2022-01-27 19:23:16,2022-01,08.189.400/0001-07,UN,1.0,4.98,27.66666666666667,True
f49d09ae29810be6,SABONETE PHEBO AMAZONIAN VDE.ESC. 90G,2022-01-27 19:23:16,2022-01,08.189.400/0001-07,UN,1.0,3.87,43.0,True
c5d8f21bfebd94f6,"BOMBOM FERRERO ROCHER 37,5G T3",2022-01-27 19:23:16,2022-01,08.189.400/0001-07,UN,2.0,6.96,185.6,True
d1ae27553be58d3c,SABONETE PHEBO TOQ.LAVANDA ROXO 90G,2022-01-27 19:23:16,2022-01,08.189.400/0001-07,UN,1.0,3.87,43.0,True
689a700e8c992b80,ESPONJA CONDOR ANTIBAC MULTIUSO LV4PG3 REF1539,2022-01-27 19:23:16,2022-01,08.189.400/0001-07,UN,1.0,3.99,3.99,True
9d600279dfe887ec,AGUA SANITARIA BRILUX 5L,2022-01-27 19:23:16,2022-01,08.189.400/0001-07,UN,1.0,14.35,2.87,True
aea334428ea62d24,SABONETE NIVEA MEN 90G 3 EM 1 SENSITIVE,2022-01-27 19:23:16,2022-01,08.189.400/0001-07,UN,1.0,3.48,38.66666666666667,True
95de0ab2305245d7,SABONETE PHEBO FRESC.DA MANHA AZ. 90G,2022-01-27 19:23:16,2022-01,08.189.400/0001-07,UN,1.0,3.87,43.0,True
d1ae27553be58d3c,SABONETE PHEBO TOQ.LAVANDA ROXO 90G,2022-01-27 19:23:16,2022-01,08.189.400/0001-07,UN,1.0,3.87,43.0,True
e8c0ebdff8320ef4,DESODORANTE AEROSOL AXE MARINE 152ML90G,2022-01-27 19:23:16,2022-01,08.189.400/0001-07,UN,1.0,9.98,110.8888888888889,True
6a5859e48a34be4a,DESOD.AERO.NIVEA MEN SILVER PROTECT 150ML93G,2022-01-27 19:23:16,2022-01,08.189.400/0001-07,UN,1.0,10.19,109.56989247311829,True
187312c170c17712,DESOD.AERO.NIVEA MEN STRESS PROTECT 150ML91G,2022-01-27 19:23:16,2022-01,08.189.400/0001-07,UN,1.0,10.19,111.97802197802196,True
fcfc5d804e5d7d04,DESODORANTE AEROSOL AXE URBAN 152ML90G ANTI-MARKS,2022-01-27 19:23:16,2022-01,08.189.400/0001-07,UN,1.0,9.98,110.8888888888889,True
278b4dc17f56dafe,REFRIG.GUARANA ANTARCTICA 200ML PET,2022-01-27 19:23:16,2022-01,08.189.400/0001-07,UN,1.0,1.17,5.85,True
e8c0ebdff8320ef4,DESODORANTE AEROSOL AXE MARINE 152ML90G,2022-01-27 19:23:16,2022-01,08.189.400/0001-07,UN,1.0,9.98,110.8888888888889,True
07d522a98a234a68,DESOD.ROLL ON REXONA COMPACT BAMBOOALOE VERA 30ML,2022-01-27 19:23:16,2022-01,08.189.400/0001-07,UN,1.0,5.46,182.0,True
bfdcd574566daefc,DESOD.ROLL ON REXONA MEN V8 30ML,2022-01-27 19:23:16,2022-01,08.189.400/0001-07,UN,1.0,5.46,182.0,True
6fe8f7c6d4ddafba,AGUA TONICA ANTARCTICA 269ML ZERO ACUCAR,2022-01-27 19:23:16,2022-01,08.189.400/0001-07,UN,1.0,2.57,9.553903345724908,True
cda417c76cafaf05,ALCOOL SANTA CRUZ 70INPM 1L,2022-01-27 19:23:16,2022-01,08.189.400/0001-07,UN,1.0,9.98,9.98,True
278b4dc17f56dafe,REFRIG.GUARANA ANTARCTICA 200ML PET,2022-01-27 19:23:16,2022-01,08.189.400/0001-07,UN,1.0,1.17,5.85,True
a0ab7af6ec064cf0,REFRIG.PEPSI 200ML COLA PET,2022-01-27 19:23:16,2022-01,08.189.400/0001-07,UN,1.0,1.17,5.85,True
fcfc5d804e5d7d04,DESODORANTE AEROSOL AXE URBAN 152ML90G ANTI-MARKS,2022-01-27 19:23:16,2022-01,08.189.400/0001-07,UN,1.0,9.98,110.8888888888889,True
a0ab7af6ec064cf0,REFRIG.PEPSI 200ML COLA PET,2022-01-27 19:23:16,2022-01,08.189.400/0001-07,UN,1.0,1.17,5.85,True
a0ab7af6ec064cf0,REFRIG.PEPSI 200ML COLA PET,2022-01-27 19:23:16,2022-01,08.189.400/0001-07,UN,1.0,1.17,5.85,True
a0ab7af6ec064cf0,REFRIG.PEPSI 200ML COLA PET,2022-01-27 19:23:16,2022-01,08.189.400/0001-07,UN,1.0,1.17,5.85,True
6fe8f7c6d4ddafba,AGUA TONICA ANTARCTICA 269ML ZERO ACUCAR,2022-01-27 19:23:16,2022-01,08.189.400/0001-07,UN,1.0,2.57,9.553903345724908,True
c5d8f21bfebd94f6,"BOMBOM FERRERO ROCHER 37,5G T3",2022-01-27 19:23:16,2022-01,08.189.400/0001-07,UN,1.0,6.96,185.6,True
7614014816e2bd6a,MOUSSE DE CHOCOLATE,2022-01-25 13:54:43,2022-01,21.346.387/0001-02,und,2.0,8.0,8.0,True
efac5111fd92bb28,REFRIGERANTE 1 LITRO,2022-01-25 13:54:43,2022-01,21.346.387/0001-02,und,1.0,9.0,9.0,True
dd1978c0d976bd3d,PEIXE A FIORI,2022-01-25 13:54:43,2022-01,21.346.387/0001-02,und,1.0,29.99,29.99,True
ea9e0d0fb7353c3c,TAXA DE ENTREGA,2022-01-25 13:54:43,2022-01,21.346.387/0001-02,und,1.0,9.8,9.8,True
813ad439458ef619,FETUCCINE DE GRANO DURO 3 P,2022-01-21 19:08:05,2022-01,06.289.452/0001-11,und,1.0,88.0,88.0,True
0dfbe6d49f2fe5a3,TAXA DE ENTREGA,2022-01-21 19:08:05,2022-01,06.289.452/0001-11,UND,1.0,6.9,6.9,True
22d54c7137db5e3d,PIZZA FETTA GRANDE,2022-01-19 22:18:56,2022-01,26.827.746/0001-67,und,1.0,55.0,55.0,True
4c0ea1a5eeb44272,TAXA ENTREGA,2022-01-19 22:18:56,2022-01,26.827.746/0001-67,und,1.0,11.0,11.0,True
22d54c7137db5e3d,PIZZA FETTA GRANDE,2022-01-13 22:18:30,2022-01,26.827.746/0001-67,und,1.0,56.5,56.5,True
4c0ea1a5eeb44272,TAXA ENTREGA,2022-01-13 22:18:30,2022-01,26.827.746/0001-67,und,1.0,11.0,11.0,True
12b82dda0d5703aa,NEOSORO SOLUCAO NASAL ADULTO 30ML,2022-01-07 16:15:40,2022-01,06.626.253/0260-37,CX,1.0,9.87,329.0,True
12b82dda0d5703aa,NEOSORO SOLUCAO NASAL ADULTO 30ML,2022-01-07 16:15:40,2022-01,06.626.253/0260-37,CX,1.0,9.87,329.0,True
b835fcb74caabc23,BENEGRIP CPD/20,2022-01-07 16:15:40,2022-01,06.626.253/0260-37,UN,1.0,27.35,27.35,True
0894fa8351bba0c9,KIT CANUDO PMENOS ECO INOX C/2,2022-01-07 16:15:40,2022-01,06.626.253/0260-37,UN,1.0,27.28,27.28,True
4f87181568fdb341,CREPE SALGADO,2022-01-02 20:52:06,2022-01,13.033.256/0001-47,und,1.0,38.0,38.0,True
4f87181568fdb341,CREPE SALGADO,2022-01-02 20:52:06,2022-01,13.033.256/0001-47,und,1.0,48.0,48.0,True
3d41c530969843de,SALADAS IFOOD,2022-01-02 20:52:06,2022-01,13.033.256/0001-47,und,1.0,42.0,42.0,True
0780409e6ebcc075,ENTREGA,2022-01-02 20:52:06,2022-01,13.033.256/0001-47,und,1.0,12.0,12.0,True
d49d6554bfe26361,PROMOCAO FETTASTICA,2021-12-26 20:47:07,2021-12,26.827.746/0001-67,und,1.0,61.0,61.0,True
4c0ea1a5eeb44272,TAXA ENTREGA,2021-12-26 20:47:07,2021-12,26.827.746/0001-67,und,1.0,11.0,11.0,True
b331f79caec6fa27,HISTAMIN 2MG CPD/20,2021-12-23 21:31:10,2021-12,06.626.253/0429-03,CX,1.0,14.07,14.07,True
b331f79caec6fa27,HISTAMIN 2MG CPD/20,2021-12-23 21:31:10,2021-12,06.626.253/0429-03,CX,1.0,14.07,14.07,True
5ebd86b1a27891af,COLIRIO MOURA BRASIL 20ML,2021-12-23 21:31:10,2021-12,06.626.253/0429-03,FR,1.0,17.0,850.0,True
952d8933aab0eea6,SERV. EM DOMICILIO,2021-12-23 21:31:10,2021-12,06.626.253/0429-03,UN,1.0,7.0,7.0,True
7614014816e2bd6a,MOUSSE DE CHOCOLATE,2021-12-22 13:46:24,2021-12,21.346.387/0001-02,und,2.0,8.0,8.0,True
6b3c02a1ec43df6b,REFRIGERANTE LATA,2021-12-22 13:46:24,2021-12,21.346.387/0001-02,und,1.0,5.5,5.5,True
982d9beaf265d038,ADEGUITO,2021-12-22 13:46:24,2021-12,21.346.387/0001-02,und,1.0,29.99,29.99,True
ea9e0d0fb7353c3c,TAXA DE ENTREGA,2021-12-22 13:46:24,2021-12,21.346.387/0001-02,und,1.0,9.8,9.8,True
4fccc7ba7af790f3,TAGLIATELLE AL RAGU DE LINGUIC,2021-12-18 20:38:31,2021-12,06.289.452/0001-11,und,1.0,52.0,52.0,True
0dfbe6d49f2fe5a3,TAXA DE ENTREGA,2021-12-18 20:38:31,2021-12,06.289.452/0001-11,UND,1.0,11.0,11.0,True
d49d6554bfe26361,PROMOCAO FETTASTICA,2021-12-09 22:41:19,2021-12,26.827.746/0001-67,und,1.0,64.0,64.0,True
4c0ea1a5eeb44272,TAXA ENTREGA,2021-12-09 22:41:19,2021-12,26.827.746/0001-67,und,1.0,11.0,11.0,True
55760bd70342e323,BOLINHO DE BACALHAU,2021-12-06 13:19:36,2021-12,22.490.292/0001-20,und,2.0,9.99,9.99,True
e8d43a7bacae4462,FRANGO A PARMEGIANA,2021-12-06 13:19:36,2021-12,22.490.292/0001-20,und,1.0,29.9,29.9,True
670629f5f0be91de,COCA COLA LATA,2021-12-06 13:19:36,2021-12,22.490.292/0001-20,und,1.0,5.5,5.5,True
7f218612c045131f,TAXA DE ENTREGA,2021-12-06 13:19:36,2021-12,22.490.292/0001-20,und,1.0,8.9,8.9,True
6d9fa02eb0155e18,NEOSORO INF 30ML,2021-12-02 12:11:27,2021-12,06.626.253/0429-03,CX,1.0,10.22,340.6666666666667,True
cf0bd7b40593eb6c,NEOSALDINA DRG/20 NV,2021-12-02 12:11:27,2021-12,06.626.253/0429-03,CX,1.0,24.89,24.89,True
03a8d23a71bace5e,SAL FRUTA ENO TUTTI FRUTTI 100G,2021-12-02 12:11:27,2021-12,06.626.253/0429-03,UN,1.0,22.17,221.7,True
5e0130ae1dfd30b6,NIMESULIDA 100MG CPD/12 GN-CIMED,2021-12-02 12:11:27,2021-12,06.626.253/0429-03,CX,1.0,19.86,19.86,True
1e93b3465cd6bcbf,PANCETA A PURURUCA,2021-12-01 15:17:16,2021-12,22.490.292/0001-20,und,1.0,26.9,26.9,True
b13cdeddf97a782c,FILE A PARMEGIANA,2021-12-01 15:17:16,2021-12,22.490.292/0001-20,und,1.0,39.9,39.9,True
670629f5f0be91de,COCA COLA LATA,2021-12-01 15:17:16,2021-12,22.490.292/0001-20,und,1.0,5.5,5.5,True
7f218612c045131f,TAXA DE ENTREGA,2021-12-01 15:17:16,2021-12,22.490.292/0001-20,und,1.0,8.9,8.9,True
9245d4395b22f4b9,IVERMECTINA 6MG CPD/4 GN-GERMED,2021-11-30 06:50:06,2021-11,06.626.253/0429-03,UN,1.0,28.11,28.11,True
9245d4395b22f4b9,IVERMECTINA 6MG CPD/4 GN-GERMED,2021-11-30 06:50:06,2021-11,06.626.253/0429-03,UN,1.0,28.11,28.11,True
2e643084705a91a0,TADALAFILA 5MG CPD/30 GN-MEDLEY,2021-11-30 06:50:06,2021-11,06.626.253/0429-03,UN,1.0,85.14,85.14,True
2e643084705a91a0,TADALAFILA 5MG CPD/30 GN-MEDLEY,2021-11-30 06:50:06,2021-11,06.626.253/0429-03,UN,1.0,85.14,85.14,True
656310d1e9069605,QJO.REGINA GORGONZOLA KG,2021-11-29 12:43:14,2021-11,08.189.400/0001-07,UN,0.11,84.99,84.99,True
eed4015b542c01d4,QJO.S.TERRA COALHO PRE-COZ.BARRA,2021-11-29 12:43:14,2021-11,08.189.400/0001-07,UN,0.354,41.98,41.98,True
2d6aa941cee79a88,QUEIJO PRESIDENT 160G MAASDAM,2021-11-29 12:43:14,2021-11,08.189.400/0001-07,UN,1.0,14.98,93.625,True
7bde72c09a0224fa,CERVEJA CORONITA 210ML EXTRA LONG NECK,2021-11-29 12:43:14,2021-11,08.189.400/0001-07,UN,24.0,3.79,18.047619047619047,True
9f625ffd9ae756c3,CERVEJA HEINEKEN LATA 350ML,2021-11-29 12:43:14,2021-11,08.189.400/0001-07,UN,4.0,4.69,13.400000000000002,True
9f625ffd9ae756c3,CERVEJA HEINEKEN LATA 350ML,2021-11-29 12:43:14,2021-11,08.189.400/0001-07,UN,2.0,4.69,13.400000000000002,True
5f7beee1f518fe1a,MORT.PERDIGAO BOLOGNA OURO DEF.KG,2021-11-29 12:43:14,2021-11,08.189.400/0001-07,KG,0.382,29.98,29.98,True
971d4c87c2316215,PIZZA SABORES KG,2021-11-29 12:43:14,2021-11,08.189.400/0001-07,UN,0.1,29.98,29.98,True
971d4c87c2316215,PIZZA SABORES KG,2021-11-29 12:43:14,2021-11,08.189.400/0001-07,UN,0.092,29.98,29.98,True
971d4c87c2316215,PIZZA SABORES KG,2021-11-29 12:43:14,2021-11,08.189.400/0001-07,UN,0.086,29.98,29.98,True
971d4c87c2316215,PIZZA SABORES KG,2021-11-29 12:43:14,2021-11,08.189.400/0001-07,UN,0.084,29.98,29.98,True
971d4c87c2316215,PIZZA SABORES KG,2021-11-29 12:43:14,2021-11,08.189.400/0001-07,UN,0.08,29.98,29.98,True
971d4c87c2316215,PIZZA SABORES KG,2021-11-29 12:43:14,2021-11,08.189.400/0001-07,UN,0.084,29.98,29.98,True
b3ad7e82de3ce147,LTE.FERM.YAKULT 480G,2021-11-29 12:43:14,2021-11,08.189.400/0001-07,UN,3.0,9.99,20.8125,True
869fc43694cae018,IOG.NESTLE NINHO 540G POLPA 3 SABORES,2021-11-29 12:43:14,2021-11,08.189.400/0001-07,UN,1.0,7.3,13.518518518518515,True
9cc4bfa91a9d471a,IOG.NESTLE NESTON 540G POLPA 2 SABORES,2021-11-29 12:43:14,2021-11,08.189.400/0001-07,UN,1.0,7.19,13.314814814814817,True
bb99733b42dbf81c,SALSAO HSV ORGANICA UN,2021-11-29 12:43:14,2021-11,08.189.400/0001-07,UN,1.0,2.29,2.29,True
6e274310c223526b,TAFF MAN-EX 110ML UND,2021-11-29 12:43:14,2021-11,08.189.400/0001-07,UN,1.0,22.8,207.27272727272728,True
2768ff579d3bda08,TAFF MAN-EX 110ML UND,2021-11-29 12:43:14,2021-11,08.189.400/0001-07,UN,2.0,3.8,34.54545454545455,True
278b4dc17f56dafe,REFRIG.GUARANA ANTARCTICA 200ML PET,2021-11-29 12:43:14,2021-11,08.189.400/0001-07,UN,1.0,1.17,5.85,True
a0ab7af6ec064cf0,REFRIG.PEPSI 200ML COLA PET,2021-11-29 12:43:14,2021-11,08.189.400/0001-07,UN,3.0,1.17,5.85,True
6fe8f7c6d4ddafba,AGUA TONICA ANTARCTICA 269ML ZERO ACUCAR,2021-11-29 12:43:14,2021-11,08.189.400/0001-07,UN,2.0,2.57,9.553903345724908,True
e58960a2bf706642,MELANCIA BABY KG,2021-11-29 12:43:14,2021-11,08.189.400/0001-07,UN,2.575,4.49,4.49,True
aa68ddc158ebadb0,PEIXE SARDINHA CONG.LAJE 1KG,2021-11-29 12:43:14,2021-11,08.189.400/0001-07,UN,5.0,11.99,11.99,True
1eb237975713dbc7,FIGADO FRANGO MAURICEA CONG.1KG,2021-11-29 12:43:14,2021-11,08.189.400/0001-07,UN,3.0,8.95,8.95,True
1eb237975713dbc7,FIGADO FRANGO MAURICEA CONG.1KG,2021-11-29 12:43:14,2021-11,08.189.400/0001-07,UN,2.0,8.95,8.95,True
b2fb3bc3b26d36da,AZEITONA VALE FERTIL CCAROCO 500G SACHE,2021-11-29 12:43:14,2021-11,08.189.400/0001-07,UN,1.0,11.98,23.96,True
e3daab9d7ea80cef,PEPINO VALE FERTIL 300G SACHE,2021-11-29 12:43:14,2021-11,08.189.400/0001-07,UN,1.0,9.39,31.300000000000004,True
e3daab9d7ea80cef,PEPINO VALE FERTIL 300G SACHE,2021-11-29 12:43:14,2021-11,08.189.400/0001-07,UN,1.0,9.39,31.300000000000004,True
fc1e3b4498a58d4c,LIMAO TAITI KG,2021-11-29 12:43:14,2021-11,08.189.400/0001-07,KG,1.34,4.39,4.39,True
56cd9eef9941ca14,PAO DE QUEIJO SEARA 400G TURMA DA MONICA,2021-11-29 12:43:14,2021-11,08.189.400/0001-07,UN,1.0,7.23,18.075,True
56cd9eef9941ca14,PAO DE QUEIJO SEARA 400G TURMA DA MONICA,2021-11-29 12:43:14,2021-11,08.189.400/0001-07,UN,1.0,7.23,18.075,True
56cd9eef9941ca14,PAO DE QUEIJO SEARA 400G TURMA DA MONICA,2021-11-29 12:43:14,2021-11,08.189.400/0001-07,UN,1.0,7.23,18.075,True
4ab70865611936ad,BETERRABA KG,2021-11-29 12:43:14,2021-11,08.189.400/0001-07,UN,1.86,4.89,4.89,True
ca03c0ccaf0b1000,SALG.FANDANGOS 45G QUEIJO,2021-11-29 12:43:14,2021-11,08.189.400/0001-07,UN,1.0,2.34,52.0,True
d2132736fda2a0cd,MOLHO DE TOMATE HEMMER 680G PASSATA,2021-11-29 12:43:14,2021-11,08.189.400/0001-07,UN,1.0,12.39,18.22058823529412,True
c9ab8fd6a5ad42f1,UVA DOCE MEL LEVISSA 500G THOMPSON,2021-11-29 12:43:14,2021-11,08.189.400/0001-07,UN,1.0,10.3,20.6,True
8e9ca6551811351b,MOLHO INGLES KENKO 150ML,2021-11-29 12:43:14,2021-11,08.189.400/0001-07,UN,1.0,2.77,18.46666666666667,True
b3ae3eb2ec76dbf0,SALG.DORITOS 55G QUEIJO NACHO,2021-11-29 12:43:14,2021-11,08.189.400/0001-07,UN,1.0,4.39,79.81818181818181,True
0d429172ab4e353b,BISC.VITARELLA MAIZENA 400G LEITE,2021-11-29 12:43:14,2021-11,08.189.400/0001-07,UN,1.0,5.66,14.15,True
c9cb3bf568b2c518,BISC.VITARELLA CREAM CRACKER 400G TRADICIONAL,2021-11-29 12:43:14,2021-11,08.189.400/0001-07,UN,1.0,4.55,11.374999999999998,True
8e9ca6551811351b,MOLHO INGLES KENKO 150ML,2021-11-29 12:43:14,2021-11,08.189.400/0001-07,UN,1.0,2.77,18.46666666666667,True
f835fdcba8d2c2e5,SALG.FANDANGOS 45G PRESUNTO,2021-11-29 12:43:14,2021-11,08.189.400/0001-07,UN,1.0,2.34,52.0,True
75242192cced0d32,LTE.CONDENSADO NESTLE MOCA 395G TP,2021-11-29 12:43:14,2021-11,08.189.400/0001-07,UN,2.0,6.33,16.025316455696203,True
d2132736fda2a0cd,MOLHO DE TOMATE HEMMER 680G PASSATA,2021-11-29 12:43:14,2021-11,08.189.400/0001-07,UN,1.0,12.39,18.22058823529412,True
d2132736fda2a0cd,MOLHO DE TOMATE HEMMER 680G PASSATA,2021-11-29 12:43:14,2021-11,08.189.400/0001-07,UN,1.0,12.39,18.22058823529412,True
e3e5af00c8353405,SUCO NATURAL ONE LARANJA INT.900ML,2021-11-29 12:43:14,2021-11,08.189.400/0001-07,UN,1.0,11.69,12.988888888888887,True
bb52a384ca500da4,CR.DENTAL COLGATE 180G MAX.PROT.CARIES,2021-11-29 12:43:14,2021-11,08.189.400/0001-07,UN,1.0,6.19,34.38888888888889,True
187312c170c17712,DESOD.AERO.NIVEA MEN STRESS PROTECT 150ML91G,2021-11-29 12:43:14,2021-11,08.189.400/0001-07,UN,1.0,9.29,102.08791208791207,True
7a78422c88e0ffc1,DESODORANTE AEROSOL AXE BLACK 150ML96G.,2021-11-29 12:43:14,2021-11,08.189.400/0001-07,UN,1.0,9.98,103.95833333333331,True
e8c0ebdff8320ef4,DESODORANTE AEROSOL AXE MARINE 152ML90G,2021-11-29 12:43:14,2021-11,08.189.400/0001-07,UN,1.0,9.98,110.8888888888889,True
a6abfb35e2c60d65,AMAC.DOWNY CONC.500ML LIRIOS DO CAMPO,2021-11-29 12:43:14,2021-11,08.189.400/0001-07,UN,1.0,8.99,17.98,True
bc00e9e2850410d3,DESOD.AERO.NIVEA MEN COOL KICK 150ML92G,2021-11-29 12:43:14,2021-11,08.189.400/0001-07,UN,1.0,9.29,100.9782608695652,True
afbd4fe18319d9d8,ESPUMA BARBEAR GILLETTE PRESTO.COOL 150G155ML,2021-11-29 12:43:14,2021-11,08.189.400/0001-07,UN,1.0,15.29,98.64516129032258,True
86b77e02b7fed688,ESPONJA BETTANIN ESFREBOM LV.4 PG.3,2021-11-29 12:43:14,2021-11,08.189.400/0001-07,UN,1.0,3.98,3.98,True
3a5c2a4d3f4fb6da,TOALHA DE PAPEL SNOB C2,2021-11-29 12:43:14,2021-11,08.189.400/0001-07,UN,1.0,4.49,4.49,True
3a5c2a4d3f4fb6da,TOALHA DE PAPEL SNOB C2,2021-11-29 12:43:14,2021-11,08.189.400/0001-07,UN,1.0,4.49,4.49,True
bb52a384ca500da4,CR.DENTAL COLGATE 180G MAX.PROT.CARIES,2021-11-29 12:43:14,2021-11,08.189.400/0001-07,UN,1.0,6.19,34.38888888888889,True
bb52a384ca500da4,CR.DENTAL COLGATE 180G MAX.PROT.CARIES,2021-11-29 12:43:14,2021-11,08.189.400/0001-07,UN,1.0,6.19,34.38888888888889,True
f49d09ae29810be6,SABONETE PHEBO AMAZONIAN VDE.ESC. 90G,2021-11-29 12:43:14,2021-11,08.189.400/0001-07,UN,1.0,3.87,43.0,True
bfd1c95ecd959e1b,SABONETE REXONA 84G BAMBOO FRESH,2021-11-29 12:43:14,2021-11,08.189.400/0001-07,UN,1.0,2.33,27.73809523809524,True
fcfc5d804e5d7d04,DESODORANTE AEROSOL AXE URBAN 152ML90G ANTI-MARKS,2021-11-29 12:43:14,2021-11,08.189.400/0001-07,UN,1.0,9.98,110.8888888888889,True
bfb6f76980b32ecd,SABONETE REXONA 84G ANTIBACTERIAL LIMP.PROFUNDA,2021-11-29 12:43:14,2021-11,08.189.400/0001-07,UN,1.0,2.33,27.73809523809524,True
086ce23f1af2d5a0,SABONETE REXONA 84G SPORT MEN,2021-11-29 12:43:14,2021-11,08.189.400/0001-07,UN,1.0,2.33,27.73809523809524,True
c778d67c24264241,PULVERIZADOR SANREMO 580ML REF SR501555,2021-11-29 12:43:14,2021-11,08.189.400/0001-07,UN,1.0,10.49,18.08620689655173,True
95de0ab2305245d7,SABONETE PHEBO FRESC.DA MANHA AZ. 90G,2021-11-29 12:43:14,2021-11,08.189.400/0001-07,UN,1.0,3.87,43.0,True
533e39d983b12b2d,DESOD.AERO.NIVEA DRY FRESH 150ML90G,2021-11-29 12:43:14,2021-11,08.189.400/0001-07,UN,1.0,9.29,103.2222222222222,True
b5c59d1e28ebb8f0,SABONETE REXONA 84G ORCHID FRESH,2021-11-29 12:43:14,2021-11,08.189.400/0001-07,UN,1.0,2.33,27.73809523809524,True
fdefb1b4d47cf358,NAFTALINA EM BOLA SANLAR 50G,2021-11-29 12:43:14,2021-11,08.189.400/0001-07,UN,1.0,1.99,39.8,True
a84a481638e83fcd,SABONETE PHEBO ODOR ROSAS AMAR. 90G,2021-11-29 12:43:14,2021-11,08.189.400/0001-07,UN,1.0,3.87,43.0,True
271baab99f335e72,OVOS AVINE C30 MEDIO BRANCO,2021-11-29 12:43:14,2021-11,08.189.400/0001-07,UN,1.0,11.99,11.99,True
d49d6554bfe26361,PROMOCAO FETTASTICA,2021-11-25 22:45:51,2021-11,26.827.746/0001-67,und,1.0,62.0,62.0,True
4c0ea1a5eeb44272,TAXA ENTREGA,2021-11-25 22:45:51,2021-11,26.827.746/0001-67,und,1.0,11.0,11.0,True
d49d6554bfe26361,PROMOCAO FETTASTICA,2021-11-14 01:39:06,2021-11,26.827.746/0001-67,und,1.0,62.0,62.0,True
4c0ea1a5eeb44272,TAXA ENTREGA,2021-11-14 01:39:06,2021-11,26.827.746/0001-67,und,1.0,11.0,11.0,True
0021abc7e70e9c95,PARMIGIANINO,2021-11-12 15:21:00,2021-11,21.346.387/0001-02,und,1.0,24.99,24.99,True
7614014816e2bd6a,MOUSSE DE CHOCOLATE,2021-11-12 15:21:00,2021-11,21.346.387/0001-02,und,1.0,8.0,8.0,True
efac5111fd92bb28,REFRIGERANTE 1 LITRO,2021-11-12 15:21:00,2021-11,21.346.387/0001-02,und,1.0,9.0,9.0,True
ea9e0d0fb7353c3c,TAXA DE ENTREGA,2021-11-12 15:21:00,2021-11,21.346.387/0001-02,und,1.0,9.8,9.8,True
99c8ba23ce0fc247,PIZZA GRANDE,2021-11-08 22:53:35,2021-11,27.146.700/0001-45,und,1.0,55.5,55.5,True
2bf58bee36eb1afd,TAXA DE ENTREGA,2021-11-08 22:53:35,2021-11,27.146.700/0001-45,UND,1.0,16.0,16.0,True
0c37111a9279ad2c,GUARANA 1L DLV,2021-11-07 15:28:32,2021-11,24.195.330/0001-48,und,1.0,11.0,11.0,True
1e29b2f1505b03f4,CUPIM AO FORNO DELIV EXECUT,2021-11-07 15:28:32,2021-11,24.195.330/0001-48,und,1.0,34.9,34.9,True
8c8d7581723679ff,PUDIM FATIA DLV,2021-11-07 15:28:32,2021-11,24.195.330/0001-48,und,1.0,14.9,14.9,True
223c15362607af52,Pizza media 2 sabores,2021-11-06 00:09:22,2021-11,24.510.002/0001-99,UN,1.0,50.94,50.94,True
bfd3ce0da84c52a9,Coca-Cola 1L,2021-11-06 00:09:22,2021-11,24.510.002/0001-99,UN,1.0,10.0,10.0,True
55760bd70342e323,BOLINHO DE BACALHAU,2021-11-02 13:55:30,2021-11,22.490.292/0001-20,und,4.0,9.99,9.99,True
e8d43a7bacae4462,FRANGO A PARMEGIANA,2021-11-02 13:55:30,2021-11,22.490.292/0001-20,und,1.0,24.9,24.9,True
7f218612c045131f,TAXA DE ENTREGA,2021-11-02 13:55:30,2021-11,22.490.292/0001-20,und,1.0,8.9,8.9,True
5e0130ae1dfd30b6,NIMESULIDA 100MG CPD/12 GN-CIMED,2021-11-02 11:53:37,2021-11,06.626.253/0429-03,CX,1.0,19.86,19.86,True
3b5584be99537da1,NEOSALDINA DRG/20,2021-11-02 11:53:37,2021-11,06.626.253/0429-03,CX,1.0,24.89,24.89,True
eba83e47373d9f25,SAL FRUTA ENO GUARANA 100G,2021-11-02 11:53:37,2021-11,06.626.253/0429-03,UN,1.0,22.17,221.7,True
952d8933aab0eea6,SERV. EM DOMICILIO,2021-11-02 11:53:37,2021-11,06.626.253/0429-03,UN,1.0,7.0,7.0,True
7614014816e2bd6a,MOUSSE DE CHOCOLATE,2021-10-28 15:19:55,2021-10,21.346.387/0001-02,und,2.0,8.0,8.0,True
efac5111fd92bb28,REFRIGERANTE 1 LITRO,2021-10-28 15:19:55,2021-10,21.346.387/0001-02,und,1.0,9.0,9.0,True
f4afbb1eb2d3daac,MEATBALLS,2021-10-28 15:19:55,2021-10,21.346.387/0001-02,und,1.0,24.99,24.99,True
ea9e0d0fb7353c3c,TAXA DE ENTREGA,2021-10-28 15:19:55,2021-10,21.346.387/0001-02,und,1.0,9.8,9.8,True
643e88c910142adc,AREIA 25 KG FILTRO DE PISCINA,2021-10-25 16:43:29,2021-10,40.587.571/0001-99,UNIDA,3.0,50.0,2.0,True
a70648d80b81c1a6,DI POLLO CON BROCCOLI,2021-10-15 15:30:17,2021-10,21.346.387/0001-02,und,1.0,21.99,21.99,True
7614014816e2bd6a,MOUSSE DE CHOCOLATE,2021-10-15 15:30:17,2021-10,21.346.387/0001-02,und,2.0,8.0,8.0,True
6b3c02a1ec43df6b,REFRIGERANTE LATA,2021-10-15 15:30:17,2021-10,21.346.387/0001-02,und,1.0,5.5,5.5,True
ea9e0d0fb7353c3c,TAXA DE ENTREGA,2021-10-15 15:30:17,2021-10,21.346.387/0001-02,und,1.0,9.8,9.8,True
7614014816e2bd6a,MOUSSE DE CHOCOLATE,2021-10-13 14:51:10,2021-10,21.346.387/0001-02,und,2.0,8.0,8.0,True
6b3c02a1ec43df6b,REFRIGERANTE LATA,2021-10-13 14:51:10,2021-10,21.346.387/0001-02,und,1.0,5.5,5.5,True
5b6784aba8470f8f,FRANGO CRISPY,2021-10-13 14:51:10,2021-10,21.346.387/0001-02,und,1.0,21.99,21.99,True
ea9e0d0fb7353c3c,TAXA DE ENTREGA,2021-10-13 14:51:10,2021-10,21.346.387/0001-02,und,1.0,9.8,9.8,True
7614014816e2bd6a,MOUSSE DE CHOCOLATE,2021-10-08 15:19:59,2021-10,21.346.387/0001-02,und,2.0,8.0,8.0,True
efac5111fd92bb28,REFRIGERANTE 1 LITRO,2021-10-08 15:19:59,2021-10,21.346.387/0001-02,und,1.0,9.0,9.0,True
f4afbb1eb2d3daac,MEATBALLS,2021-10-08 15:19:59,2021-10,21.346.387/0001-02,und,1.0,24.99,24.99,True
ea9e0d0fb7353c3c,TAXA DE ENTREGA,2021-10-08 15:19:59,2021-10,21.346.387/0001-02,und,1.0,9.8,9.8,True
7614014816e2bd6a,MOUSSE DE CHOCOLATE,2021-09-30 15:29:57,2021-09,21.346.387/0001-02,und,2.0,8.0,8.0,True
6b3c02a1ec43df6b,REFRIGERANTE LATA,2021-09-30 15:29:57,2021-09,21.346.387/0001-02,und,1.0,5.5,5.5,True
982d9beaf265d038,ADEGUITO,2021-09-30 15:29:57,2021-09,21.346.387/0001-02,und,1.0,24.99,24.99,True
ea9e0d0fb7353c3c,TAXA DE ENTREGA,2021-09-30 15:29:57,2021-09,21.346.387/0001-02,und,1.0,9.8,9.8,True
4f87181568fdb341,CREPE SALGADO,2021-09-25 21:20:09,2021-09,13.033.256/0001-47,und,1.0,35.0,35.0,True
4f87181568fdb341,CREPE SALGADO,2021-09-25 21:20:09,2021-09,13.033.256/0001-47,und,1.0,42.0,42.0,True
3d41c530969843de,SALADAS IFOOD,2021-09-25 21:20:09,2021-09,13.033.256/0001-47,und,1.0,37.0,37.0,True
0780409e6ebcc075,ENTREGA,2021-09-25 21:20:09,2021-09,13.033.256/0001-47,und,1.0,12.0,12.0,True
b2fb3bc3b26d36da,AZEITONA VALE FERTIL CCAROCO 500G SACHE,2021-09-24 14:36:43,2021-09,08.189.400/0001-07,UN,1.0,9.96,19.92,True
710ce9b0f29ff191,MOLHO DE TOMATE MASTROIANI 680G PASSATA VIDRO,2021-09-24 14:36:43,2021-09,08.189.400/0001-07,UN,1.0,15.39,22.63235294117647,True
710ce9b0f29ff191,MOLHO DE TOMATE MASTROIANI 680G PASSATA VIDRO,2021-09-24 14:36:43,2021-09,08.189.400/0001-07,UN,1.0,15.39,22.63235294117647,True
aa68ddc158ebadb0,PEIXE SARDINHA CONG.LAJE 1KG,2021-09-24 14:36:43,2021-09,08.189.400/0001-07,UN,6.0,11.99,11.99,True
1eb237975713dbc7,FIGADO FRANGO MAURICEA CONG.1KG,2021-09-24 14:36:43,2021-09,08.189.400/0001-07,UN,1.0,8.95,8.95,True
1eb237975713dbc7,FIGADO FRANGO MAURICEA CONG.1KG,2021-09-24 14:36:43,2021-09,08.189.400/0001-07,UN,1.0,8.95,8.95,True
aa68ddc158ebadb0,PEIXE SARDINHA CONG.LAJE 1KG,2021-09-24 14:36:43,2021-09,08.189.400/0001-07,UN,1.0,11.99,11.99,True
fc1e3b4498a58d4c,LIMAO TAITI KG,2021-09-24 14:36:43,2021-09,08.189.400/0001-07,KG,1.335,3.73,3.73,True
9a84a1aa0c5e9a8a,PIMENTAO VERDE KG,2021-09-24 14:36:43,2021-09,08.189.400/0001-07,KG,0.255,5.99,5.99,True
8316820c4c0d7333,ALHO ESTRELA 200G,2021-09-24 14:36:43,2021-09,08.189.400/0001-07,UN,1.0,6.98,34.9,True
cad1bfb332ca89e8,CENOURA KG,2021-09-24 14:36:43,2021-09,08.189.400/0001-07,KG,1.135,4.49,4.49,True
cad1bfb332ca89e8,CENOURA KG,2021-09-24 14:36:43,2021-09,08.189.400/0001-07,KG,2.28,4.49,4.49,True
b3ad7e82de3ce147,LTE.FERM.YAKULT 480G,2021-09-24 14:36:43,2021-09,08.189.400/0001-07,UN,3.0,10.99,22.895833333333336,True
6e1b0c3e2aa6e177,ACHOC.LIQ.TODDYNHO 200ML TRADICIONAL,2021-09-24 14:36:43,2021-09,08.189.400/0001-07,UN,1.0,1.77,8.85,True
6e1b0c3e2aa6e177,ACHOC.LIQ.TODDYNHO 200ML TRADICIONAL,2021-09-24 14:36:43,2021-09,08.189.400/0001-07,UN,1.0,1.77,8.85,True
bb99733b42dbf81c,SALSAO HSV ORGANICA UN,2021-09-24 14:36:43,2021-09,08.189.400/0001-07,UN,1.0,2.29,2.29,True
74492162f11c4cba,REFRIGERANTE COCA-COLA 250ML PET,2021-09-24 14:36:43,2021-09,08.189.400/0001-07,UN,1.0,1.99,7.96,True
a265a35e75b6218a,CEBOLINHA HSV ORGANICA UN,2021-09-24 14:36:43,2021-09,08.189.400/0001-07,UN,1.0,2.89,2.89,True
6e274310c223526b,TAFF MAN-EX 110ML UND,2021-09-24 14:36:43,2021-09,08.189.400/0001-07,UN,1.0,22.8,207.27272727272728,True
869fc43694cae018,IOG.NESTLE NINHO 540G POLPA 3 SABORES,2021-09-24 14:36:43,2021-09,08.189.400/0001-07,UN,1.0,7.85,14.537037037037036,True
6e1b0c3e2aa6e177,ACHOC.LIQ.TODDYNHO 200ML TRADICIONAL,2021-09-24 14:36:43,2021-09,08.189.400/0001-07,UN,1.0,1.77,8.85,True
6e1b0c3e2aa6e177,ACHOC.LIQ.TODDYNHO 200ML TRADICIONAL,2021-09-24 14:36:43,2021-09,08.189.400/0001-07,UN,1.0,1.77,8.85,True
79c5e503193af765,QUEIJO ILPLA COALHO NATURAL KG,2021-09-24 14:36:43,2021-09,08.189.400/0001-07,UN,0.344,41.4,41.4,True
75242192cced0d32,LTE.CONDENSADO NESTLE MOCA 395G TP,2021-09-24 14:36:43,2021-09,08.189.400/0001-07,UN,1.0,5.98,15.139240506329116,True
75242192cced0d32,LTE.CONDENSADO NESTLE MOCA 395G TP,2021-09-24 14:36:43,2021-09,08.189.400/0001-07,UN,1.0,5.98,15.139240506329116,True
8e9ca6551811351b,MOLHO INGLES KENKO 150ML,2021-09-24 14:36:43,2021-09,08.189.400/0001-07,UN,1.0,2.19,14.6,True
8e9ca6551811351b,MOLHO INGLES KENKO 150ML,2021-09-24 14:36:43,2021-09,08.189.400/0001-07,UN,1.0,2.19,14.6,True
85f80417cd7283e6,OVOS DE CODORNA SOUZA C30,2021-09-24 14:36:43,2021-09,08.189.400/0001-07,UN,1.0,6.19,6.19,True
85f80417cd7283e6,OVOS DE CODORNA SOUZA C30,2021-09-24 14:36:43,2021-09,08.189.400/0001-07,UN,1.0,6.19,6.19,True
75b4ac8e06495818,MORT.PERDIGAO OURO 200G TRAD.DEFUMADA VACUO,2021-09-24 14:36:43,2021-09,08.189.400/0001-07,UN,1.0,7.18,35.9,True
078485f323a1d1ab,QJO.VIGOR TIPO CAMEMBERT 120G,2021-09-24 14:36:43,2021-09,08.189.400/0001-07,UN,1.0,15.55,129.58333333333334,True
2606d378e1230170,MILHO PPIPOCA YOKI PREMIUM 500G,2021-09-24 14:36:43,2021-09,08.189.400/0001-07,UN,1.0,5.38,10.76,True
a0ab7af6ec064cf0,REFRIG.PEPSI 200ML COLA PET,2021-09-24 14:36:43,2021-09,08.189.400/0001-07,UN,4.0,1.06,5.3,True
278b4dc17f56dafe,REFRIG.GUARANA ANTARCTICA 200ML PET,2021-09-24 14:36:43,2021-09,08.189.400/0001-07,UN,1.0,1.06,5.3,True
278b4dc17f56dafe,REFRIG.GUARANA ANTARCTICA 200ML PET,2021-09-24 14:36:43,2021-09,08.189.400/0001-07,UN,1.0,1.06,5.3,True
da5579d5360c97a3,TIRA MANCHAS TIXAN YPE 420G ROUPAS COLORIDAS,2021-09-24 14:36:43,2021-09,08.189.400/0001-07,UN,1.0,12.53,29.83333333333333,True
bbd98763fc82579a,SAND.HAV.COLOR PRETO 3940,2021-09-24 14:36:43,2021-09,08.189.400/0001-07,UN,1.0,11.99,11.99,True
a6abfb35e2c60d65,AMAC.DOWNY CONC.500ML LIRIOS DO CAMPO,2021-09-24 14:36:43,2021-09,08.189.400/0001-07,UN,1.0,8.99,17.98,True
1201b83476faee65,OVOS SANTA CLARA VERMELHOS C30 GRANDES,2021-09-24 14:36:43,2021-09,08.189.400/0001-07,UN,1.0,18.39,18.39,True
7bde72c09a0224fa,CERVEJA CORONITA 210ML EXTRA LONG NECK,2021-09-24 14:36:43,2021-09,08.189.400/0001-07,UN,24.0,3.79,18.047619047619047,True
fcfc5d804e5d7d04,DESODORANTE AEROSOL AXE URBAN 152ML90G ANTI-MARKS,2021-09-24 14:36:43,2021-09,08.189.400/0001-07,UN,1.0,11.88,132.0,True
138d103e66b41c65,SABONETE REXONA 84G ACQUA FRESH,2021-09-24 14:36:43,2021-09,08.189.400/0001-07,UN,1.0,1.9,22.619047619047617,True
138d103e66b41c65,SABONETE REXONA 84G ACQUA FRESH,2021-09-24 14:36:43,2021-09,08.189.400/0001-07,UN,1.0,1.9,22.619047619047617,True
f5b32a8c42817984,DESOD.AERO.NIVEA PEARLBEAUTY 150ML92G,2021-09-24 14:36:43,2021-09,08.189.400/0001-07,UN,1.0,9.45,102.7173913043478,True
cda417c76cafaf05,ALCOOL SANTA CRUZ 70INPM 1L,2021-09-24 14:36:43,2021-09,08.189.400/0001-07,UN,1.0,9.75,9.75,True
bbac0e132b5087f6,SABONETE REXONA 84G ANTIBAC.ALOE,2021-09-24 14:36:43,2021-09,08.189.400/0001-07,UN,1.0,1.9,22.619047619047617,True
b5c59d1e28ebb8f0,SABONETE REXONA 84G ORCHID FRESH,2021-09-24 14:36:43,2021-09,08.189.400/0001-07,UN,1.0,1.9,22.619047619047617,True
bfb6f76980b32ecd,SABONETE REXONA 84G ANTIBACTERIAL LIMP.PROFUNDA,2021-09-24 14:36:43,2021-09,08.189.400/0001-07,UN,1.0,1.9,22.619047619047617,True
9993ecf17e787d3e,ESPONJA MULTIUSO TININDO LEVE4PG3 LIMPEZA PESADA,2021-09-24 14:36:43,2021-09,08.189.400/0001-07,UN,1.0,3.39,3.39,True
086ce23f1af2d5a0,SABONETE REXONA 84G SPORT MEN,2021-09-24 14:36:43,2021-09,08.189.400/0001-07,UN,1.0,1.9,22.619047619047617,True
bf051d4d54eb738d,PANO BETTANIN ESFREBOM MULTIUSO ALTA PERF.C3,2021-09-24 14:36:43,2021-09,08.189.400/0001-07,UN,1.0,27.68,27.68,True
2f7e680365a5cc3c,TOALHA DE PAPEL ABSOLUTO DECOR C2,2021-09-24 14:36:43,2021-09,08.189.400/0001-07,UN,1.0,4.3,4.3,True
6338b7e9859ce28d,PAPEL HIG.NEVE NEUTRO FD LV12 PG11,2021-09-24 14:36:43,2021-09,08.189.400/0001-07,UN,1.0,18.99,18.99,True
533e39d983b12b2d,DESOD.AERO.NIVEA DRY FRESH 150ML90G,2021-09-24 14:36:43,2021-09,08.189.400/0001-07,UN,1.0,9.45,105.0,True
7c10874e0864b0cf,DESOD.AERO.AXE APOLLO 150ML96G,2021-09-24 14:36:43,2021-09,08.189.400/0001-07,UN,1.0,11.88,123.75,True
0503c2fa5dc5f5e8,DET.PO INVICTO 1KG SUPERACAO,2021-09-24 14:36:43,2021-09,08.189.400/0001-07,UN,1.0,7.68,7.68,True
2f56388e16adfec8,PIZZA MOZARELA,2021-09-15 23:20:54,2021-09,29.822.612/0001-41,und,1.0,26.0,26.0,True
ec5a0b478ff8b250,TAXA DE ENTREGA,2021-09-15 23:20:54,2021-09,29.822.612/0001-41,UND,1.0,9.99,9.99,True
266850f7ceb234d4,SINUSTRAT DESCONG NASAL 30ML,2021-08-30 20:28:09,2021-08,06.626.253/0260-37,FR,1.0,23.36,778.6666666666666,True
ac49d7ffe468f30a,SINUSEC SPRAY NASAL 30ML,2021-08-30 20:28:09,2021-08,06.626.253/0260-37,UN,1.0,41.94,1398.0,True
6338b7e9859ce28d,PAPEL HIG.NEVE NEUTRO FD LV12 PG11,2021-08-30 11:20:50,2021-08,08.189.400/0001-07,UN,1.0,18.99,18.99,True
2f7e680365a5cc3c,TOALHA DE PAPEL ABSOLUTO DECOR C2,2021-08-30 11:20:50,2021-08,08.189.400/0001-07,UN,1.0,4.3,4.3,True
523c48162f5acb3f,DESOD.AERO.NIVEA DRY COMFORT 150ML91G,2021-08-30 11:20:50,2021-08,08.189.400/0001-07,UN,1.0,9.45,103.84615384615384,True
7a78422c88e0ffc1,DESODORANTE AEROSOL AXE BLACK 150ML96G.,2021-08-30 11:20:50,2021-08,08.189.400/0001-07,UN,1.0,10.89,113.4375,True
bc00e9e2850410d3,DESOD.AERO.NIVEA MEN COOL KICK 150ML92G,2021-08-30 11:20:50,2021-08,08.189.400/0001-07,UN,1.0,9.45,102.7173913043478,True
7a78422c88e0ffc1,DESODORANTE AEROSOL AXE BLACK 150ML96G.,2021-08-30 11:20:50,2021-08,08.189.400/0001-07,UN,1.0,10.89,113.4375,True
4b105b879c5398e1,CR.DENTAL COLGATE 90G MAX.PROT.ANTICARIES,2021-08-30 11:20:50,2021-08,08.189.400/0001-07,UN,1.0,3.48,38.66666666666667,True
bfd1c95ecd959e1b,SABONETE REXONA 84G BAMBOO FRESH,2021-08-30 11:20:50,2021-08,08.189.400/0001-07,UN,1.0,1.9,22.619047619047617,True
bfb6f76980b32ecd,SABONETE REXONA 84G ANTIBACTERIAL LIMP.PROFUNDA,2021-08-30 11:20:50,2021-08,08.189.400/0001-07,UN,1.0,1.9,22.619047619047617,True
b5c59d1e28ebb8f0,SABONETE REXONA 84G ORCHID FRESH,2021-08-30 11:20:50,2021-08,08.189.400/0001-07,UN,1.0,1.9,22.619047619047617,True
bfd1c95ecd959e1b,SABONETE REXONA 84G BAMBOO FRESH,2021-08-30 11:20:50,2021-08,08.189.400/0001-07,UN,1.0,1.9,22.619047619047617,True
83efa2ad27ecdf24,ESPONJA BOMBRIL MULTIUSO LV4 PG3,2021-08-30 11:20:50,2021-08,08.189.400/0001-07,UN,1.0,3.25,3.25,True
85b867c24bb8deae,SAND.HAV.COLOR MIX AREIA DOURADO CLARO 3940,2021-08-30 11:20:50,2021-08,08.189.400/0001-07,UN,1.0,11.99,11.99,True
008d56622b883128,SAND.HAV.COLOR MIX CINZA GELOPRATA 3940,2021-08-30 11:20:50,2021-08,08.189.400/0001-07,UN,1.0,11.99,11.99,True
d165a921b2db3b5f,DET.LIQ.BRILUX 500ML CRISTAL,2021-08-30 11:20:50,2021-08,08.189.400/0001-07,UN,1.0,1.94,3.88,True
d165a921b2db3b5f,DET.LIQ.BRILUX 500ML CRISTAL,2021-08-30 11:20:50,2021-08,08.189.400/0001-07,UN,1.0,1.94,3.88,True
77fce221c1a270fb,SACO PLIXO STA.MARIA 100L C5UN,2021-08-30 11:20:50,2021-08,08.189.400/0001-07,UN,1.0,4.98,0.0498,True
160665e0c2b9a09b,LIMPA VIDROS BRILUX CRISTALINO REFIL 500ML,2021-08-30 11:20:50,2021-08,08.189.400/0001-07,UN,1.0,8.99,17.98,True
b5c59d1e28ebb8f0,SABONETE REXONA 84G ORCHID FRESH,2021-08-30 11:20:50,2021-08,08.189.400/0001-07,UN,1.0,1.9,22.619047619047617,True
4b105b879c5398e1,CR.DENTAL COLGATE 90G MAX.PROT.ANTICARIES,2021-08-30 11:20:50,2021-08,08.189.400/0001-07,UN,1.0,3.48,38.66666666666667,True
8cbfa86ef3bb71a4,REPELENTE OFF KIDS 200ML,2021-08-30 11:20:50,2021-08,08.189.400/0001-07,UN,1.0,15.85,79.25,True
187312c170c17712,DESOD.AERO.NIVEA MEN STRESS PROTECT 150ML91G,2021-08-30 11:20:50,2021-08,08.189.400/0001-07,UN,1.0,9.45,103.84615384615384,True
bfc380832a41fd6b,DET.PO ALA 1KG FLOR LAVANDA,2021-08-30 11:20:50,2021-08,08.189.400/0001-07,UN,1.0,6.51,6.51,True
0c7f6851b0c9fdbd,SACO PLIXO IGUAL ECON 100L C10,2021-08-30 11:20:50,2021-08,08.189.400/0001-07,UN,1.0,11.25,0.1125,True
77fce221c1a270fb,SACO PLIXO STA.MARIA 100L C5UN,2021-08-30 11:20:50,2021-08,08.189.400/0001-07,UN,1.0,4.98,0.0498,True
9d130b8b33f9f758,CERVEJA HEINEKEN 330ML LN,2021-08-30 11:20:50,2021-08,08.189.400/0001-07,UN,1.0,31.14,94.36363636363636,True
9d130b8b33f9f758,CERVEJA HEINEKEN 330ML LN,2021-08-30 11:20:50,2021-08,08.189.400/0001-07,UN,1.0,31.14,94.36363636363636,True
d2132736fda2a0cd,MOLHO DE TOMATE HEMMER 680G PASSATA,2021-08-30 11:20:50,2021-08,08.189.400/0001-07,UN,1.0,11.62,17.088235294117645,True
d2132736fda2a0cd,MOLHO DE TOMATE HEMMER 680G PASSATA,2021-08-30 11:20:50,2021-08,08.189.400/0001-07,UN,1.0,11.62,17.088235294117645,True
d2132736fda2a0cd,MOLHO DE TOMATE HEMMER 680G PASSATA,2021-08-30 11:20:50,2021-08,08.189.400/0001-07,UN,1.0,11.62,17.088235294117645,True
d2132736fda2a0cd,MOLHO DE TOMATE HEMMER 680G PASSATA,2021-08-30 11:20:50,2021-08,08.189.400/0001-07,UN,1.0,11.62,17.088235294117645,True
d2132736fda2a0cd,MOLHO DE TOMATE HEMMER 680G PASSATA,2021-08-30 11:20:50,2021-08,08.189.400/0001-07,UN,1.0,11.62,17.088235294117645,True
d2132736fda2a0cd,MOLHO DE TOMATE HEMMER 680G PASSATA,2021-08-30 11:20:50,2021-08,08.189.400/0001-07,UN,1.0,11.62,17.088235294117645,True
b2fb3bc3b26d36da,AZEITONA VALE FERTIL CCAROCO 500G SACHE,2021-08-30 11:20:50,2021-08,08.189.400/0001-07,UN,1.0,9.96,19.92,True
fc1e3b4498a58d4c,LIMAO TAITI KG,2021-08-30 11:20:50,2021-08,08.189.400/0001-07,KG,1.68,3.45,3.45,True
a56bc271d3b724c0,SALSAO,2021-08-30 11:20:50,2021-08,08.189.400/0001-07,UN,2.0,2.59,2.59,True
9a84a1aa0c5e9a8a,PIMENTAO VERDE KG,2021-08-30 11:20:50,2021-08,08.189.400/0001-07,KG,0.32,6.49,6.49,True
cad1bfb332ca89e8,CENOURA KG,2021-08-30 11:20:50,2021-08,08.189.400/0001-07,KG,2.11,3.89,3.89,True
a0ab7af6ec064cf0,REFRIG.PEPSI 200ML COLA PET,2021-08-30 11:20:50,2021-08,08.189.400/0001-07,UN,1.0,1.06,5.3,True
a0ab7af6ec064cf0,REFRIG.PEPSI 200ML COLA PET,2021-08-30 11:20:50,2021-08,08.189.400/0001-07,UN,1.0,1.06,5.3,True
a0ab7af6ec064cf0,REFRIG.PEPSI 200ML COLA PET,2021-08-30 11:20:50,2021-08,08.189.400/0001-07,UN,1.0,1.06,5.3,True
b237750c67a69a55,SAL MARLIN REFINADO 1KG,2021-08-30 11:20:50,2021-08,08.189.400/0001-07,UN,1.0,1.55,1.55,True
b9122287a1b826e3,VINAGRE MINHOTO 500ML ALCOOL,2021-08-30 11:20:50,2021-08,08.189.400/0001-07,UN,1.0,3.25,6.5,True
bfb6f76980b32ecd,SABONETE REXONA 84G ANTIBACTERIAL LIMP.PROFUNDA,2021-08-30 11:20:50,2021-08,08.189.400/0001-07,UN,1.0,1.9,22.619047619047617,True
5535a31a57a0061a,FIGADO BOM TODO 1KG,2021-08-30 11:20:50,2021-08,08.189.400/0001-07,UN,1.0,11.39,11.39,True
acb0ef7818aba206,QUEIJO ILPLA COALHO KG,2021-08-30 11:20:50,2021-08,08.189.400/0001-07,UN,0.406,41.4,41.4,True
6d81f38a4eee8d03,NAFTALINA IGUAL 40GR,2021-08-30 11:20:50,2021-08,08.189.400/0001-07,UN,1.0,2.2,2.2,True
5fdbe5e0e5d4ec2d,MANTEIGA CAMPONESA PT 200GR,2021-08-30 11:20:50,2021-08,08.189.400/0001-07,UN,1.0,8.85,8.85,True
07db4cacc1cfe71d,SOBRECOXA BOM TODO CONG.1KG BDJ,2021-08-30 11:20:50,2021-08,08.189.400/0001-07,UN,1.0,14.99,14.99,True
2703e93776f58e10,PEIXE SARDINHA CONG.LAJE 1KG,2021-08-30 11:20:50,2021-08,08.189.400/0001-07,UN,1.0,12.3,12.3,True
f2b5f6b257fce167,PEIXE SARDINHA CONG.LAJE 1KG,2021-08-30 11:20:50,2021-08,08.189.400/0001-07,UN,1.0,12.3,12.3,True
204b17bb96e07575,BACON SEARA GOURMET 250G FATIADO,2021-08-30 11:20:50,2021-08,08.189.400/0001-07,UN,1.0,17.98,71.92,True
f0616747af98fe4b,MORT.PERDIGAO OURO 200G CERVAS FINAS,2021-08-30 11:20:50,2021-08,08.189.400/0001-07,UN,1.0,9.49,47.45,True
f0616747af98fe4b,MORT.PERDIGAO OURO 200G CERVAS FINAS,2021-08-30 11:20:50,2021-08,08.189.400/0001-07,UN,1.0,9.49,47.45,True
4ab70865611936ad,BETERRABA KG,2021-08-30 11:20:50,2021-08,08.189.400/0001-07,UN,0.985,4.69,4.69,True
9c38d51265e980f8,DESINF.URCA 2L FLORAL,2021-08-30 11:20:50,2021-08,08.189.400/0001-07,UN,1.0,5.85,2.925,True
8c393f536d43afb7,"AMAC.SONHO 1,5L MAGIC",2021-08-30 11:20:50,2021-08,08.189.400/0001-07,UN,1.0,7.99,5.326666666666667,True
69e95afabebae112,AGUA SANITARIA TUBARAO 5L,2021-08-30 11:20:50,2021-08,08.189.400/0001-07,UN,1.0,8.99,1.798,True
84e9f14c74307863,OVOS CAIPIRA DA ROCA C30,2021-08-30 11:20:50,2021-08,08.189.400/0001-07,UN,1.0,26.98,26.98,True
a40b07463a30db91,COCA COLA LATA,2021-08-24 22:37:50,2021-08,26.827.746/0001-67,und,1.0,5.0,5.0,True
1d2aea60982cafd0,MASSA FETTA GRANDE,2021-08-24 22:37:50,2021-08,26.827.746/0001-67,und,1.0,54.0,54.0,True
4c0ea1a5eeb44272,TAXA ENTREGA,2021-08-24 22:37:50,2021-08,26.827.746/0001-67,und,1.0,11.0,11.0,True
7614014816e2bd6a,MOUSSE DE CHOCOLATE,2021-08-20 16:07:35,2021-08,21.346.387/0001-02,und,2.0,8.0,8.0,True
b24aacc57e640cbc,BROWNIE,2021-08-20 16:07:35,2021-08,21.346.387/0001-02,und,1.0,9.5,9.5,True
ea9e0d0fb7353c3c,TAXA DE ENTREGA,2021-08-20 16:07:35,2021-08,21.346.387/0001-02,und,1.0,9.8,9.8,True
a4dcf7f05ae73ece,SALADA,2021-08-15 18:53:28,2021-08,38.479.740/0001-25,UN,1.0,38.0,38.0,True
adf7f9583607840e,BURGUER 01,2021-08-15 18:53:28,2021-08,38.479.740/0001-25,UN,1.0,28.0,28.0,True
b41b051d6d8e18f8,CROISSANT QUEIJO DO REINO E PEITO DE PERU,2021-08-15 18:53:28,2021-08,38.479.740/0001-25,UN,1.0,22.9,22.9,True
9468377f44a75b40,BURGER ANGUS CARA PRETA 18OG,2021-08-10 20:17:10,2021-08,24.195.330/0001-48,und,1.0,14.9,14.9,True
e95ad452e1207f6a,COMBO HAMB + PAST CALAB + GUAR,2021-08-10 20:17:10,2021-08,24.195.330/0001-48,und,1.0,26.9,26.9,True
57349f152478c5b2,H2O,2021-08-03 15:21:44,2021-08,21.346.387/0001-02,und,1.0,6.0,6.0,True
7614014816e2bd6a,MOUSSE DE CHOCOLATE,2021-08-03 15:21:44,2021-08,21.346.387/0001-02,und,2.0,8.0,8.0,True
a43fa0c78c13d6e6,BOLINHO DE BACALHAU C/ 12,2021-08-03 15:21:44,2021-08,21.346.387/0001-02,und,1.0,48.0,48.0,True
982d9beaf265d038,ADEGUITO,2021-08-03 15:21:44,2021-08,21.346.387/0001-02,und,1.0,24.99,24.99,True
ea9e0d0fb7353c3c,TAXA DE ENTREGA,2021-08-03 15:21:44,2021-08,21.346.387/0001-02,und,1.0,9.8,9.8,True
a4dcf7f05ae73ece,SALADA,2021-08-01 19:38:07,2021-08,38.479.740/0001-25,UN,1.0,32.0,32.0,True
adf7f9583607840e,BURGUER 01,2021-08-01 19:38:07,2021-08,38.479.740/0001-25,UN,1.0,22.0,22.0,True
63fe839f9c3a4698,BERINJELA FRANGO E GORGONZOLA,2021-08-01 19:38:07,2021-08,38.479.740/0001-25,UN,1.0,26.9,26.9,True
4f87181568fdb341,CREPE SALGADO,2021-07-31 19:55:35,2021-07,13.033.256/0001-47,und,1.0,35.0,35.0,True
4f87181568fdb341,CREPE SALGADO,2021-07-31 19:55:35,2021-07,13.033.256/0001-47,und,1.0,42.0,42.0,True
3d41c530969843de,SALADAS IFOOD,2021-07-31 19:55:35,2021-07,13.033.256/0001-47,und,1.0,37.0,37.0,True
0780409e6ebcc075,ENTREGA,2021-07-31 19:55:35,2021-07,13.033.256/0001-47,und,1.0,12.0,12.0,True
4c94285c1ea5c1aa,PARME. FILE EXECUTIVO DELIVERY,2021-07-28 16:13:43,2021-07,04.939.826/0001-71,und,1.0,45.5,45.5,True
d45c823a445f6e53,TAXA DE ENTREGA,2021-07-28 16:13:43,2021-07,04.939.826/0001-71,UND,1.0,6.75,6.75,True
7614014816e2bd6a,MOUSSE DE CHOCOLATE,2021-07-03 22:18:47,2021-07,21.346.387/0001-02,und,2.0,8.0,8.0,True
365485d8c2f0a795,CALABRESA GORGONLIZADA,2021-07-03 22:18:47,2021-07,21.346.387/0001-02,und,1.0,43.0,43.0,True
aaea75fed1272222,SALTIMBOCCA,2021-07-03 22:18:47,2021-07,21.346.387/0001-02,und,1.0,24.0,24.0,True
6b3c02a1ec43df6b,REFRIGERANTE LATA,2021-07-03 22:18:47,2021-07,21.346.387/0001-02,und,1.0,5.0,5.0,True
ea9e0d0fb7353c3c,TAXA DE ENTREGA,2021-07-03 22:18:47,2021-07,21.346.387/0001-02,und,1.0,9.8,9.8,True
acd1d57abe3f2af6,SANDUICHE CAPRESE,2021-07-02 21:01:48,2021-07,13.033.256/0001-47,und,1.0,40.0,40.0,True
4f87181568fdb341,CREPE SALGADO,2021-07-02 21:01:48,2021-07,13.033.256/0001-47,und,1.0,48.0,48.0,True
0780409e6ebcc075,ENTREGA,2021-07-02 21:01:48,2021-07,13.033.256/0001-47,und,1.0,12.0,12.0,True
710ce9b0f29ff191,MOLHO DE TOMATE MASTROIANI 680G PASSATA VIDRO,2021-06-24 11:03:34,2021-06,08.189.400/0001-07,UN,1.0,12.3,18.08823529411765,True
710ce9b0f29ff191,MOLHO DE TOMATE MASTROIANI 680G PASSATA VIDRO,2021-06-24 11:03:34,2021-06,08.189.400/0001-07,UN,1.0,12.3,18.08823529411765,True
710ce9b0f29ff191,MOLHO DE TOMATE MASTROIANI 680G PASSATA VIDRO,2021-06-24 11:03:34,2021-06,08.189.400/0001-07,UN,1.0,12.3,18.08823529411765,True
710ce9b0f29ff191,MOLHO DE TOMATE MASTROIANI 680G PASSATA VIDRO,2021-06-24 11:03:34,2021-06,08.189.400/0001-07,UN,1.0,12.3,18.08823529411765,True
01f416319035fa23,OVOS SOUZA BRANCOS C18 GRANDE,2021-06-24 11:03:34,2021-06,08.189.400/0001-07,UN,1.0,10.78,10.78,True
01f416319035fa23,OVOS SOUZA BRANCOS C18 GRANDE,2021-06-24 11:03:34,2021-06,08.189.400/0001-07,UN,1.0,10.78,10.78,True
9250c2201813ee89,PEIXE SARDINHA CONG.LAJE 1KG,2021-06-24 11:03:34,2021-06,08.189.400/0001-07,UN,3.0,12.3,12.3,True
cad1bfb332ca89e8,CENOURA KG,2021-06-24 11:03:34,2021-06,08.189.400/0001-07,KG,1.955,3.89,3.89,True
3b5fb69eb4935387,PAO DE QUEIJO PAO PAO QJO.QJO.400G TRADICIONAL,2021-06-24 11:03:34,2021-06,08.189.400/0001-07,UN,1.0,9.25,23.125,True
3b5fb69eb4935387,PAO DE QUEIJO PAO PAO QJO.QJO.400G TRADICIONAL,2021-06-24 11:03:34,2021-06,08.189.400/0001-07,UN,1.0,9.25,23.125,True
3b5fb69eb4935387,PAO DE QUEIJO PAO PAO QJO.QJO.400G TRADICIONAL,2021-06-24 11:03:34,2021-06,08.189.400/0001-07,UN,1.0,9.25,23.125,True
a265a35e75b6218a,CEBOLINHA HSV ORGANICA UN,2021-06-24 11:03:34,2021-06,08.189.400/0001-07,UN,1.0,2.29,2.29,True
fc1e3b4498a58d4c,LIMAO TAITI KG,2021-06-24 11:03:34,2021-06,08.189.400/0001-07,KG,1.255,2.98,2.98,True
a56bc271d3b724c0,SALSAO,2021-06-24 11:03:34,2021-06,08.189.400/0001-07,UN,2.0,2.59,2.59,True
6e1b0c3e2aa6e177,ACHOC.LIQ.TODDYNHO 200ML TRADICIONAL,2021-06-24 11:03:34,2021-06,08.189.400/0001-07,UN,1.0,1.77,8.85,True
6e1b0c3e2aa6e177,ACHOC.LIQ.TODDYNHO 200ML TRADICIONAL,2021-06-24 11:03:34,2021-06,08.189.400/0001-07,UN,1.0,1.77,8.85,True
6e1b0c3e2aa6e177,ACHOC.LIQ.TODDYNHO 200ML TRADICIONAL,2021-06-24 11:03:34,2021-06,08.189.400/0001-07,UN,1.0,1.77,8.85,True
b3ad7e82de3ce147,LTE.FERM.YAKULT 480G,2021-06-24 11:03:34,2021-06,08.189.400/0001-07,UN,3.0,10.99,22.895833333333336,True
4024be060fa5bab6,MORT.PERDIGAO OURO 200G CAZEITONA,2021-06-24 11:03:34,2021-06,08.189.400/0001-07,UN,1.0,8.65,43.25,True
4024be060fa5bab6,MORT.PERDIGAO OURO 200G CAZEITONA,2021-06-24 11:03:34,2021-06,08.189.400/0001-07,UN,1.0,8.65,43.25,True
b521b9638640abf9,ATUM 88 RALADO 140G EM OLEO,2021-06-24 11:03:34,2021-06,08.189.400/0001-07,UN,1.0,5.49,39.21428571428572,True
b521b9638640abf9,ATUM 88 RALADO 140G EM OLEO,2021-06-24 11:03:34,2021-06,08.189.400/0001-07,UN,1.0,5.49,39.21428571428572,True
b521b9638640abf9,ATUM 88 RALADO 140G EM OLEO,2021-06-24 11:03:34,2021-06,08.189.400/0001-07,UN,1.0,5.49,39.21428571428572,True
b521b9638640abf9,ATUM 88 RALADO 140G EM OLEO,2021-06-24 11:03:34,2021-06,08.189.400/0001-07,UN,1.0,5.49,39.21428571428572,True
c6fbd1e44ccf9e6b,ALCAPARRAS LAVIOLETERA 60G,2021-06-24 11:03:34,2021-06,08.189.400/0001-07,UN,1.0,7.5,125.0,True
8476b8553b2915b8,VINAGRE MINHOTO 500ML MACA,2021-06-24 11:03:34,2021-06,08.189.400/0001-07,UN,1.0,5.75,11.5,True
6e274310c223526b,TAFF MAN-EX 110ML UND,2021-06-24 11:03:34,2021-06,08.189.400/0001-07,UN,1.0,22.8,207.27272727272728,True
9a84a1aa0c5e9a8a,PIMENTAO VERDE KG,2021-06-24 11:03:34,2021-06,08.189.400/0001-07,KG,0.21,5.72,5.72,True
0ec221a39538717a,LEITE CONDENSADO CEMIL 395G INTEGRAL TP,2021-06-24 11:03:34,2021-06,08.189.400/0001-07,UN,1.0,4.95,12.531645569620252,True
1ca1a942c1775509,IOG.NESTLE CHAMBINHO 320G MORANGO,2021-06-24 11:03:34,2021-06,08.189.400/0001-07,UN,1.0,6.78,21.1875,True
1ca1a942c1775509,IOG.NESTLE CHAMBINHO 320G MORANGO,2021-06-24 11:03:34,2021-06,08.189.400/0001-07,UN,1.0,6.78,21.1875,True
c534072300e340b0,BISC.FORTALEZA CREAM CRACKER 400G FONTE DE FIBRAS,2021-06-24 11:03:34,2021-06,08.189.400/0001-07,UN,1.0,5.38,13.45,True
9f204493a92defb3,"BISC.NESTLE KIT KAT 41,5G WHITE",2021-06-24 11:03:34,2021-06,08.189.400/0001-07,UN,2.0,2.83,68.19277108433735,True
2d801f35a808f81b,"BISC.NESTLE KIT KAT 41,5G AO LEITE",2021-06-24 11:03:34,2021-06,08.189.400/0001-07,UN,2.0,2.83,68.19277108433735,True
b5e428a1fab7356b,"BISC.NESTLE KIT KAT 41,5G DARK",2021-06-24 11:03:34,2021-06,08.189.400/0001-07,UN,2.0,2.83,68.19277108433735,True
cda417c76cafaf05,ALCOOL SANTA CRUZ 70INPM 1L,2021-06-24 11:03:34,2021-06,08.189.400/0001-07,UN,1.0,9.65,9.65,True
bbd98763fc82579a,SAND.HAV.COLOR PRETO 3940,2021-06-24 11:03:34,2021-06,08.189.400/0001-07,UN,1.0,12.68,12.68,True
bbd98763fc82579a,SAND.HAV.COLOR PRETO 3940,2021-06-24 11:03:34,2021-06,08.189.400/0001-07,UN,1.0,12.68,12.68,True
b08424093186dcb8,FILTRO MEGATRON 1M PRETO 4T,2021-06-24 11:03:34,2021-06,08.189.400/0001-07,UN,1.0,23.83,23.83,True
faf8ad8837a9a898,FITA ADERE MULTI USO SILVER TAPE 45MMX5M,2021-06-24 11:03:34,2021-06,08.189.400/0001-07,UN,1.0,10.29,10.29,True
f610f986548e1c8d,CR.DENTAL COLGATE 90G TRIPLA ACAO HORTELA,2021-06-24 11:03:34,2021-06,08.189.400/0001-07,UN,1.0,3.48,38.66666666666667,True
f610f986548e1c8d,CR.DENTAL COLGATE 90G TRIPLA ACAO HORTELA,2021-06-24 11:03:34,2021-06,08.189.400/0001-07,UN,1.0,3.48,38.66666666666667,True
804829710957d907,TALCO PPES BARUEL TENYS PE 100G ACTION,2021-06-24 11:03:34,2021-06,08.189.400/0001-07,UN,1.0,7.89,78.89999999999999,True
5befa6442db9d22f,ESC.DENTAL ORAL-B CLASSIC MACIA LV3 PG2,2021-06-24 11:03:34,2021-06,08.189.400/0001-07,UN,1.0,15.8,15.8,True
f610f986548e1c8d,CR.DENTAL COLGATE 90G TRIPLA ACAO HORTELA,2021-06-24 11:03:34,2021-06,08.189.400/0001-07,UN,1.0,3.48,38.66666666666667,True
60f7fdfeb8b2b458,DESODORANTE PPES CHEVEUX KERO PE 70G,2021-06-24 11:03:34,2021-06,08.189.400/0001-07,UN,1.0,10.34,147.7142857142857,True
7c10874e0864b0cf,DESOD.AERO.AXE APOLLO 150ML96G,2021-06-24 11:03:34,2021-06,08.189.400/0001-07,UN,1.0,10.89,113.4375,True
804829710957d907,TALCO PPES BARUEL TENYS PE 100G ACTION,2021-06-24 11:03:34,2021-06,08.189.400/0001-07,UN,1.0,7.89,78.89999999999999,True
83ca36039532ba5c,DET.LIQ.INVICTO 500ML CLEAN,2021-06-24 11:03:34,2021-06,08.189.400/0001-07,UN,1.0,1.65,3.3,True
83ca36039532ba5c,DET.LIQ.INVICTO 500ML CLEAN,2021-06-24 11:03:34,2021-06,08.189.400/0001-07,UN,1.0,1.65,3.3,True
f635ec3159aba1bb,LUVAS STA.MARIA MULTIUSO G,2021-06-24 11:03:34,2021-06,08.189.400/0001-07,UN,1.0,8.25,8.25,True
86b77e02b7fed688,ESPONJA BETTANIN ESFREBOM LV.4 PG.3,2021-06-24 11:03:34,2021-06,08.189.400/0001-07,UN,1.0,3.98,3.98,True
0c7f6851b0c9fdbd,SACO PLIXO IGUAL ECON 100L C10,2021-06-24 11:03:34,2021-06,08.189.400/0001-07,UN,1.0,9.49,0.0949,True
0c7f6851b0c9fdbd,SACO PLIXO IGUAL ECON 100L C10,2021-06-24 11:03:34,2021-06,08.189.400/0001-07,UN,1.0,9.49,0.0949,True
68385f105a43cb02,PAPEL HIG.NEVE NEUTRO FD LV12 PG11,2021-06-24 11:03:34,2021-06,08.189.400/0001-07,UN,1.0,19.98,19.98,True
9d130b8b33f9f758,CERVEJA HEINEKEN 330ML LN,2021-06-24 11:03:34,2021-06,08.189.400/0001-07,UN,1.0,35.34,107.0909090909091,True
dc9fc8d9f88d039c,CERVEJA HEINEKEN 5L BARRIL,2021-06-24 11:03:34,2021-06,08.189.400/0001-07,UN,1.0,88.8,17.759999999999998,True
7614014816e2bd6a,MOUSSE DE CHOCOLATE,2021-06-23 14:31:57,2021-06,21.346.387/0001-02,und,3.0,8.0,8.0,True
0e3b2259f30de8f4,BOLINHO DE BACALHAU C/ 6,2021-06-23 14:31:57,2021-06,21.346.387/0001-02,und,1.0,24.0,24.0,True
efac5111fd92bb28,REFRIGERANTE 1 LITRO,2021-06-23 14:31:57,2021-06,21.346.387/0001-02,und,1.0,7.5,7.5,True
c2f7e0d4c9ec9814,PERNIL AO MOLHO DE DAMASCO,2021-06-23 14:31:57,2021-06,21.346.387/0001-02,und,1.0,22.99,22.99,True
ea9e0d0fb7353c3c,TAXA DE ENTREGA,2021-06-23 14:31:57,2021-06,21.346.387/0001-02,und,1.0,9.8,9.8,True
4f87181568fdb341,CREPE SALGADO,2021-06-19 19:59:12,2021-06,13.033.256/0001-47,und,1.0,35.0,35.0,True
4f87181568fdb341,CREPE SALGADO,2021-06-19 19:59:12,2021-06,13.033.256/0001-47,und,1.0,42.0,42.0,True
3d41c530969843de,SALADAS IFOOD,2021-06-19 19:59:12,2021-06,13.033.256/0001-47,und,1.0,37.0,37.0,True
0780409e6ebcc075,ENTREGA,2021-06-19 19:59:12,2021-06,13.033.256/0001-47,und,1.0,12.0,12.0,True
7614014816e2bd6a,MOUSSE DE CHOCOLATE,2021-06-16 15:13:14,2021-06,21.346.387/0001-02,und,2.0,8.0,8.0,True
b24aacc57e640cbc,BROWNIE,2021-06-16 15:13:14,2021-06,21.346.387/0001-02,und,1.0,9.5,9.5,True
efac5111fd92bb28,REFRIGERANTE 1 LITRO,2021-06-16 15:13:14,2021-06,21.346.387/0001-02,und,1.0,7.5,7.5,True
982d9beaf265d038,ADEGUITO,2021-06-16 15:13:14,2021-06,21.346.387/0001-02,und,1.0,23.99,23.99,True
ea9e0d0fb7353c3c,TAXA DE ENTREGA,2021-06-16 15:13:14,2021-06,21.346.387/0001-02,und,1.0,9.8,9.8,True
fa157be0d22c1dca,FOLHETTA,2021-06-15 23:03:45,2021-06,26.827.746/0001-67,und,1.0,8.0,8.0,True
a40b07463a30db91,COCA COLA LATA,2021-06-15 23:03:45,2021-06,26.827.746/0001-67,und,1.0,5.0,5.0,True
1d2aea60982cafd0,MASSA FETTA GRANDE,2021-06-15 23:03:45,2021-06,26.827.746/0001-67,und,1.0,55.0,55.0,True
4c0ea1a5eeb44272,TAXA ENTREGA,2021-06-15 23:03:45,2021-06,26.827.746/0001-67,und,1.0,11.0,11.0,True
7614014816e2bd6a,MOUSSE DE CHOCOLATE,2021-06-09 13:30:43,2021-06,21.346.387/0001-02,und,2.0,8.0,8.0,True
0e3b2259f30de8f4,BOLINHO DE BACALHAU C/ 6,2021-06-09 13:30:43,2021-06,21.346.387/0001-02,und,1.0,24.0,24.0,True
efac5111fd92bb28,REFRIGERANTE 1 LITRO,2021-06-09 13:30:43,2021-06,21.346.387/0001-02,und,1.0,7.5,7.5,True
982d9beaf265d038,ADEGUITO,2021-06-09 13:30:43,2021-06,21.346.387/0001-02,und,1.0,23.99,23.99,True
ea9e0d0fb7353c3c,TAXA DE ENTREGA,2021-06-09 13:30:43,2021-06,21.346.387/0001-02,und,1.0,9.8,9.8,True
df4bb2cc647c9ccb,"SORO FISIOL PMENOS 0,9/500ML",2021-06-04 09:22:21,2021-06,06.626.253/0260-37,UN,1.0,7.96,15.92,True
df4bb2cc647c9ccb,"SORO FISIOL PMENOS 0,9/500ML",2021-06-04 09:22:21,2021-06,06.626.253/0260-37,UN,1.0,7.96,15.92,True
c9c22df40173dfc3,MASSAGEOL AEROSOL 120ML,2021-06-04 09:22:21,2021-06,06.626.253/0260-37,TA,1.0,45.95,382.9166666666667,True
eba83e47373d9f25,SAL FRUTA ENO GUARANA 100G,2021-06-04 09:22:21,2021-06,06.626.253/0260-37,UN,1.0,21.96,219.6,True
dce0e6e40547c76e,PEIXE SARDINHA LUZITANIA 1KG ESPALMADA,2021-06-01 10:41:36,2021-06,08.189.400/0001-07,UN,5.0,13.76,13.76,True
232958f27266dae5,PAO DE QUEIJO FORNO MINAS 400G TRADICIONAL,2021-06-01 10:41:36,2021-06,08.189.400/0001-07,UN,1.0,10.98,27.45,True
232958f27266dae5,PAO DE QUEIJO FORNO MINAS 400G TRADICIONAL,2021-06-01 10:41:36,2021-06,08.189.400/0001-07,UN,1.0,10.98,27.45,True
232958f27266dae5,PAO DE QUEIJO FORNO MINAS 400G TRADICIONAL,2021-06-01 10:41:36,2021-06,08.189.400/0001-07,UN,1.0,10.98,27.45,True
e6bec76361d87edf,CAPSULA TRES 80G RITUAIS FLORADA PREMIADA,2021-06-01 10:41:36,2021-06,08.189.400/0001-07,UN,1.0,15.88,198.5,True
02b6c4d997149494,CAPSULA TRES 80G CAFE ESPRESSO VIBRANTE C10,2021-06-01 10:41:36,2021-06,08.189.400/0001-07,UN,1.0,15.88,198.5,True
c66431264a66576a,CAPSULA TRES 80G CAFE ESPRESSO PLENO C10,2021-06-01 10:41:36,2021-06,08.189.400/0001-07,UN,1.0,15.88,198.5,True
6c31ce625dc4ccf0,CAFE SANTA CLARA 250G CLASSICO ALMOFADA,2021-06-01 10:41:36,2021-06,08.189.400/0001-07,UN,1.0,4.59,18.36,True
0e59e748c1263226,CAPSULA TRES 80G RITUAIS ORGANICO C10,2021-06-01 10:41:36,2021-06,08.189.400/0001-07,UN,1.0,15.88,198.5,True
e6bec76361d87edf,CAPSULA TRES 80G RITUAIS FLORADA PREMIADA,2021-06-01 10:41:36,2021-06,08.189.400/0001-07,UN,1.0,15.88,198.5,True
0e59e748c1263226,CAPSULA TRES 80G RITUAIS ORGANICO C10,2021-06-01 10:41:36,2021-06,08.189.400/0001-07,UN,1.0,15.88,198.5,True
5fd38edeb159ed46,CERVEJA BADEN 600ML CRISTAL,2021-06-01 10:41:36,2021-06,08.189.400/0001-07,UN,1.0,9.99,16.650000000000002,True
5fd38edeb159ed46,CERVEJA BADEN 600ML CRISTAL,2021-06-01 10:41:36,2021-06,08.189.400/0001-07,UN,1.0,9.99,16.650000000000002,True
74492162f11c4cba,REFRIGERANTE COCA-COLA 250ML PET,2021-06-01 10:41:36,2021-06,08.189.400/0001-07,UN,1.0,1.99,7.96,True
74492162f11c4cba,REFRIGERANTE COCA-COLA 250ML PET,2021-06-01 10:41:36,2021-06,08.189.400/0001-07,UN,1.0,1.99,7.96,True
422e70d419a80c13,DESOD.AERO.REXONA STAY FRESH FLORES BRANCAS E LICH,2021-06-01 10:41:36,2021-06,08.189.400/0001-07,UN,1.0,11.99,11.99,True
41f8f5d7593468f8,DESOD.AERO.REXONA STAY FRESH POMELO E VERBENA 150M,2021-06-01 10:41:36,2021-06,08.189.400/0001-07,UN,1.0,11.99,11.99,True
086ce23f1af2d5a0,SABONETE REXONA 84G SPORT MEN,2021-06-01 10:41:36,2021-06,08.189.400/0001-07,UN,1.0,1.66,19.76190476190476,True
422e70d419a80c13,DESOD.AERO.REXONA STAY FRESH FLORES BRANCAS E LICH,2021-06-01 10:41:36,2021-06,08.189.400/0001-07,UN,1.0,11.99,11.99,True
086ce23f1af2d5a0,SABONETE REXONA 84G SPORT MEN,2021-06-01 10:41:36,2021-06,08.189.400/0001-07,UN,1.0,1.66,19.76190476190476,True
c3e3f383a0308a87,PULVERIZADOR IGUAL REF 5785,2021-06-01 10:41:36,2021-06,08.189.400/0001-07,UN,1.0,15.49,15.49,True
bfd1c95ecd959e1b,SABONETE REXONA 84G BAMBOO FRESH,2021-06-01 10:41:36,2021-06,08.189.400/0001-07,UN,1.0,1.66,19.76190476190476,True
086ce23f1af2d5a0,SABONETE REXONA 84G SPORT MEN,2021-06-01 10:41:36,2021-06,08.189.400/0001-07,UN,1.0,1.66,19.76190476190476,True
ba573ecead1b8b78,SABONETE PROTEX MEN 85G 3 EM 1,2021-06-01 10:41:36,2021-06,08.189.400/0001-07,UN,1.0,2.69,31.64705882352941,True
138d103e66b41c65,SABONETE REXONA 84G ACQUA FRESH,2021-06-01 10:41:36,2021-06,08.189.400/0001-07,UN,1.0,1.66,19.76190476190476,True
086ce23f1af2d5a0,SABONETE REXONA 84G SPORT MEN,2021-06-01 10:41:36,2021-06,08.189.400/0001-07,UN,1.0,1.66,19.76190476190476,True
ba573ecead1b8b78,SABONETE PROTEX MEN 85G 3 EM 1,2021-06-01 10:41:36,2021-06,08.189.400/0001-07,UN,1.0,2.69,31.64705882352941,True
ba573ecead1b8b78,SABONETE PROTEX MEN 85G 3 EM 1,2021-06-01 10:41:36,2021-06,08.189.400/0001-07,UN,1.0,2.69,31.64705882352941,True
138d103e66b41c65,SABONETE REXONA 84G ACQUA FRESH,2021-06-01 10:41:36,2021-06,08.189.400/0001-07,UN,1.0,1.66,19.76190476190476,True
086ce23f1af2d5a0,SABONETE REXONA 84G SPORT MEN,2021-06-01 10:41:36,2021-06,08.189.400/0001-07,UN,1.0,1.66,19.76190476190476,True
bfd1c95ecd959e1b,SABONETE REXONA 84G BAMBOO FRESH,2021-06-01 10:41:36,2021-06,08.189.400/0001-07,UN,1.0,1.66,19.76190476190476,True
83ca36039532ba5c,DET.LIQ.INVICTO 500ML CLEAN,2021-06-01 10:41:36,2021-06,08.189.400/0001-07,UN,1.0,1.65,3.3,True
a137bf3bab854865,SAND.HAV.COLOR AZUL NAVAL 3940,2021-06-01 10:41:36,2021-06,08.189.400/0001-07,UN,1.0,12.68,12.68,True
c68d1cb9bec1b50e,SAND.IPANEMA ANATOMICA SURF MASC PTOVM REF 21246,2021-06-01 10:41:36,2021-06,08.189.400/0001-07,UN,1.0,13.39,13.39,True
68385f105a43cb02,PAPEL HIG.NEVE NEUTRO FD LV12 PG11,2021-06-01 10:41:36,2021-06,08.189.400/0001-07,UN,1.0,19.98,19.98,True
86b77e02b7fed688,ESPONJA BETTANIN ESFREBOM LV.4 PG.3,2021-06-01 10:41:36,2021-06,08.189.400/0001-07,UN,1.0,3.98,3.98,True
9360fb6e028c559b,TOALHA DE PAPEL ABSOLUTO C2,2021-06-01 10:41:36,2021-06,08.189.400/0001-07,UN,1.0,4.3,4.3,True
02b6c4d997149494,CAPSULA TRES 80G CAFE ESPRESSO VIBRANTE C10,2021-06-01 10:41:36,2021-06,08.189.400/0001-07,UN,1.0,15.88,198.5,True
01f416319035fa23,OVOS SOUZA BRANCOS C18 GRANDE,2021-06-01 10:41:36,2021-06,08.189.400/0001-07,UN,1.0,10.78,10.78,True
01f416319035fa23,OVOS SOUZA BRANCOS C18 GRANDE,2021-06-01 10:41:36,2021-06,08.189.400/0001-07,UN,1.0,10.78,10.78,True
492aab44e000822d,BANANA PACOVAN KG,2021-06-01 10:41:36,2021-06,08.189.400/0001-07,UN,1.325,3.49,3.49,True
cad1bfb332ca89e8,CENOURA KG,2021-06-01 10:41:36,2021-06,08.189.400/0001-07,KG,1.68,3.89,3.89,True
fc1e3b4498a58d4c,LIMAO TAITI KG,2021-06-01 10:41:36,2021-06,08.189.400/0001-07,KG,1.035,2.98,2.98,True
8476b8553b2915b8,VINAGRE MINHOTO 500ML MACA,2021-06-01 10:41:36,2021-06,08.189.400/0001-07,UN,1.0,5.2,10.4,True
b9122287a1b826e3,VINAGRE MINHOTO 500ML ALCOOL,2021-06-01 10:41:36,2021-06,08.189.400/0001-07,UN,1.0,3.25,6.5,True
4ab70865611936ad,BETERRABA KG,2021-06-01 10:41:36,2021-06,08.189.400/0001-07,UN,0.68,5.59,5.59,True
1ca1a942c1775509,IOG.NESTLE CHAMBINHO 320G MORANGO,2021-06-01 10:41:36,2021-06,08.189.400/0001-07,UN,1.0,6.78,21.1875,True
1ca1a942c1775509,IOG.NESTLE CHAMBINHO 320G MORANGO,2021-06-01 10:41:36,2021-06,08.189.400/0001-07,UN,1.0,6.78,21.1875,True
6e797bd05a07b6d9,CHOC.TOBLERONE100G MILK,2021-06-01 10:41:36,2021-06,08.189.400/0001-07,UN,1.0,11.9,119.0,True
b3ad7e82de3ce147,LTE.FERM.YAKULT 480G,2021-06-01 10:41:36,2021-06,08.189.400/0001-07,UN,1.0,9.98,20.791666666666668,True
92af8efe8cb68c1d,MOLHO DE PIMENTA MARATA 150ML GOTA,2021-06-01 10:41:36,2021-06,08.189.400/0001-07,UN,1.0,1.95,13.0,True
2768ff579d3bda08,TAFF MAN-EX 110ML UND,2021-06-01 10:41:36,2021-06,08.189.400/0001-07,UN,1.0,3.47,31.545454545454547,True
2768ff579d3bda08,TAFF MAN-EX 110ML UND,2021-06-01 10:41:36,2021-06,08.189.400/0001-07,UN,1.0,3.47,31.545454545454547,True
6e274310c223526b,TAFF MAN-EX 110ML UND,2021-06-01 10:41:36,2021-06,08.189.400/0001-07,UN,1.0,20.82,189.27272727272728,True
da194de51a859d90,CEBOLINHA,2021-06-01 10:41:36,2021-06,08.189.400/0001-07,UN,1.0,1.89,1.89,True
47910109b139d1af,BISC.VITAMASSA CREAM CRACKER 400G INTEGRAL,2021-06-01 10:41:36,2021-06,08.189.400/0001-07,UN,1.0,3.75,9.375,True
75242192cced0d32,LTE.CONDENSADO NESTLE MOCA 395G TP,2021-06-01 10:41:36,2021-06,08.189.400/0001-07,UN,1.0,5.59,14.151898734177214,True
b5e428a1fab7356b,"BISC.NESTLE KIT KAT 41,5G DARK",2021-06-01 10:41:36,2021-06,08.189.400/0001-07,UN,1.0,2.83,68.19277108433735,True
75242192cced0d32,LTE.CONDENSADO NESTLE MOCA 395G TP,2021-06-01 10:41:36,2021-06,08.189.400/0001-07,UN,1.0,5.59,14.151898734177214,True
232958f27266dae5,PAO DE QUEIJO FORNO MINAS 400G TRADICIONAL,2021-06-01 10:41:36,2021-06,08.189.400/0001-07,UN,1.0,10.98,27.45,True
232958f27266dae5,PAO DE QUEIJO FORNO MINAS 400G TRADICIONAL,2021-06-01 10:41:36,2021-06,08.189.400/0001-07,UN,1.0,10.98,27.45,True
a56bc271d3b724c0,SALSAO,2021-06-01 10:41:36,2021-06,08.189.400/0001-07,UN,1.0,2.59,2.59,True
9f204493a92defb3,"BISC.NESTLE KIT KAT 41,5G WHITE",2021-06-01 10:41:36,2021-06,08.189.400/0001-07,UN,1.0,2.83,68.19277108433735,True
9f204493a92defb3,"BISC.NESTLE KIT KAT 41,5G WHITE",2021-06-01 10:41:36,2021-06,08.189.400/0001-07,UN,1.0,2.83,68.19277108433735,True
2d801f35a808f81b,"BISC.NESTLE KIT KAT 41,5G AO LEITE",2021-06-01 10:41:36,2021-06,08.189.400/0001-07,UN,1.0,2.83,68.19277108433735,True
2d801f35a808f81b,"BISC.NESTLE KIT KAT 41,5G AO LEITE",2021-06-01 10:41:36,2021-06,08.189.400/0001-07,UN,1.0,2.83,68.19277108433735,True
b5e428a1fab7356b,"BISC.NESTLE KIT KAT 41,5G DARK",2021-06-01 10:41:36,2021-06,08.189.400/0001-07,UN,1.0,2.83,68.19277108433735,True
79c5e503193af765,QUEIJO ILPLA COALHO NATURAL KG,2021-06-01 10:41:36,2021-06,08.189.400/0001-07,UN,0.342,35.88,35.88,True
4024be060fa5bab6,MORT.PERDIGAO OURO 200G CAZEITONA,2021-06-01 10:41:36,2021-06,08.189.400/0001-07,UN,1.0,8.65,43.25,True
faf8ad8837a9a898,FITA ADERE MULTI USO SILVER TAPE 45MMX5M,2021-06-01 10:41:36,2021-06,08.189.400/0001-07,UN,1.0,10.29,10.29,True
4b183295198d04f5,PEIXE CRISPY,2021-05-28 15:01:26,2021-05,21.346.387/0001-02,und,1.0,20.99,20.99,True
b24aacc57e640cbc,BROWNIE,2021-05-28 15:01:26,2021-05,21.346.387/0001-02,und,2.0,9.5,9.5,True
efac5111fd92bb28,REFRIGERANTE 1 LITRO,2021-05-28 15:01:26,2021-05,21.346.387/0001-02,und,1.0,7.5,7.5,True
ea9e0d0fb7353c3c,TAXA DE ENTREGA,2021-05-28 15:01:26,2021-05,21.346.387/0001-02,und,1.0,9.8,9.8,True
4f87181568fdb341,CREPE SALGADO,2021-05-23 20:15:25,2021-05,13.033.256/0001-47,und,1.0,23.5,23.5,True
4f87181568fdb341,CREPE SALGADO,2021-05-23 20:15:25,2021-05,13.033.256/0001-47,und,1.0,31.0,31.0,True
3d41c530969843de,SALADAS IFOOD,2021-05-23 20:15:25,2021-05,13.033.256/0001-47,und,1.0,37.0,37.0,True
0780409e6ebcc075,ENTREGA,2021-05-23 20:15:25,2021-05,13.033.256/0001-47,und,1.0,12.0,12.0,True
b24aacc57e640cbc,BROWNIE,2021-05-21 15:13:26,2021-05,21.346.387/0001-02,und,2.0,9.5,9.5,True
0e3b2259f30de8f4,BOLINHO DE BACALHAU C/ 6,2021-05-21 15:13:26,2021-05,21.346.387/0001-02,und,2.0,24.0,24.0,True
efac5111fd92bb28,REFRIGERANTE 1 LITRO,2021-05-21 15:13:26,2021-05,21.346.387/0001-02,und,1.0,7.5,7.5,True
ea9e0d0fb7353c3c,TAXA DE ENTREGA,2021-05-21 15:13:26,2021-05,21.346.387/0001-02,und,1.0,9.8,9.8,True
6aedd71c5ee57b45,BLUE MOON,2021-05-18 17:02:05,2021-05,32.000.926/0001-73,und,3.0,17.9,17.9,True
26e6247b7e895aaf,THE LORD OF THE ONION RINGS,2021-05-18 17:02:05,2021-05,32.000.926/0001-73,und,2.0,14.9,14.9,True
22d54c7137db5e3d,PIZZA FETTA GRANDE,2021-05-16 22:19:36,2021-05,26.827.746/0001-67,und,1.0,56.5,56.5,True
4c0ea1a5eeb44272,TAXA ENTREGA,2021-05-16 22:19:36,2021-05,26.827.746/0001-67,und,1.0,10.0,10.0,True
7614014816e2bd6a,MOUSSE DE CHOCOLATE,2021-05-05 14:40:15,2021-05,21.346.387/0001-02,und,2.0,8.0,8.0,True
efac5111fd92bb28,REFRIGERANTE 1 LITRO,2021-05-05 14:40:15,2021-05,21.346.387/0001-02,und,1.0,7.5,7.5,True
f4afbb1eb2d3daac,MEATBALLS,2021-05-05 14:40:15,2021-05,21.346.387/0001-02,und,1.0,32.99,32.99,True
ea9e0d0fb7353c3c,TAXA DE ENTREGA,2021-05-05 14:40:15,2021-05,21.346.387/0001-02,und,1.0,9.8,9.8,True
6aedd71c5ee57b45,BLUE MOON,2021-05-01 22:38:41,2021-05,32.000.926/0001-73,und,1.0,17.9,17.9,True
6aedd71c5ee57b45,BLUE MOON,2021-05-01 22:38:41,2021-05,32.000.926/0001-73,und,1.0,17.9,17.9,True
26e6247b7e895aaf,THE LORD OF THE ONION RINGS,2021-05-01 22:38:41,2021-05,32.000.926/0001-73,und,1.0,14.9,14.9,True
e152f7b0f059711c,COCA-COLA,2021-05-01 22:38:41,2021-05,32.000.926/0001-73,und,1.0,6.0,6.0,True
7614014816e2bd6a,MOUSSE DE CHOCOLATE,2021-04-29 15:12:44,2021-04,21.346.387/0001-02,und,2.0,8.0,8.0,True
efac5111fd92bb28,REFRIGERANTE 1 LITRO,2021-04-29 15:12:44,2021-04,21.346.387/0001-02,und,1.0,7.5,7.5,True
982d9beaf265d038,ADEGUITO,2021-04-29 15:12:44,2021-04,21.346.387/0001-02,und,1.0,31.99,31.99,True
ea9e0d0fb7353c3c,TAXA DE ENTREGA,2021-04-29 15:12:44,2021-04,21.346.387/0001-02,und,1.0,9.8,9.8,True
7614014816e2bd6a,MOUSSE DE CHOCOLATE,2021-04-27 14:14:47,2021-04,21.346.387/0001-02,und,2.0,8.0,8.0,True
efac5111fd92bb28,REFRIGERANTE 1 LITRO,2021-04-27 14:14:47,2021-04,21.346.387/0001-02,und,1.0,7.5,7.5,True
982d9beaf265d038,ADEGUITO,2021-04-27 14:14:47,2021-04,21.346.387/0001-02,und,1.0,31.99,31.99,True
ea9e0d0fb7353c3c,TAXA DE ENTREGA,2021-04-27 14:14:47,2021-04,21.346.387/0001-02,und,1.0,9.8,9.8,True
7614014816e2bd6a,MOUSSE DE CHOCOLATE,2021-04-22 15:24:36,2021-04,21.346.387/0001-02,und,2.0,8.0,8.0,True
6b3c02a1ec43df6b,REFRIGERANTE LATA,2021-04-22 15:24:36,2021-04,21.346.387/0001-02,und,1.0,5.0,5.0,True
982d9beaf265d038,ADEGUITO,2021-04-22 15:24:36,2021-04,21.346.387/0001-02,und,1.0,23.99,23.99,True
ea9e0d0fb7353c3c,TAXA DE ENTREGA,2021-04-22 15:24:36,2021-04,21.346.387/0001-02,und,1.0,9.8,9.8,True
f6e892b767bd1772,"KIBE MUSSARELA,TOMATE, OREGANO",2021-04-21 22:12:45,2021-04,23.539.156/0001-40,und,1.0,7.5,7.5,True
1dc2bfc90572887d,KIBE TRADICIONAL,2021-04-21 22:12:45,2021-04,23.539.156/0001-40,und,1.0,7.5,7.5,True
9965f1ed0e717a63,COCA COLA LATA,2021-04-21 22:12:45,2021-04,23.539.156/0001-40,und,1.0,6.0,6.0,True
c5332bf3e679110e,NAPOLIBACON,2021-04-21 22:12:45,2021-04,23.539.156/0001-40,und,1.0,13.0,13.0,True
b9f6ea9ea14fa9c0,ESFIRAS SALGADAS,2021-04-21 22:12:45,2021-04,23.539.156/0001-40,und,1.0,31.0,31.0,True
0eb8c45062ae6f43,EPOCLER FLAC/1 10ML,2021-04-20 14:43:15,2021-04,06.626.253/0260-37,FL,1.0,2.52,252.0,True
0eb8c45062ae6f43,EPOCLER FLAC/1 10ML,2021-04-20 14:43:15,2021-04,06.626.253/0260-37,FL,1.0,2.52,252.0,True
0eb8c45062ae6f43,EPOCLER FLAC/1 10ML,2021-04-20 14:43:15,2021-04,06.626.253/0260-37,FL,1.0,2.52,252.0,True
0eb8c45062ae6f43,EPOCLER FLAC/1 10ML,2021-04-20 14:43:15,2021-04,06.626.253/0260-37,FL,1.0,2.52,252.0,True
0eb8c45062ae6f43,EPOCLER FLAC/1 10ML,2021-04-20 14:43:15,2021-04,06.626.253/0260-37,FL,1.0,2.52,252.0,True
0eb8c45062ae6f43,EPOCLER FLAC/1 10ML,2021-04-20 14:43:15,2021-04,06.626.253/0260-37,FL,1.0,2.52,252.0,True
eba83e47373d9f25,SAL FRUTA ENO GUARANA 100G,2021-04-20 14:43:15,2021-04,06.626.253/0260-37,UN,1.0,21.96,219.6,True
0e3b2259f30de8f4,BOLINHO DE BACALHAU C/ 6,2021-04-20 14:27:56,2021-04,21.346.387/0001-02,und,1.0,24.0,24.0,True
6b3c02a1ec43df6b,REFRIGERANTE LATA,2021-04-20 14:27:56,2021-04,21.346.387/0001-02,und,1.0,5.0,5.0,True
f4afbb1eb2d3daac,MEATBALLS,2021-04-20 14:27:56,2021-04,21.346.387/0001-02,und,1.0,23.99,23.99,True
ea9e0d0fb7353c3c,TAXA DE ENTREGA,2021-04-20 14:27:56,2021-04,21.346.387/0001-02,und,1.0,9.8,9.8,True
1d2aea60982cafd0,MASSA FETTA GRANDE,2021-04-14 22:04:56,2021-04,26.827.746/0001-67,und,1.0,54.0,54.0,True
4c0ea1a5eeb44272,TAXA ENTREGA,2021-04-14 22:04:56,2021-04,26.827.746/0001-67,und,1.0,10.0,10.0,True
7614014816e2bd6a,MOUSSE DE CHOCOLATE,2021-04-10 14:59:59,2021-04,21.346.387/0001-02,und,2.0,8.0,8.0,True
a43fa0c78c13d6e6,BOLINHO DE BACALHAU C/ 12,2021-04-10 14:59:59,2021-04,21.346.387/0001-02,und,1.0,48.0,48.0,True
ea9e0d0fb7353c3c,TAXA DE ENTREGA,2021-04-10 14:59:59,2021-04,21.346.387/0001-02,und,1.0,9.8,9.8,True
de10069f6c41aeee,DORFLEX CPD/50,2021-04-10 09:36:43,2021-04,06.626.253/0260-37,UN,1.0,27.62,27.62,True
f46e2a6191ff4cde,CETOC+DIP BET+S NEOM POM 30G G-EMS,2021-04-10 09:36:43,2021-04,06.626.253/0260-37,UN,1.0,30.74,1024.6666666666667,True
7614014816e2bd6a,MOUSSE DE CHOCOLATE,2021-04-09 15:31:49,2021-04,21.346.387/0001-02,und,2.0,8.0,8.0,True
f4afbb1eb2d3daac,MEATBALLS,2021-04-09 15:31:49,2021-04,21.346.387/0001-02,und,1.0,23.99,23.99,True
ea9e0d0fb7353c3c,TAXA DE ENTREGA,2021-04-09 15:31:49,2021-04,21.346.387/0001-02,und,1.0,9.8,9.8,True
7614014816e2bd6a,MOUSSE DE CHOCOLATE,2021-04-06 14:50:07,2021-04,21.346.387/0001-02,und,2.0,8.0,8.0,True
b24aacc57e640cbc,BROWNIE,2021-04-06 14:50:07,2021-04,21.346.387/0001-02,und,2.0,9.5,9.5,True
0e3b2259f30de8f4,BOLINHO DE BACALHAU C/ 6,2021-04-06 14:50:07,2021-04,21.346.387/0001-02,und,1.0,24.0,24.0,True
efac5111fd92bb28,REFRIGERANTE 1 LITRO,2021-04-06 14:50:07,2021-04,21.346.387/0001-02,und,1.0,7.5,7.5,True
b5ca27389bb90702,COMBO POCKETS,2021-04-06 14:50:07,2021-04,21.346.387/0001-02,und,1.0,39.9,39.9,True
ea9e0d0fb7353c3c,TAXA DE ENTREGA,2021-04-06 14:50:07,2021-04,21.346.387/0001-02,und,1.0,9.8,9.8,True
14853a03b4e759ed,AREIA 15 KG FILTRO DE PISCINA,2021-04-05 14:47:11,2021-04,10.752.483/0001-34,UNIDA,3.0,35.0,2.333333333333333,True
6f5b18dc46af6d21,"SORO FISIOL PROSORO DAUF 0,9/ 500ML",2021-04-05 13:45:32,2021-04,06.626.253/0260-37,UN,1.0,8.07,16.14,True
6f5b18dc46af6d21,"SORO FISIOL PROSORO DAUF 0,9/ 500ML",2021-04-05 13:45:32,2021-04,06.626.253/0260-37,UN,1.0,8.07,16.14,True
7614014816e2bd6a,MOUSSE DE CHOCOLATE,2021-03-31 13:50:08,2021-03,21.346.387/0001-02,und,2.0,8.0,8.0,True
0e3b2259f30de8f4,BOLINHO DE BACALHAU C/ 6,2021-03-31 13:50:08,2021-03,21.346.387/0001-02,und,1.0,24.0,24.0,True
efac5111fd92bb28,REFRIGERANTE 1 LITRO,2021-03-31 13:50:08,2021-03,21.346.387/0001-02,und,1.0,7.5,7.5,True
b5ca27389bb90702,COMBO POCKETS,2021-03-31 13:50:08,2021-03,21.346.387/0001-02,und,1.0,39.9,39.9,True
ea9e0d0fb7353c3c,TAXA DE ENTREGA,2021-03-31 13:50:08,2021-03,21.346.387/0001-02,und,1.0,9.8,9.8,True
7614014816e2bd6a,MOUSSE DE CHOCOLATE,2021-03-26 14:23:24,2021-03,21.346.387/0001-02,und,2.0,8.0,8.0,True
b5ca27389bb90702,COMBO POCKETS,2021-03-26 14:23:24,2021-03,21.346.387/0001-02,und,1.0,39.9,39.9,True
ea9e0d0fb7353c3c,TAXA DE ENTREGA,2021-03-26 14:23:24,2021-03,21.346.387/0001-02,und,1.0,9.8,9.8,True
2d920a3431e102ca,ACAI NA TIGELA,2020-07-18 14:58:26,2020-07,09.227.128/0003-29,UN,1.0,25.0,25.0,True
4c5aebabbd05c859,TAXA DE ENTREGA,2020-07-18 14:58:26,2020-07,09.227.128/0003-29,und,1.0,12.0,12.0,True
7614014816e2bd6a,MOUSSE DE CHOCOLATE,2021-03-23 14:29:26,2021-03,21.346.387/0001-02,und,2.0,8.0,8.0,True
b5ca27389bb90702,COMBO POCKETS,2021-03-23 14:29:26,2021-03,21.346.387/0001-02,und,1.0,39.9,39.9,True
ea9e0d0fb7353c3c,TAXA DE ENTREGA,2021-03-23 14:29:26,2021-03,21.346.387/0001-02,und,1.0,9.8,9.8,True
0450a4e8c8e954a3,NEOSALDINA DGR/30,2021-03-11 19:01:17,2021-03,06.626.253/0260-37,UN,1.0,32.59,32.59,True
df4bb2cc647c9ccb,"SORO FISIOL PMENOS 0,9/500ML",2021-03-11 19:01:17,2021-03,06.626.253/0260-37,UN,1.0,7.33,14.66,True
0894fa8351bba0c9,KIT CANUDO PMENOS ECO INOX C/2,2021-03-11 19:01:17,2021-03,06.626.253/0260-37,UN,1.0,24.13,24.13,True
7614014816e2bd6a,MOUSSE DE CHOCOLATE,2021-03-03 14:16:44,2021-03,21.346.387/0001-02,und,3.0,8.0,8.0,True
0e3b2259f30de8f4,BOLINHO DE BACALHAU C/ 6,2021-03-03 14:16:44,2021-03,21.346.387/0001-02,und,1.0,24.0,24.0,True
6b3c02a1ec43df6b,REFRIGERANTE LATA,2021-03-03 14:16:44,2021-03,21.346.387/0001-02,und,1.0,5.0,5.0,True
ea9e0d0fb7353c3c,TAXA DE ENTREGA,2021-03-03 14:16:44,2021-03,21.346.387/0001-02,und,1.0,9.8,9.8,True
8f733fbf6de57a22,BROWNIE DE CHOC. C/AMENDOAS,2021-02-28 19:36:24,2021-02,13.033.256/0001-47,und,1.0,18.0,18.0,True
4f87181568fdb341,CREPE SALGADO,2021-02-28 19:36:24,2021-02,13.033.256/0001-47,und,1.0,47.5,47.5,True
3d41c530969843de,SALADAS IFOOD,2021-02-28 19:36:24,2021-02,13.033.256/0001-47,und,1.0,36.5,36.5,True
0780409e6ebcc075,ENTREGA,2021-02-28 19:36:24,2021-02,13.033.256/0001-47,und,1.0,12.0,12.0,True
a7a4369b42ef2c7a,Hoppy melt,2021-02-24 21:19:29,2021-02,32.000.926/0001-73,und,1.0,17.9,17.9,True
26e6247b7e895aaf,THE LORD OF THE ONION RINGS,2021-02-24 21:19:29,2021-02,32.000.926/0001-73,und,1.0,14.9,14.9,True
3ae1daeb40c7a6e0,MINI CHURROS DONA FLORINDA DE,2021-02-24 21:19:29,2021-02,32.000.926/0001-73,und,1.0,18.9,18.9,True
e90762a0ce0cd715,OVOS BEMAIS GRANDE BRANCO C/30UN,2021-02-22 14:44:23,2021-02,03.766.525/0002-01,UN,1.0,13.99,13.99,True
91fa41394f709b61,CENOURA AAA kg,2021-02-22 14:44:23,2021-02,03.766.525/0002-01,KG,2.665,4.99,4.99,True
ab791487c61dd982,BETERRABA kg,2021-02-22 14:44:23,2021-02,03.766.525/0002-01,KG,1.805,5.49,5.49,True
d2d9cc855c40239d,NUTELLA B-READY T1 22G,2021-02-22 14:44:23,2021-02,03.766.525/0002-01,UN,1.0,3.39,154.0909090909091,True
d2d9cc855c40239d,NUTELLA B-READY T1 22G,2021-02-22 14:44:23,2021-02,03.766.525/0002-01,UN,1.0,3.39,154.0909090909091,True
6fa122b973fb0c49,MANGA ROSA kg,2021-02-22 14:44:23,2021-02,03.766.525/0002-01,KG,0.455,5.69,5.69,True
a0fe8b3a90832b2c,CERV AMSTEL LATA 350ML,2021-02-22 14:44:23,2021-02,03.766.525/0002-01,UN,12.0,2.99,8.542857142857144,True
d7e8fc7ff66418a7,CAFE 3 CORACOES 10 CAPSULAS REG COLOMB,2021-02-22 14:44:23,2021-02,03.766.525/0002-01,UN,1.0,16.99,16.99,True
d7e8fc7ff66418a7,CAFE 3 CORACOES 10 CAPSULAS REG COLOMB,2021-02-22 14:44:23,2021-02,03.766.525/0002-01,UN,1.0,16.99,16.99,True
feb64d38fb3153e7,CAFE CAPS 3CORACOES C.10UN ESPRESS VIBRANT,2021-02-22 14:44:23,2021-02,03.766.525/0002-01,UN,1.0,16.99,16.99,True
feb64d38fb3153e7,CAFE CAPS 3CORACOES C.10UN ESPRESS VIBRANT,2021-02-22 14:44:23,2021-02,03.766.525/0002-01,UN,1.0,16.99,16.99,True
c0d2a4c9c9dfcea9,CAFE 3 CORACOES 10 CAPSULAS FORZA,2021-02-22 14:44:23,2021-02,03.766.525/0002-01,UN,1.0,16.99,16.99,True
c0d2a4c9c9dfcea9,CAFE 3 CORACOES 10 CAPSULAS FORZA,2021-02-22 14:44:23,2021-02,03.766.525/0002-01,UN,1.0,16.99,16.99,True
60002666a18ff7f1,IOGURTE CHAMBINHO 480G MORANGO,2021-02-22 14:44:23,2021-02,03.766.525/0002-01,UN,1.0,10.49,21.854166666666668,True
60002666a18ff7f1,IOGURTE CHAMBINHO 480G MORANGO,2021-02-22 14:44:23,2021-02,03.766.525/0002-01,UN,1.0,10.49,21.854166666666668,True
67796471a2323d08,MACAXEIRA kg,2021-02-22 14:44:23,2021-02,03.766.525/0002-01,KG,1.515,2.49,2.49,True
3b60a70624ad7ed1,POLPA DE TOM RUSTICA PAGANINI 690G,2021-02-22 14:44:23,2021-02,03.766.525/0002-01,UN,1.0,11.99,17.3768115942029,True
3b60a70624ad7ed1,POLPA DE TOM RUSTICA PAGANINI 690G,2021-02-22 14:44:23,2021-02,03.766.525/0002-01,UN,1.0,11.99,17.3768115942029,True
3b60a70624ad7ed1,POLPA DE TOM RUSTICA PAGANINI 690G,2021-02-22 14:44:23,2021-02,03.766.525/0002-01,UN,1.0,11.99,17.3768115942029,True
3b60a70624ad7ed1,POLPA DE TOM RUSTICA PAGANINI 690G,2021-02-22 14:44:23,2021-02,03.766.525/0002-01,UN,1.0,11.99,17.3768115942029,True
937116b92204e0dc,CAFE 3 CORACOES 10 CAPSULAS PLENO,2021-02-22 14:44:23,2021-02,03.766.525/0002-01,UN,1.0,16.99,16.99,True
937116b92204e0dc,CAFE 3 CORACOES 10 CAPSULAS PLENO,2021-02-22 14:44:23,2021-02,03.766.525/0002-01,UN,1.0,16.99,16.99,True
f9437fdabfc275e1,CHA LEAO PET 1L TEA FZ LIM,2021-02-22 14:44:23,2021-02,03.766.525/0002-01,UN,1.0,5.99,5.99,True
23f156fbb6393d3a,VINHO CHI RESERVADO CC Y TORO 750ML CABERNET SUAVI,2021-02-22 14:44:23,2021-02,03.766.525/0002-01,UN,1.0,28.99,38.65333333333333,True
1f4ed5c471abd0e4,VINAGRE MINHOTO ALCOOL 750ML,2021-02-22 14:44:23,2021-02,03.766.525/0002-01,UN,1.0,3.79,5.053333333333334,True
2367bd250cdc575e,VINAGRE MINHOTO MACA LV500PG450ML,2021-02-22 14:44:23,2021-02,03.766.525/0002-01,UN,1.0,5.39,11.977777777777776,True
db32793f9dde9f63,VH AURORA VARIET CAB SAUV TTO 750ML SECO,2021-02-22 14:44:23,2021-02,03.766.525/0002-01,UN,1.0,28.99,38.65333333333333,True
9a189237d3a30b6a,VINHO CHI RESERVADO CC Y TORO 750ML MERLOT,2021-02-22 14:44:23,2021-02,03.766.525/0002-01,UN,1.0,28.99,38.65333333333333,True
d2d9cc855c40239d,NUTELLA B-READY T1 22G,2021-02-22 14:44:23,2021-02,03.766.525/0002-01,UN,1.0,3.39,154.0909090909091,True
d2d9cc855c40239d,NUTELLA B-READY T1 22G,2021-02-22 14:44:23,2021-02,03.766.525/0002-01,UN,1.0,3.39,154.0909090909091,True
d2d9cc855c40239d,NUTELLA B-READY T1 22G,2021-02-22 14:44:23,2021-02,03.766.525/0002-01,UN,1.0,3.39,154.0909090909091,True
1231fd5f257a5d45,"KIT KAT 4 FINGER NESTLE 41,5G MORANGO",2021-02-22 14:44:23,2021-02,03.766.525/0002-01,UN,1.0,2.49,60.0,True
1231fd5f257a5d45,"KIT KAT 4 FINGER NESTLE 41,5G MORANGO",2021-02-22 14:44:23,2021-02,03.766.525/0002-01,UN,1.0,2.49,60.0,True
1231fd5f257a5d45,"KIT KAT 4 FINGER NESTLE 41,5G MORANGO",2021-02-22 14:44:23,2021-02,03.766.525/0002-01,UN,1.0,2.49,60.0,True
9b4d479a89a8183b,BEBIDA ISOT GATORADE PT 500ML MORAN MARAC,2021-02-22 14:44:23,2021-02,03.766.525/0002-01,UN,1.0,3.99,7.98,True
6062a510fe9ccc76,AGUA TONICA ANTARCTIC DIET LT 350ML,2021-02-22 14:44:23,2021-02,03.766.525/0002-01,UN,1.0,2.99,8.542857142857144,True
395e3fb5dc778b42,SUCO DEL VALLE FRUT 450ML UVA,2021-02-22 14:44:23,2021-02,03.766.525/0002-01,UN,1.0,1.99,4.422222222222223,True
dc91aa2dc603fe2b,Leite Fermentado Yakult 480G T,2021-02-22 14:44:23,2021-02,03.766.525/0002-01,UN,1.0,9.99,20.8125,True
dc91aa2dc603fe2b,Leite Fermentado Yakult 480G T,2021-02-22 14:44:23,2021-02,03.766.525/0002-01,UN,1.0,9.99,20.8125,True
6062a510fe9ccc76,AGUA TONICA ANTARCTIC DIET LT 350ML,2021-02-22 14:44:23,2021-02,03.766.525/0002-01,UN,1.0,2.99,8.542857142857144,True
cf6ef0397dd6a1ea,REFRIG COCA-COLA LT 220ML,2021-02-22 14:44:23,2021-02,03.766.525/0002-01,UN,1.0,1.99,9.045454545454543,True
cf6ef0397dd6a1ea,REFRIG COCA-COLA LT 220ML,2021-02-22 14:44:23,2021-02,03.766.525/0002-01,UN,1.0,1.99,9.045454545454543,True
cf6ef0397dd6a1ea,REFRIG COCA-COLA LT 220ML,2021-02-22 14:44:23,2021-02,03.766.525/0002-01,UN,1.0,1.99,9.045454545454543,True
49dc899dd96366ac,BEB GASEIF H2O LIMAO C/GAS 500ML,2021-02-22 14:44:23,2021-02,03.766.525/0002-01,UN,1.0,2.99,5.98,True
49dc899dd96366ac,BEB GASEIF H2O LIMAO C/GAS 500ML,2021-02-22 14:44:23,2021-02,03.766.525/0002-01,UN,1.0,2.99,5.98,True
b8e048212f195ed0,AGUA MIN S BENTO CRYSTAL C/G 500ML,2021-02-22 14:44:23,2021-02,03.766.525/0002-01,UN,1.0,1.39,2.78,True
b8e048212f195ed0,AGUA MIN S BENTO CRYSTAL C/G 500ML,2021-02-22 14:44:23,2021-02,03.766.525/0002-01,UN,1.0,1.39,2.78,True
ce3d45d8a4ad116f,"KIT KAT 4 FINGER NESTLE 41,5G BRANCO",2021-02-22 14:44:23,2021-02,03.766.525/0002-01,UN,1.0,2.49,60.0,True
ce3d45d8a4ad116f,"KIT KAT 4 FINGER NESTLE 41,5G BRANCO",2021-02-22 14:44:23,2021-02,03.766.525/0002-01,UN,1.0,2.49,60.0,True
9b4d479a89a8183b,BEBIDA ISOT GATORADE PT 500ML MORAN MARAC,2021-02-22 14:44:23,2021-02,03.766.525/0002-01,UN,1.0,3.99,7.98,True
395e3fb5dc778b42,SUCO DEL VALLE FRUT 450ML UVA,2021-02-22 14:44:23,2021-02,03.766.525/0002-01,UN,1.0,1.99,4.422222222222223,True
b4b64d6ae871f7f2,REQUEIJAO BATAVO CREMOSO 200G,2021-02-22 14:44:23,2021-02,03.766.525/0002-01,UN,1.0,4.99,24.95,True
b8e048212f195ed0,AGUA MIN S BENTO CRYSTAL C/G 500ML,2021-02-22 14:44:23,2021-02,03.766.525/0002-01,UN,1.0,1.39,2.78,True
0338afb975cd6f47,LIMAO TAITY kg,2021-02-22 14:44:23,2021-02,03.766.525/0002-01,KG,1.29,3.79,3.79,True
780231994a55c6e5,CAMARAO CINZA FRESCO kg,2021-02-22 14:44:23,2021-02,03.766.525/0002-01,KG,2.185,23.99,23.99,True
780231994a55c6e5,CAMARAO CINZA FRESCO kg,2021-02-22 14:44:23,2021-02,03.766.525/0002-01,KG,2.06,23.99,23.99,True
245fac0462aedcc9,LIMPA VIDRO BRILUX REFIL 500ML,2021-02-22 14:44:23,2021-02,03.766.525/0002-01,UN,1.0,8.98,17.96,True
076b5de0539ee71e,DESOD AEROSOL AXE 113G/160ML B.SPRAY APOLLO,2021-02-22 14:44:23,2021-02,03.766.525/0002-01,UN,1.0,10.99,97.2566371681416,True
076b5de0539ee71e,DESOD AEROSOL AXE 113G/160ML B.SPRAY APOLLO,2021-02-22 14:44:23,2021-02,03.766.525/0002-01,UN,1.0,10.99,97.2566371681416,True
0ab666e3c6b7ef72,DESODORANTE AER AXE BLACK 150ML/96G,2021-02-22 14:44:23,2021-02,03.766.525/0002-01,UN,1.0,10.99,73.26666666666667,True
a9689b1787f055dd,TALCO BARLA 140G,2021-02-22 14:44:23,2021-02,03.766.525/0002-01,UN,1.0,5.99,42.785714285714285,True
f76ce7c9929be902,CREME DE ACAI ETHIC 900G,2021-02-22 14:44:23,2021-02,03.766.525/0002-01,UN,1.0,21.99,24.43333333333333,True
f76ce7c9929be902,CREME DE ACAI ETHIC 900G,2021-02-22 14:44:23,2021-02,03.766.525/0002-01,UN,1.0,21.99,24.43333333333333,True
c977ff4997c18433,DESINFETANTE PINHO SOL 1LT LAVANDA,2021-02-22 14:44:23,2021-02,03.766.525/0002-01,UN,1.0,8.99,8.99,True
95cd8584ad24b053,DETERG YPE LIQ 500ML NEUTRO,2021-02-22 14:44:23,2021-02,03.766.525/0002-01,UN,1.0,1.99,3.98,True
95cd8584ad24b053,DETERG YPE LIQ 500ML NEUTRO,2021-02-22 14:44:23,2021-02,03.766.525/0002-01,UN,1.0,1.99,3.98,True
2bfc651ad3168101,AMACIANTE DOWNY 450ML MISTICO,2021-02-22 14:44:23,2021-02,03.766.525/0002-01,UN,1.0,9.99,22.2,True
10b33fc5b5494f79,ALCOOL TUBARAO 500ML,2021-02-22 14:44:23,2021-02,03.766.525/0002-01,UN,1.0,5.99,11.98,True
076b5de0539ee71e,DESOD AEROSOL AXE 113G/160ML B.SPRAY APOLLO,2021-02-22 14:44:23,2021-02,03.766.525/0002-01,UN,1.0,10.99,97.2566371681416,True
46c4c1b1e38a2aae,CERV HEINEKEN BARRIL 5L,2021-02-22 14:44:23,2021-02,03.766.525/0002-01,UN,1.0,89.99,17.997999999999998,True
738cfd891e26eb44,PAPEL HIG NEVE COMP 30CM L12 P11,2021-02-22 14:44:23,2021-02,03.766.525/0002-01,UN,1.0,17.99,17.99,True
34ab390625705d26,AGUA SANIT BRILUX 5L,2021-02-22 14:44:23,2021-02,03.766.525/0002-01,UN,1.0,13.99,2.798,True
8f733fbf6de57a22,BROWNIE DE CHOC. C/AMENDOAS,2021-02-21 20:58:43,2021-02,13.033.256/0001-47,und,1.0,18.0,18.0,True
15e04e23daa7a4a3,AQUARIUS FRESH,2021-02-21 20:58:43,2021-02,13.033.256/0001-47,und,1.0,7.0,7.0,True
3d41c530969843de,SALADAS IFOOD,2021-02-21 20:58:43,2021-02,13.033.256/0001-47,und,1.0,51.5,51.5,True
0780409e6ebcc075,ENTREGA,2021-02-21 20:58:43,2021-02,13.033.256/0001-47,und,1.0,12.0,12.0,True
5f09ed76c6837387,BEPANTOL BABY CREME 60G,2021-02-17 15:49:34,2021-02,06.626.253/0260-37,UN,1.0,30.96,516.0,True
e9e3e4de0c096ead,CETOC+DIP BETAMETASONA POM30G GN-ME,2021-02-17 15:49:34,2021-02,06.626.253/0260-37,UN,1.0,30.74,1024.6666666666667,True
23d574c97fa24011,HTH REDUTOR DE PH EXTRA FORTE 1 LITRO,2021-02-16 12:27:48,2021-02,10.752.483/0001-34,UNIDA,2.0,30.0,30.0,True
15e04e23daa7a4a3,AQUARIUS FRESH,2021-02-13 21:03:51,2021-02,13.033.256/0001-47,und,2.0,7.0,7.0,True
4f87181568fdb341,CREPE SALGADO,2021-02-13 21:03:51,2021-02,13.033.256/0001-47,und,1.0,30.5,30.5,True
4f87181568fdb341,CREPE SALGADO,2021-02-13 21:03:51,2021-02,13.033.256/0001-47,und,1.0,34.5,34.5,True
3d41c530969843de,SALADAS IFOOD,2021-02-13 21:03:51,2021-02,13.033.256/0001-47,und,1.0,33.5,33.5,True
0780409e6ebcc075,ENTREGA,2021-02-13 21:03:51,2021-02,13.033.256/0001-47,und,1.0,12.0,12.0,True
3b5584be99537da1,NEOSALDINA DRG/20,2021-02-10 15:53:09,2021-02,06.626.253/0260-37,CX,1.0,22.64,22.64,True
60194a84f1d0df32,CATAFLAMPRO AEROSOL 60G,2021-02-10 15:53:09,2021-02,06.626.253/0260-37,UN,1.0,35.77,596.1666666666667,True
854b7266be06b0d0,CHA LEAO ICETEA PESSEGO 300ML,2021-02-10 15:53:09,2021-02,06.626.253/0260-37,UN,1.0,4.62,15.4,True
eba83e47373d9f25,SAL FRUTA ENO GUARANA 100G,2021-02-10 15:53:09,2021-02,06.626.253/0260-37,UN,1.0,21.96,219.6,True
78a0ad36d5242258,CETOC+DIP BET+S. NEOM CR 30G GN-CIM,2021-02-10 15:53:09,2021-02,06.626.253/0260-37,CX,1.0,23.35,778.3333333333334,True
b2316b36580981c8,HIPOGLOS TRANSPARENTE 30G,2021-02-10 15:53:09,2021-02,06.626.253/0260-37,UN,1.0,19.41,647.0,True
c487eceb4fcd3d34,CATAFLAM 50MG CPD/10,2021-02-10 15:53:09,2021-02,06.626.253/0260-37,UN,1.0,19.82,19.82,True
df4bb2cc647c9ccb,"SORO FISIOL PMENOS 0,9/500ML",2021-02-10 15:53:09,2021-02,06.626.253/0260-37,UN,1.0,6.91,13.82,True
4f87181568fdb341,CREPE SALGADO,2021-02-07 21:58:48,2021-02,13.033.256/0001-47,und,1.0,26.9,26.9,True
4f87181568fdb341,CREPE SALGADO,2021-02-07 21:58:48,2021-02,13.033.256/0001-47,und,1.0,29.25,29.25,True
3d41c530969843de,SALADAS IFOOD,2021-02-07 21:58:48,2021-02,13.033.256/0001-47,und,1.0,28.0,28.0,True
0780409e6ebcc075,ENTREGA,2021-02-07 21:58:48,2021-02,13.033.256/0001-47,und,1.0,12.0,12.0,True
22d54c7137db5e3d,PIZZA FETTA GRANDE,2021-01-31 22:19:09,2021-01,26.827.746/0001-67,und,1.0,59.0,59.0,True
4c0ea1a5eeb44272,TAXA ENTREGA,2021-01-31 22:19:09,2021-01,26.827.746/0001-67,und,1.0,10.0,10.0,True
22d54c7137db5e3d,PIZZA FETTA GRANDE,2021-01-29 22:52:46,2021-01,26.827.746/0001-67,und,1.0,50.5,50.5,True
4c0ea1a5eeb44272,TAXA ENTREGA,2021-01-29 22:52:46,2021-01,26.827.746/0001-67,und,1.0,10.0,10.0,True
22d54c7137db5e3d,PIZZA FETTA GRANDE,2021-01-29 22:30:01,2021-01,26.827.746/0001-67,und,1.0,51.5,51.5,True
680c1c118150ed6f,PIZZA FETTA PEQUENA,2021-01-29 22:30:01,2021-01,26.827.746/0001-67,und,1.0,39.0,39.0,True
4c0ea1a5eeb44272,TAXA ENTREGA,2021-01-29 22:30:01,2021-01,26.827.746/0001-67,und,1.0,10.0,10.0,True
7614014816e2bd6a,MOUSSE DE CHOCOLATE,2021-01-23 14:40:49,2021-01,21.346.387/0001-02,und,3.0,8.0,8.0,True
b24aacc57e640cbc,BROWNIE,2021-01-23 14:40:49,2021-01,21.346.387/0001-02,und,3.0,9.5,9.5,True
0e3b2259f30de8f4,BOLINHO DE BACALHAU C/ 6,2021-01-23 14:40:49,2021-01,21.346.387/0001-02,und,1.0,24.0,24.0,True
efac5111fd92bb28,REFRIGERANTE 1 LITRO,2021-01-23 14:40:49,2021-01,21.346.387/0001-02,und,1.0,7.5,7.5,True
ea9e0d0fb7353c3c,TAXA DE ENTREGA,2021-01-23 14:40:49,2021-01,21.346.387/0001-02,und,1.0,9.8,9.8,True
adc8bb47c836fefc,TAXA DE ENTREGA,2021-01-15 20:07:33,2021-01,26.893.427/0001-50,und,1.0,9.9,9.9,True
419a16b7b32ea66c,OPCAO ENTRADA,2021-01-15 20:07:33,2021-01,26.893.427/0001-50,und,1.0,15.0,15.0,True
c5cc2118a78e03e6,OPCAO MASSAS,2021-01-15 20:07:33,2021-01,26.893.427/0001-50,und,1.0,44.0,44.0,True
458090b73675ca10,OPCAO DE RISOTO,2021-01-15 20:07:33,2021-01,26.893.427/0001-50,und,1.0,48.0,48.0,True
f59a8a56eb82bd0e,PEDRA RACHINHA AZUL P M2,2021-01-13 12:43:39,2021-01,70.110.143/0001-31,M2,90.0,13.5,13.5,True
d990400294a99e46,CADEADO E-20 GOLD,2021-01-13 12:43:39,2021-01,70.110.143/0001-31,UN,2.0,13.9,13.9,True
d2132736fda2a0cd,MOLHO DE TOMATE HEMMER 680G PASSATA,2021-01-11 12:21:01,2021-01,08.189.400/0001-07,UN,3.0,10.98,16.14705882352941,True
2768ff579d3bda08,TAFF MAN-EX 110ML UND,2021-01-11 12:21:01,2021-01,08.189.400/0001-07,UN,1.0,3.1,28.181818181818183,True
456a78fb7dc07685,WAFER REC NUTELLA B-READY 22G,2021-01-11 12:21:01,2021-01,08.189.400/0001-07,UN,1.0,2.75,125.0,True
045c792877840eed,MOLHO DE TOMATE MASTROIANI 420G PASSATA,2021-01-11 12:21:01,2021-01,08.189.400/0001-07,UN,1.0,8.43,20.071428571428573,True
045c792877840eed,MOLHO DE TOMATE MASTROIANI 420G PASSATA,2021-01-11 12:21:01,2021-01,08.189.400/0001-07,UN,1.0,8.43,20.071428571428573,True
b2fb3bc3b26d36da,AZEITONA VALE FERTIL CCAROCO 500G SACHE,2021-01-11 12:21:01,2021-01,08.189.400/0001-07,UN,1.0,8.98,17.96,True
20cd32135554b327,OVOS SOUZA BRANCOS C30 GRANDE,2021-01-11 12:21:01,2021-01,08.189.400/0001-07,UN,1.0,13.3,13.3,True
9b3336d1df3518ea,"DET.PO TIXAN LEVE 2KG PAGUE 1,900KG MACIEZ",2021-01-11 12:21:01,2021-01,08.189.400/0001-07,UN,1.0,13.78,6.89,True
a56969325f871818,PAPEL HIG.VELUD VIP F.DUPLA 30X10 LV16 PG15,2021-01-11 12:21:01,2021-01,08.189.400/0001-07,UN,1.0,20.98,20.98,True
ed7c998d47d132b5,DET.LIQ.LIMPOL 500ML NEUTRO,2021-01-11 12:21:01,2021-01,08.189.400/0001-07,UN,1.0,2.05,4.1,True
7a78422c88e0ffc1,DESODORANTE AEROSOL AXE BLACK 150ML96G.,2021-01-11 12:21:01,2021-01,08.189.400/0001-07,UN,1.0,10.59,110.3125,True
1b40a7fd4f6d47a8,DESOD.AERO.REXONA BAMBOO E ALOE VERA 150ML90G,2021-01-11 12:21:01,2021-01,08.189.400/0001-07,UN,1.0,11.99,133.22222222222223,True
6b470633dab1ab38,TALCO PPES BARUEL TENYS PE 100G ORIGINAL,2021-01-11 12:21:01,2021-01,08.189.400/0001-07,UN,1.0,7.36,73.6,True
41f8f5d7593468f8,DESOD.AERO.REXONA STAY FRESH POMELO E VERBENA 150M,2021-01-11 12:21:01,2021-01,08.189.400/0001-07,UN,1.0,11.99,11.99,True
1b40a7fd4f6d47a8,DESOD.AERO.REXONA BAMBOO E ALOE VERA 150ML90G,2021-01-11 12:21:01,2021-01,08.189.400/0001-07,UN,1.0,11.99,133.22222222222223,True
f49d09ae29810be6,SABONETE PHEBO AMAZONIAN VDE.ESC. 90G,2021-01-11 12:21:01,2021-01,08.189.400/0001-07,UN,1.0,3.62,40.22222222222222,True
38b1e92ec2c82e38,DESOD.AERO.AXE ADRENALINE 152ML90G C.U.P.,2021-01-11 12:21:01,2021-01,08.189.400/0001-07,UN,1.0,10.59,117.66666666666669,True
7a78422c88e0ffc1,DESODORANTE AEROSOL AXE BLACK 150ML96G.,2021-01-11 12:21:01,2021-01,08.189.400/0001-07,UN,1.0,10.59,110.3125,True
689a700e8c992b80,ESPONJA CONDOR ANTIBAC MULTIUSO LV4PG3 REF1539,2021-01-11 12:21:01,2021-01,08.189.400/0001-07,UN,2.0,3.65,3.65,True
51bb98f05d211549,SACO PLIXO STA.MARIA ROLO 200L C25UN,2021-01-11 12:21:01,2021-01,08.189.400/0001-07,UN,1.0,22.66,0.1133,True
77fce221c1a270fb,SACO PLIXO STA.MARIA 100L C5UN,2021-01-11 12:21:01,2021-01,08.189.400/0001-07,UN,1.0,4.6,0.046,True
a84a481638e83fcd,SABONETE PHEBO ODOR ROSAS AMAR. 90G,2021-01-11 12:21:01,2021-01,08.189.400/0001-07,UN,1.0,3.62,40.22222222222222,True
bfd1c95ecd959e1b,SABONETE REXONA 84G BAMBOO FRESH,2021-01-11 12:21:01,2021-01,08.189.400/0001-07,UN,1.0,1.59,18.928571428571427,True
bfb6f76980b32ecd,SABONETE REXONA 84G ANTIBACTERIAL LIMP.PROFUNDA,2021-01-11 12:21:01,2021-01,08.189.400/0001-07,UN,1.0,1.59,18.928571428571427,True
bfd1c95ecd959e1b,SABONETE REXONA 84G BAMBOO FRESH,2021-01-11 12:21:01,2021-01,08.189.400/0001-07,UN,1.0,1.59,18.928571428571427,True
f635ec3159aba1bb,LUVAS STA.MARIA MULTIUSO G,2021-01-11 12:21:01,2021-01,08.189.400/0001-07,UN,1.0,8.25,8.25,True
64130c479b4eee1b,TOALHA MAGICA PANOSUL MICROFIBRAS 35X35CM,2021-01-11 12:21:01,2021-01,08.189.400/0001-07,UN,1.0,8.4,8.4,True
64130c479b4eee1b,TOALHA MAGICA PANOSUL MICROFIBRAS 35X35CM,2021-01-11 12:21:01,2021-01,08.189.400/0001-07,UN,1.0,8.4,8.4,True
138d103e66b41c65,SABONETE REXONA 84G ACQUA FRESH,2021-01-11 12:21:01,2021-01,08.189.400/0001-07,UN,1.0,1.59,18.928571428571427,True
a6abfb35e2c60d65,AMAC.DOWNY CONC.500ML LIRIOS DO CAMPO,2021-01-11 12:21:01,2021-01,08.189.400/0001-07,UN,1.0,9.66,19.32,True
0331b41b0dd963a7,UVA DOCE MEL RESERVA GOURMET 400G THOMPSON,2021-01-11 12:21:01,2021-01,08.189.400/0001-07,UN,1.0,11.98,29.95,True
0116814291fbfd17,BACON DALIA EXTRA LONBO FAT KG,2021-01-11 12:21:01,2021-01,08.189.400/0001-07,UN,0.178,48.98,48.98,True
77fce221c1a270fb,SACO PLIXO STA.MARIA 100L C5UN,2021-01-11 12:21:01,2021-01,08.189.400/0001-07,UN,1.0,4.6,0.046,True
d7ed55be130fd1ca,SAND.IPANEMA CLASSICA MASC BORDOAZUL REF05320 25,2021-01-11 12:21:01,2021-01,08.189.400/0001-07,UN,1.0,9.98,9.98,True
6258a2aa3da72566,KIT SAMARA CORDA PVARAL TORCIDA C2,2021-01-11 12:21:01,2021-01,08.189.400/0001-07,UN,1.0,6.44,6.44,True
ecb94ea4934717c7,SAND.IPANEMA CLASSICA FEM AZULAZULTURQUEZA 24704,2021-01-11 12:21:01,2021-01,08.189.400/0001-07,UN,1.0,10.98,10.98,True
b5c59d1e28ebb8f0,SABONETE REXONA 84G ORCHID FRESH,2021-01-11 12:21:01,2021-01,08.189.400/0001-07,UN,1.0,1.59,18.928571428571427,True
6d81f38a4eee8d03,NAFTALINA IGUAL 40GR,2021-01-11 12:21:01,2021-01,08.189.400/0001-07,UN,1.0,2.15,2.15,True
cad1bfb332ca89e8,CENOURA KG,2021-01-11 12:21:01,2021-01,08.189.400/0001-07,KG,1.295,4.69,4.69,True
cb9e4612967dba28,MORTADELA SADIA 200G DEFUMADA,2021-01-11 12:21:01,2021-01,08.189.400/0001-07,UN,1.0,6.79,33.95,True
0116814291fbfd17,BACON DALIA EXTRA LONBO FAT KG,2021-01-11 12:21:01,2021-01,08.189.400/0001-07,UN,0.214,48.98,48.98,True
f0616747af98fe4b,MORT.PERDIGAO OURO 200G CERVAS FINAS,2021-01-11 12:21:01,2021-01,08.189.400/0001-07,UN,1.0,7.98,39.9,True
59e168ab8f45f8d8,MOLHO INGLES CEPERA 150ML,2021-01-11 12:21:01,2021-01,08.189.400/0001-07,UN,1.0,3.32,22.133333333333333,True
9a84a1aa0c5e9a8a,PIMENTAO VERDE KG,2021-01-11 12:21:01,2021-01,08.189.400/0001-07,KG,0.15,4.98,4.98,True
acb0ef7818aba206,QUEIJO ILPLA COALHO KG,2021-01-11 12:21:01,2021-01,08.189.400/0001-07,UN,0.374,35.88,35.88,True
1ca1a942c1775509,IOG.NESTLE CHAMBINHO 320G MORANGO,2021-01-11 12:21:01,2021-01,08.189.400/0001-07,UN,1.0,6.24,19.5,True
74492162f11c4cba,REFRIGERANTE COCA-COLA 250ML PET,2021-01-11 12:21:01,2021-01,08.189.400/0001-07,UN,2.0,1.75,7.0,True
fc1e3b4498a58d4c,LIMAO TAITI KG,2021-01-11 12:21:01,2021-01,08.189.400/0001-07,KG,0.785,3.59,3.59,True
59e168ab8f45f8d8,MOLHO INGLES CEPERA 150ML,2021-01-11 12:21:01,2021-01,08.189.400/0001-07,UN,2.0,3.32,22.133333333333333,True
2768ff579d3bda08,TAFF MAN-EX 110ML UND,2021-01-11 12:21:01,2021-01,08.189.400/0001-07,UN,2.0,3.1,28.181818181818183,True
6e274310c223526b,TAFF MAN-EX 110ML UND,2021-01-11 12:21:01,2021-01,08.189.400/0001-07,UN,1.0,18.6,169.0909090909091,True
8e35893db249e90c,ALHO A GRANEL KG,2021-01-11 12:21:01,2021-01,08.189.400/0001-07,UN,0.065,25.98,25.98,True
456a78fb7dc07685,WAFER REC NUTELLA B-READY 22G,2021-01-11 12:21:01,2021-01,08.189.400/0001-07,UN,16.0,2.75,125.0,True
6dfe9fbd923ea1a9,SALG.BACONZITOS 55G,2021-01-11 12:21:01,2021-01,08.189.400/0001-07,UN,1.0,5.18,94.18181818181816,True
b3ae3eb2ec76dbf0,SALG.DORITOS 55G QUEIJO NACHO,2021-01-11 12:21:01,2021-01,08.189.400/0001-07,UN,1.0,3.98,72.36363636363636,True
6dfe9fbd923ea1a9,SALG.BACONZITOS 55G,2021-01-11 12:21:01,2021-01,08.189.400/0001-07,UN,1.0,5.18,94.18181818181816,True
92af8efe8cb68c1d,MOLHO DE PIMENTA MARATA 150ML GOTA,2021-01-11 12:21:01,2021-01,08.189.400/0001-07,UN,1.0,1.75,11.666666666666668,True
12e7d4d2b2accb2e,SALG.DORITOS 55G MED.SWEET CHILI,2021-01-11 12:21:01,2021-01,08.189.400/0001-07,UN,1.0,3.98,72.36363636363636,True
0d3fa1499441820a,REQUEIJAO DANONE 200G CR.TRADICIONAL,2021-01-11 12:21:01,2021-01,08.189.400/0001-07,UN,1.0,6.78,33.9,True
b3ad7e82de3ce147,LTE.FERM.YAKULT 480G,2021-01-11 12:21:01,2021-01,08.189.400/0001-07,UN,2.0,9.25,19.270833333333336,True
dc9fc8d9f88d039c,CERVEJA HEINEKEN 5L BARRIL,2021-01-11 12:21:01,2021-01,08.189.400/0001-07,UN,1.0,88.8,17.759999999999998,True
10daa33c3478e152,CERVEJA CORONA 330ML EXTRA LONG NECK,2021-01-11 12:21:01,2021-01,08.189.400/0001-07,UN,1.0,5.49,16.636363636363637,True
59790b65a614a7cd,PIZZA GRANDE,2021-01-10 20:56:37,2021-01,26.827.746/0001-67,und,1.0,64.4,64.4,True
4c0ea1a5eeb44272,TAXA ENTREGA,2021-01-10 20:56:37,2021-01,26.827.746/0001-67,und,1.0,10.0,10.0,True
7614014816e2bd6a,MOUSSE DE CHOCOLATE,2021-01-04 14:10:04,2021-01,21.346.387/0001-02,und,2.0,8.0,8.0,True
b24aacc57e640cbc,BROWNIE,2021-01-04 14:10:04,2021-01,21.346.387/0001-02,und,2.0,9.5,9.5,True
6b3c02a1ec43df6b,REFRIGERANTE LATA,2021-01-04 14:10:04,2021-01,21.346.387/0001-02,und,1.0,5.0,5.0,True
f4afbb1eb2d3daac,MEATBALLS,2021-01-04 14:10:04,2021-01,21.346.387/0001-02,und,1.0,23.99,23.99,True
982d9beaf265d038,ADEGUITO,2021-01-04 14:10:04,2021-01,21.346.387/0001-02,und,1.0,23.99,23.99,True
0021abc7e70e9c95,PARMIGIANINO,2021-01-07 15:08:07,2021-01,21.346.387/0001-02,und,1.0,23.99,23.99,True
7614014816e2bd6a,MOUSSE DE CHOCOLATE,2021-01-07 15:08:07,2021-01,21.346.387/0001-02,und,3.0,8.0,8.0,True
b24aacc57e640cbc,BROWNIE,2021-01-07 15:08:07,2021-01,21.346.387/0001-02,und,3.0,9.5,9.5,True
efac5111fd92bb28,REFRIGERANTE 1 LITRO,2021-01-07 15:08:07,2021-01,21.346.387/0001-02,und,1.0,7.5,7.5,True
982d9beaf265d038,ADEGUITO,2021-01-07 15:08:07,2021-01,21.346.387/0001-02,und,1.0,23.99,23.99,True
4b183295198d04f5,PEIXE CRISPY,2021-01-02 13:31:45,2021-01,21.346.387/0001-02,und,1.0,28.99,28.99,True
7614014816e2bd6a,MOUSSE DE CHOCOLATE,2021-01-02 13:31:45,2021-01,21.346.387/0001-02,und,3.0,8.0,8.0,True
b24aacc57e640cbc,BROWNIE,2021-01-02 13:31:45,2021-01,21.346.387/0001-02,und,2.0,9.5,9.5,True
efac5111fd92bb28,REFRIGERANTE 1 LITRO,2021-01-02 13:31:45,2021-01,21.346.387/0001-02,und,1.0,7.5,7.5,True
7614014816e2bd6a,MOUSSE DE CHOCOLATE,2021-01-01 15:17:04,2021-01,21.346.387/0001-02,und,1.0,8.0,8.0,True
b24aacc57e640cbc,BROWNIE,2021-01-01 15:17:04,2021-01,21.346.387/0001-02,und,1.0,9.5,9.5,True
efac5111fd92bb28,REFRIGERANTE 1 LITRO,2021-01-01 15:17:04,2021-01,21.346.387/0001-02,und,1.0,7.5,7.5,True
982d9beaf265d038,ADEGUITO,2021-01-01 15:17:04,2021-01,21.346.387/0001-02,und,1.0,23.99,23.99,True
ea9e0d0fb7353c3c,TAXA DE ENTREGA,2021-01-01 15:17:04,2021-01,21.346.387/0001-02,und,1.0,9.8,9.8,True
7614014816e2bd6a,MOUSSE DE CHOCOLATE,2020-12-24 14:35:13,2020-12,21.346.387/0001-02,und,2.0,8.0,8.0,True
b24aacc57e640cbc,BROWNIE,2020-12-24 14:35:13,2020-12,21.346.387/0001-02,und,1.0,9.5,9.5,True
efac5111fd92bb28,REFRIGERANTE 1 LITRO,2020-12-24 14:35:13,2020-12,21.346.387/0001-02,und,1.0,7.5,7.5,True
f4afbb1eb2d3daac,MEATBALLS,2020-12-24 14:35:13,2020-12,21.346.387/0001-02,und,1.0,31.99,31.99,True
7614014816e2bd6a,MOUSSE DE CHOCOLATE,2020-12-23 14:27:43,2020-12,21.346.387/0001-02,und,2.0,8.0,8.0,True
b24aacc57e640cbc,BROWNIE,2020-12-23 14:27:43,2020-12,21.346.387/0001-02,und,2.0,9.5,9.5,True
0e3b2259f30de8f4,BOLINHO DE BACALHAU C/ 6,2020-12-23 14:27:43,2020-12,21.346.387/0001-02,und,1.0,24.0,24.0,True
982d9beaf265d038,ADEGUITO,2020-12-23 14:27:43,2020-12,21.346.387/0001-02,und,1.0,23.99,23.99,True
33a87d4b1b10bf7d,AL DENTE FUNGHI,2020-12-20 21:27:05,2020-12,35.270.097/0001-37,und,1.0,48.0,48.0,True
689bc26359c0517b,RAGU DE OSSOBUCO,2020-12-20 21:27:05,2020-12,35.270.097/0001-37,und,1.0,42.0,42.0,True
3bade1121be2da15,COCA COLA 1LT,2020-12-20 21:27:05,2020-12,35.270.097/0001-37,und,1.0,10.0,10.0,True
883d9a2d5023cadb,ADICIONAL,2020-12-20 21:27:05,2020-12,35.270.097/0001-37,und,1.0,14.0,14.0,True
0021abc7e70e9c95,PARMIGIANINO,2020-12-17 13:59:59,2020-12,21.346.387/0001-02,und,1.0,23.99,23.99,True
efac5111fd92bb28,REFRIGERANTE 1 LITRO,2020-12-17 13:59:59,2020-12,21.346.387/0001-02,und,1.0,7.5,7.5,True
dd1978c0d976bd3d,PEIXE A FIORI,2020-12-17 13:59:59,2020-12,21.346.387/0001-02,und,1.0,31.99,31.99,True
82e17f499ad3735e,NHOQUE MOLHO DE TOMATE,2020-12-13 21:44:08,2020-12,35.270.097/0001-37,und,1.0,41.0,41.0,True
689bc26359c0517b,RAGU DE OSSOBUCO,2020-12-13 21:44:08,2020-12,35.270.097/0001-37,und,1.0,42.0,42.0,True
883d9a2d5023cadb,ADICIONAL,2020-12-13 21:44:08,2020-12,35.270.097/0001-37,und,1.0,14.0,14.0,True
7614014816e2bd6a,MOUSSE DE CHOCOLATE,2020-12-09 14:15:47,2020-12,21.346.387/0001-02,und,3.0,8.0,8.0,True
b24aacc57e640cbc,BROWNIE,2020-12-09 14:15:47,2020-12,21.346.387/0001-02,und,1.0,9.5,9.5,True
efac5111fd92bb28,REFRIGERANTE 1 LITRO,2020-12-09 14:15:47,2020-12,21.346.387/0001-02,und,1.0,7.5,7.5,True
982d9beaf265d038,ADEGUITO,2020-12-09 14:15:47,2020-12,21.346.387/0001-02,und,1.0,23.99,23.99,True
7614014816e2bd6a,MOUSSE DE CHOCOLATE,2020-12-06 16:08:43,2020-12,21.346.387/0001-02,und,3.0,8.0,8.0,True
18876366e33101a0,PEIXE A BELLE MEUNIERE,2020-12-06 16:08:43,2020-12,21.346.387/0001-02,und,1.0,42.0,42.0,True
ea1b873a54e38e09,CAMARAO AO PESTO,2020-12-06 16:08:43,2020-12,21.346.387/0001-02,und,1.0,54.0,54.0,True
7614014816e2bd6a,MOUSSE DE CHOCOLATE,2020-12-04 13:59:41,2020-12,21.346.387/0001-02,und,1.0,8.0,8.0,True
b24aacc57e640cbc,BROWNIE,2020-12-04 13:59:41,2020-12,21.346.387/0001-02,und,1.0,9.5,9.5,True
6b3c02a1ec43df6b,REFRIGERANTE LATA,2020-12-04 13:59:41,2020-12,21.346.387/0001-02,und,1.0,5.0,5.0,True
982d9beaf265d038,ADEGUITO,2020-12-04 13:59:41,2020-12,21.346.387/0001-02,und,1.0,29.99,29.99,True
ea9e0d0fb7353c3c,TAXA DE ENTREGA,2020-12-04 13:59:41,2020-12,21.346.387/0001-02,und,1.0,9.8,9.8,True
7614014816e2bd6a,MOUSSE DE CHOCOLATE,2020-12-02 13:58:20,2020-12,21.346.387/0001-02,und,1.0,8.0,8.0,True
b24aacc57e640cbc,BROWNIE,2020-12-02 13:58:20,2020-12,21.346.387/0001-02,und,1.0,9.5,9.5,True
6b3c02a1ec43df6b,REFRIGERANTE LATA,2020-12-02 13:58:20,2020-12,21.346.387/0001-02,und,1.0,5.0,5.0,True
982d9beaf265d038,ADEGUITO,2020-12-02 13:58:20,2020-12,21.346.387/0001-02,und,1.0,29.99,29.99,True
ea9e0d0fb7353c3c,TAXA DE ENTREGA,2020-12-02 13:58:20,2020-12,21.346.387/0001-02,und,1.0,9.8,9.8,True
b24aacc57e640cbc,BROWNIE,2020-12-01 15:36:09,2020-12,21.346.387/0001-02,und,2.0,9.5,9.5,True
